"proceso","recuento o rango recuperado","criterio y autor","estado","límite principal","filas"
"endosimbiosis primaria con orgánulo y EGT funcional","3","síntesis del corpus, no recuento publicado por un autor: mitocondria, plasto de Archaeplastida y cromatóforo de Paulinella bajo el criterio estricto declarado","NO APLICA como recuento según la literatura","nitroplasto y diazoplasto no satisfacen aquí EGT funcional demostrada; la fila no se presenta como respuesta al recuento autoral exigido","C-1649–C-1651"
"origen de mitocondrias","media 1; mediana 1 por árbol","árboles de copia única y múltiple; Bremer et al.","—","el resultado fue estable a la clase de árbol","C-1652"
"hidrogenosomas","al menos 3","recuento histórico de Lithgow y Schneider","mínimo histórico","mínimo de 2010 dependiente de la filogenia y de categorías organelares","C-1654"
"mitosomas","al menos 4","recuento histórico de Lithgow y Schneider","mínimo histórico","no se localizó un recuento global actualizado y metodológicamente uniforme","C-1654–C-1656"
"pérdida completa de orgánulo frente a pérdida de mtDNA","NO LOCALIZADO EN ESTA SESIÓN","sin autor de recuento global; *Monocercomonoides* y *Henneguya* solo ilustran pérdida de orgánulo frente a pérdida de mtDNA","no se localizó un recuento global actualizado y metodológicamente uniforme","la pérdida completa del orgánulo no debe confundirse con la pérdida exclusiva de mtDNA","C-1655–C-1656; BN-110"
"orígenes de fagocitosis","media/mediana 5.1/5 o 7.1/7","árboles de copia única o múltiple; Bremer et al.","no es consenso","otras reconstrucciones asignan repertorios endocíticos o fagosomales a LECA","C-1657–C-1658"
"transiciones hacia especialización osmotrófica / pérdidas de fagocitosis","4 transiciones en Fungi, Teretosporea, Pseudofungi y Labyrinthulea; total pan-eucariota no localizado","filogenómica y reloj molecular de Ocaña-Pallarès et al.","resultado restringido y hueco residual","cuatro grupos no constituyen inventario uniforme de todas las pérdidas","C-1659; C-1667; S509; BN-112"
"multicelularidad eucariota amplia","rango histórico al menos 20–45 linajes independientes","extremo inferior: revisiones previas resumidas por Lamża; extremo superior: Lamża (2023), con seis tipos y criterios funcionales explícitos","disputado y dependiente de circunscripción","ambos extremos se atribuyen a S458, pero el inferior es una síntesis histórica de revisiones previas, no un segundo recuento nominal independiente; no equivale a partición clonal/cenocítica/agregativa","C-1660–C-1662; S458 resumen, métodos y tablas 1–2"
"multicelularidad agregativa","al menos 7","delimitación de Parfrey y Lahr","mínimo de revisión","depende de qué colectivos se incluyen","C-1663"
"multicelularidad clonal","NO HAY RECUENTO PUBLICADO GLOBAL LOCALIZADO","sin autor y criterio global localizados; el rango amplio 20–45 no separa esta vía","HUECO DECLARADO","no se resta la vía agregativa del total ni se deriva un recuento por diferencia","C-1660–C-1663; BN-112"
"multicelularidad cenocítica","NO HAY RECUENTO PUBLICADO GLOBAL LOCALIZADO","sin autor y criterio global localizados; los casos del corredor no forman un censo pan-eucariota","HUECO DECLARADO","no se cuentan ejemplos del corpus como orígenes independientes sin filogenia y criterio publicados","C-878–C-883; C-940–C-945; BN-112"
"parasitismo y simbiosis obligada","≥223 orígenes de parasitismo en 15 filos animales; ≥16 orígenes de simbiosis obligada en 89 familias de insectos","Weinstein y Kuris: definición operacional y filogenias animales; Cornwallis et al.: reconstrucción en familias de insectos","sin frecuencia pan-eucariota localizada","parasitismo animal no equivale a intracelular; ningún recuento tiene denominador pan-eucariota","C-1664–C-1665; S517 resumen; S513 resultados; BN-113"
