"estudio","matriz","muestreo taxonómico","análisis","modelo","resultado publicado","soporte cuantitativo tal cual","límite o campo no publicado/localizado","filas y fuentes"
"Woese et al. 1990","HUECO DE TRAZABILIDAD: la consulta literal exacta del valor anterior no produjo coincidencias en los artefactos de fuentes/; no se adjudica un valor para este campo [BN-415]","HUECO DE TRAZABILIDAD: la consulta literal exacta del valor anterior no produjo coincidencias en los artefactos de fuentes/; no se adjudica un valor para este campo [BN-416]","clasificación filogenética representada en la figura 1","HUECO DE TRAZABILIDAD: la consulta literal exacta del valor anterior no produjo coincidencias en los artefactos de fuentes/; no se adjudica un valor para este campo [BN-417]","tres dominios primarios; Eukaryota hermano de Archaea","no hay valor publicado localizado para una estadística de soporte [BN-115]","HUECO DE TRAZABILIDAD: la consulta literal exacta del valor anterior no produjo coincidencias en los artefactos de fuentes/; no se adjudica un valor para este campo [BN-418]","C-017–C-018; S06 fig. 1; BN-115"
"Lake et al. 1984","cuatro patrones ultraestructurales ribosómicos","HUECO DE TRAZABILIDAD: la consulta literal exacta del valor anterior no produjo coincidencias en los artefactos de fuentes/; no se adjudica un valor para este campo [BN-419]","comparación ultraestructural ribosómica","HUECO DE TRAZABILIDAD: la consulta literal exacta del valor anterior no produjo coincidencias en los artefactos de fuentes/; no se adjudica un valor para este campo [BN-420]","relación estrecha entre los eocitos examinados y eucariotas","HUECO DE TRAZABILIDAD: la consulta literal exacta del valor anterior no produjo coincidencias en los artefactos de fuentes/; no se adjudica un valor para este campo [BN-421]","HUECO DE TRAZABILIDAD: la consulta literal exacta del valor anterior no produjo coincidencias en los artefactos de fuentes/; no se adjudica un valor para este campo [BN-422]","C-019–C-021; S07 figs. 1–4; BN-115"
"Cox et al. 2008","rRNA combinado: 1.048 caracteres","40 taxones","inferencia filogenética con comparación de homogeneidad composicional","GTR homogéneo y NDCH con dos vectores de composición","GTR produjo tres dominios; NDCH produjo eocitos","no consta una estadística única común a ambas topologías [BN-115]","El resultado cambia con el modelo sin cambiar la matriz de rRNA.","C-022–C-027; S08 Methods y resultados; BN-115"
"Da Cunha et al. 2017","36 proteínas universales: 11 Woese/3.499 posiciones y 25 eocyte/4.869 posiciones","HUECO DE TRAZABILIDAD: la consulta literal exacta del valor anterior no produjo coincidencias en los artefactos de fuentes/; no se adjudica un valor para este campo [BN-423]","partición de proteínas y retirada de secuencias rápidas","HUECO DE TRAZABILIDAD: la consulta literal exacta del valor anterior no produjo coincidencias en los artefactos de fuentes/; no se adjudica un valor para este campo [BN-424]","monofilia arqueana en las 11 proteínas después de la retirada","bootstrap 100 %; SecY 84 %; EF2 100 %; mayoría de árboles individuales por debajo de 70 % para Eukaryota–Lokiarchaeota","El apoyo no fue uniforme entre genes y retirar EF2 alteró la relación.","C-037–C-041; S11 resultados; BN-115"
"Spang et al. 2018","48 genes universales; 55 proteínas ribosómicas; 16S+23S rRNA, todos sin EF2","HUECO DE TRAZABILIDAD: la consulta literal exacta del valor anterior no produjo coincidencias en los artefactos de fuentes/; no se adjudica un valor para este campo [BN-425]","HUECO DE TRAZABILIDAD: la consulta literal exacta del valor anterior no produjo coincidencias en los artefactos de fuentes/; no se adjudica un valor para este campo [BN-426]","HUECO DE TRAZABILIDAD: la consulta literal exacta del valor anterior no produjo coincidencias en los artefactos de fuentes/; no se adjudica un valor para este campo [BN-427]","Asgard como parientes procariotas más próximos de Eukaryota","ramas de 2,1 frente a 1,3 sustituciones medias por sitio en conjuntos de 6 y 11 proteínas; los tres análisis sin EF2 tienen apoyo fuerte sin estadística numérica común","La longitud de rama no se convierte en bootstrap ni probabilidad posterior.","C-042; C-1958–C-1959; S12 §§indicadas; BN-115"
"Williams et al. 2020","35 genes","HUECO DE TRAZABILIDAD: la consulta literal exacta del valor anterior no produjo coincidencias en los artefactos de fuentes/; no se adjudica un valor para este campo [BN-428]","comparación de log-verosimilitud","LG+G4+F","dos dominios tuvo mejor log-verosimilitud que tres dominios","−684701.2 frente a −684716.1","Los valores se transcriben sin conversión editorial.","C-028–C-029; S09 resultados; BN-115"
"Williams et al. 2020","35 genes","HUECO DE TRAZABILIDAD: la consulta literal exacta del valor anterior no produjo coincidencias en los artefactos de fuentes/; no se adjudica un valor para este campo [BN-429]","prueba AU","LG+G4+F","dos dominios frente a tres dominios","AU = 0.771 frente a 0.229","Valores publicados de una prueba de topología.","C-030; S09 resultados; BN-115"
"Williams et al. 2020","35 genes","HUECO DE TRAZABILIDAD: la consulta literal exacta del valor anterior no produjo coincidencias en los artefactos de fuentes/; no se adjudica un valor para este campo [BN-430]","prueba AU","LG+C60+G4+F","rechazo de tres dominios","AU = 0.036","La conclusión queda condicionada al modelo indicado.","C-031; S09 resultados; BN-115"
"Williams et al. 2020","35 genes","HUECO DE TRAZABILIDAD: la consulta literal exacta del valor anterior no produjo coincidencias en los artefactos de fuentes/; no se adjudica un valor para este campo [BN-431]","inferencia bayesiana","CAT+GTR+G4","dos dominios","apoyo posterior máximo","No consta un valor numérico adicional en la afirmación recuperada [BN-115].","C-032; S09 resultados; BN-115"
"Williams et al. 2020","35 genes con recodificación SR4","HUECO DE TRAZABILIDAD: la consulta literal exacta del valor anterior no produjo coincidencias en los artefactos de fuentes/; no se adjudica un valor para este campo [BN-432]","HUECO DE TRAZABILIDAD: la consulta literal exacta del valor anterior no produjo coincidencias en los artefactos de fuentes/; no se adjudica un valor para este campo [BN-433]","CAT con recodificación SR4","dos dominios","PP = 0.98","HUECO DE TRAZABILIDAD: la consulta literal exacta del valor anterior no produjo coincidencias en los artefactos de fuentes/; no se adjudica un valor para este campo [BN-434]","C-033; S09 resultados; BN-115"
"Williams et al. 2020","21 proteínas universales y 43 proteínas arqueano-eucariotas","125 genomas","análisis de matrices ampliadas","HUECO DE TRAZABILIDAD: la consulta literal exacta del valor anterior no produjo coincidencias en los artefactos de fuentes/; no se adjudica un valor para este campo [BN-435]","Eukaryota dentro de Asgard","apoyo máximo para la asociación con Heimdallarchaeia; LC3 PP = 0.95","La división asgard concreta fue modificada por estudios posteriores.","C-034–C-036; S09 resultados; BN-115"
