"estudio o matriz","taxón o sistema","ambos tipos Cls","sintenia RP","sin INDEL","SPT y KynU","≥3 rasgos anaerobios","top hits MPPbeta","sintenia M16B–ISP","metabolismo o patrón taxonómico publicado","ecología o hábitat por taxón","posición o alcance","filas y fuentes"
"Martijn et al. 2018","doce clados alfa divergentes y un linaje hermano","n/a","n/a","n/a","n/a","n/a","n/a","n/a","n/a","HUECO DE TRAZABILIDAD: la consulta literal exacta del valor anterior no produjo coincidencias en los artefactos de fuentes/; no se adjudica un valor para este campo [BN-147]","mitocondrias hermanas de alfa muestreadas; no identifica familia viviente","C-150–C-151; S46 Methods y fig. 1; BN-114"
"Fan et al. 2020","Alpha IIb","n/a","n/a","n/a","n/a","n/a","n/a","n/a","n/a","HUECO DE TRAZABILIDAD: la consulta literal exacta del valor anterior no produjo coincidencias en los artefactos de fuentes/; no se adjudica un valor para este campo [BN-148]","mitocondrias dentro de Alpha IIb","C-152–C-153; S47 Methods y figs. 1–4; BN-114"
"Muñoz-Gómez et al. 2022","108 proteínas","n/a","n/a","n/a","n/a","n/a","n/a","n/a","n/a","HUECO DE TRAZABILIDAD: la consulta literal exacta del valor anterior no produjo coincidencias en los artefactos de fuentes/; no se adjudica un valor para este campo [BN-149]","posición hermana bajo MAM60+GFmix","C-154–C-156; S48 Methods y fig. 2; BN-114"
"S49 tabla 2","Tistrella","no consta en la tabla","sí","sí","no consta en la tabla","no consta en la tabla","no consta en la tabla","no consta en la tabla","seleccionada por puntuación aerobia acumulada >20","no consta en la tabla 2 [C-1969; BN-114]","criterio discriminatorio de cercanía a protomitocondrias","C-1967; S49 tabla 2"
"S49 tabla 2","Elioraea rosea","sí","sí","no consta en la tabla","no consta en la tabla","no consta en la tabla","no consta en la tabla","no consta en la tabla","seleccionada por puntuación aerobia acumulada >20","no consta en la tabla 2 [C-1969; BN-114]","criterio discriminatorio de cercanía a protomitocondrias","C-1967; S49 tabla 2"
"S49 tabla 2","Nitrospirillum amazonense","no consta en la tabla","no consta en la tabla","no consta en la tabla","sí","sí","no consta en la tabla","no consta en la tabla","seleccionada por puntuación aerobia acumulada >20","no consta en la tabla 2 [C-1969; BN-114]","criterio discriminatorio de cercanía a protomitocondrias","C-1967; S49 tabla 2"
"S49 tabla 2","Caenispirillum","sí","sí","no consta en la tabla","no consta en la tabla","sí","no consta en la tabla","no consta en la tabla","seleccionada por puntuación aerobia acumulada >20","no consta en la tabla 2 [C-1969; BN-114]","criterio discriminatorio de cercanía a protomitocondrias","C-1967; S49 tabla 2"
"S49 tabla 2","Rhodospirillaceae SP28","sí","no consta en la tabla","sí","no consta en la tabla","no consta en la tabla","sí","no consta en la tabla","seleccionada por puntuación aerobia acumulada >20","no consta en la tabla 2 [C-1969; BN-114]","criterio discriminatorio de cercanía a protomitocondrias","C-1967; S49 tabla 2"
"S49 tabla 2","80m_m2_115 new clade","no consta en la tabla","sí","no consta en la tabla","no consta en la tabla","sí","no consta en la tabla","no consta en la tabla","seleccionada por puntuación aerobia acumulada >20","no consta en la tabla 2 [C-1969; BN-114]","HUECO DE TRAZABILIDAD: la consulta literal exacta del valor anterior no produjo coincidencias en los artefactos de fuentes/; no se adjudica un valor para este campo [BN-150]","C-1967; S49 tabla 2"
"S49 tabla 2","Oceanibacterium","no consta en la tabla","no consta en la tabla","sí","sí","no consta en la tabla","sí","no consta en la tabla","seleccionada por puntuación aerobia acumulada >20","no consta en la tabla 2 [C-1969; BN-114]","criterio discriminatorio de cercanía a protomitocondrias","C-1967; S49 tabla 2"
"S49 tabla 2","oxycline co234_bin8","no consta en la tabla","sí","sí","no consta en la tabla","sí","sí","no consta en la tabla","seleccionada por puntuación aerobia acumulada >20","no consta en la tabla 2 [C-1969; BN-114]","HUECO DE TRAZABILIDAD: la consulta literal exacta del valor anterior no produjo coincidencias en los artefactos de fuentes/; no se adjudica un valor para este campo [BN-151]","C-1967; S49 tabla 2"
"S49 tabla 2","Alpha J067","sí","no consta en la tabla","no consta en la tabla","no consta en la tabla","sí","no consta en la tabla","no consta en la tabla","seleccionada por puntuación aerobia acumulada >20","no consta en la tabla 2 [C-1969; BN-114]","linaje metagenómico; criterio discriminatorio","C-1967; S49 tabla 2"
"S49 tabla 2","Rhodothalassiaceae bacterium KatS3mg119","sí","sí","sí","sí","no consta en la tabla","no consta en la tabla","sí","seleccionada por puntuación aerobia acumulada >20","no consta en la tabla 2 [C-1969; BN-114]","MAG; Iodidimonadales de divergencia temprana","C-1967; S49 tabla 2 y leyenda"
"S49 tabla 2","Alpha J134","sí","no consta en la tabla","sí","no consta en la tabla","no consta en la tabla","sí","sí","seleccionada por puntuación aerobia acumulada >20","no consta en la tabla 2 [C-1969; BN-114]","HUECO DE TRAZABILIDAD: la consulta literal exacta del valor anterior no produjo coincidencias en los artefactos de fuentes/; no se adjudica un valor para este campo [BN-152]","C-1967; S49 tabla 2; fig. S6"
"S49 tabla 2","Iodidimonas muriae","sí","sí","sí","sí","sí","no consta en la tabla","sí","seleccionada por puntuación aerobia acumulada >20","brine de instalación de recuperación de gas natural y yodo, según referencia taxonómica citada por S49","mejor candidato funcional de S49; no demuestra grupo hermano","C-157–C-158; C-1967; S49 tabla 2 y discusión"
"S49 tabla 2","Kordiimonas pumila","no consta en la tabla","sí","no consta en la tabla","sí","sí","no consta en la tabla","no consta en la tabla","seleccionada por puntuación aerobia acumulada >20","no consta en la tabla 2 [C-1969; BN-114]","criterio discriminatorio de cercanía a protomitocondrias","C-1967; S49 tabla 2"
"S49 tabla 2","Odyssella sp.","sí","no consta en la tabla","no consta en la tabla","sí","sí","no consta en la tabla","no consta en la tabla","seleccionada por puntuación aerobia acumulada >20","no consta en la tabla 2 [C-1969; BN-114]","criterio discriminatorio de cercanía a protomitocondrias","C-1967; S49 tabla 2"
"S49 tabla 2","Camelimonas","sí","sí","sí","no consta en la tabla","no consta en la tabla","no consta en la tabla","no consta en la tabla","seleccionada por puntuación aerobia acumulada >20","no consta en la tabla 2 [C-1969; BN-114]","criterio discriminatorio de cercanía a protomitocondrias","C-1967; S49 tabla 2"
"S49 tabla 2","Tepidicaulis marinus","sí","sí","no consta en la tabla","no consta en la tabla","no consta en la tabla","no consta en la tabla","no consta en la tabla","seleccionada por puntuación aerobia acumulada >20","no consta en la tabla 2 [C-1969; BN-114]","criterio discriminatorio de cercanía a protomitocondrias","C-1967; S49 tabla 2"
"S49 tabla 2","Hansschlegelia quercus","sí","sí","no consta en la tabla","no consta en la tabla","no consta en la tabla","no consta en la tabla","no consta en la tabla","seleccionada por puntuación aerobia acumulada >20","no consta en la tabla 2 [C-1969; BN-114]","criterio discriminatorio de cercanía a protomitocondrias","C-1967; S49 tabla 2"
"S49 tabla 2","Microvirga arabica","sí","no consta en la tabla","sí","no consta en la tabla","no consta en la tabla","no consta en la tabla","no consta en la tabla","seleccionada por puntuación aerobia acumulada >20","no consta en la tabla 2 [C-1969; BN-114]","criterio discriminatorio de cercanía a protomitocondrias","C-1967; S49 tabla 2"
"S49 tabla 2","Methylocella","sí","no consta en la tabla","sí","no consta en la tabla","no consta en la tabla","no consta en la tabla","no consta en la tabla","seleccionada por puntuación aerobia acumulada >20","no consta en la tabla 2 [C-1969; BN-114]","criterio discriminatorio de cercanía a protomitocondrias","C-1967; S49 tabla 2"
"S49 tabla 2","Aestuariivirga litoralis","sí","no consta en la tabla","no consta en la tabla","sí","no consta en la tabla","no consta en la tabla","no consta en la tabla","seleccionada por puntuación aerobia acumulada >20","no consta en la tabla 2 [C-1969; BN-114]","criterio discriminatorio de cercanía a protomitocondrias","C-1967; S49 tabla 2"
"S49 tabla 3","complejo I y ciclo TCA","n/a","n/a","n/a","n/a","n/a","n/a","n/a","≥16 rasgos; presente básicamente en todas las alfa; Iodidimonas: sí","no consta por taxón en la tabla 3","HUECO DE TRAZABILIDAD: la consulta literal exacta del valor anterior no produjo coincidencias en los artefactos de fuentes/; no se adjudica un valor para este campo [BN-153]","C-1968; S49 tabla 3"
"S49 tabla 3","complejo II y ciclo TCA","n/a","n/a","n/a","n/a","n/a","n/a","n/a","5 rasgos; presente básicamente en todas las alfa; Iodidimonas: sí","no consta por taxón en la tabla 3","HUECO DE TRAZABILIDAD: la consulta literal exacta del valor anterior no produjo coincidencias en los artefactos de fuentes/; no se adjudica un valor para este campo [BN-154]","C-1968; S49 tabla 3"
"S49 tabla 3","F0F1 ATP sintasa","n/a","n/a","n/a","n/a","n/a","n/a","n/a","≥12 rasgos; presente en todas las alfa; Iodidimonas: sí","no consta por taxón en la tabla 3","HUECO DE TRAZABILIDAD: la consulta literal exacta del valor anterior no produjo coincidencias en los artefactos de fuentes/; no se adjudica un valor para este campo [BN-155]","C-1968; S49 tabla 3"
"S49 tabla 3","ETF-Q deshidrogenasa","n/a","n/a","n/a","n/a","n/a","n/a","n/a","1 rasgo; presente básicamente en todas las alfa; Iodidimonas: sí","no consta por taxón en la tabla 3","HUECO DE TRAZABILIDAD: la consulta literal exacta del valor anterior no produjo coincidencias en los artefactos de fuentes/; no se adjudica un valor para este campo [BN-156]","C-1968; S49 tabla 3"
"S49 tabla 3","sulfito oxidasa","n/a","n/a","n/a","n/a","n/a","n/a","n/a","1 rasgo; ampliamente distribuido en alfa; Iodidimonas: sí","no consta por taxón en la tabla 3","HUECO DE TRAZABILIDAD: la consulta literal exacta del valor anterior no produjo coincidencias en los artefactos de fuentes/; no se adjudica un valor para este campo [BN-157]","C-1968; S49 tabla 3"
"S49 tabla 3","[Fe-Fe] hidrogenasa y factores de ensamblaje","n/a","n/a","n/a","n/a","n/a","n/a","n/a","4 rasgos; distribución muy limitada en alfa; Iodidimonas: no","no consta por taxón en la tabla 3","HUECO DE TRAZABILIDAD: la consulta literal exacta del valor anterior no produjo coincidencias en los artefactos de fuentes/; no se adjudica un valor para este campo [BN-158]","C-1968; S49 tabla 3"
"S49 tabla 3","NirBD para asimilación de nitrato","n/a","n/a","n/a","n/a","n/a","n/a","n/a","2 rasgos; patrón eucariota polifilético con bacterias; Iodidimonas: no","no consta por taxón en la tabla 3","vía no localizada en mitocondrias","C-1968; S49 tabla 3"
"S49 tabla 3","Mic60","n/a","n/a","n/a","n/a","n/a","n/a","n/a","1 rasgo; baja conservación bacteriana; Iodidimonas: sí","no consta por taxón en la tabla 3","funciones bacteriana y mitocondrial pueden diferir","C-1968; S49 tabla 3"
"S49 tabla 3","Ftsy y Fhp","n/a","n/a","n/a","n/a","n/a","n/a","n/a","2 rasgos; distribución eucariota limitada; Iodidimonas: sí","no consta por taxón en la tabla 3","HUECO DE TRAZABILIDAD: la consulta literal exacta del valor anterior no produjo coincidencias en los artefactos de fuentes/; no se adjudica un valor para este campo [BN-159]","C-1968; S49 tabla 3"
"S49 tabla 3","biosíntesis aerobia de ubiquinona","n/a","n/a","n/a","n/a","n/a","n/a","n/a","≥8 rasgos; todas las alfa sin vida parasitaria; Iodidimonas: sí","modo de vida parasitario es el único calificador ecológico general; no hay ficha por taxón","HUECO DE TRAZABILIDAD: la consulta literal exacta del valor anterior no produjo coincidencias en los artefactos de fuentes/; no se adjudica un valor para este campo [BN-160]","C-1968; S49 tabla 3"
"S49 tabla 3","biosíntesis de esteroles","n/a","n/a","n/a","n/a","n/a","n/a","n/a","≥4 rasgos; escasa en alfa; Iodidimonas: parcialmente","no consta por taxón en la tabla 3","vía no localizada en mitocondrias","C-1968; S49 tabla 3"
"S49 tabla 3","biosíntesis de PC, PI y PS","n/a","n/a","n/a","n/a","n/a","n/a","n/a","≥4 rasgos; distribución dispersa en alfa; Iodidimonas: parcialmente","no consta por taxón en la tabla 3","vías no localizadas en mitocondrias","C-1968; S49 tabla 3"
"S49 tabla 3","CTP sintasa","n/a","n/a","n/a","n/a","n/a","n/a","n/a","1 rasgo; presente en la mayoría de alfa; Iodidimonas: sí","no consta por taxón en la tabla 3","HUECO DE TRAZABILIDAD: la consulta literal exacta del valor anterior no produjo coincidencias en los artefactos de fuentes/; no se adjudica un valor para este campo [BN-161]","C-1968; S49 tabla 3"
"S49 tabla 3","proteínas respiratorias codificadas en núcleo","n/a","n/a","n/a","n/a","n/a","n/a","n/a","4 rasgos; similitud por BLAST; Iodidimonas: sí","no consta por taxón en la tabla 3","HUECO DE TRAZABILIDAD: la consulta literal exacta del valor anterior no produjo coincidencias en los artefactos de fuentes/; no se adjudica un valor para este campo [BN-162]","C-1968; S49 tabla 3"
