"término","qué agrupa o agrupaba","quién lo introdujo y cuándo","diagnóstico del problema","evidencia que lo desmontó o limita","reemplazo actual","uso legítimo exacto y estado de fuente","filas"
"protista / Protista","circunscripciones históricas distintas de microorganismos, a veces con bacterias; en el uso excluyente, eucariotas no animales, plantas ni hongos","Haeckel, reino Protista, 1866","parafilético bajo el uso excluyente o informal fuera de un sistema citado","clasificaciones y árboles eucariotas muestran que no es un clado único","clados específicos","rótulo histórico de un reino especificado o rótulo ecológico/organizativo no cladístico; fuente citable","C-1777–C-1782"
"protozoo","categoría histórica zoológica de organismos microscópicos; no equivale a todos los eucariotas unicelulares","Goldfuss: aparición impresa en 1817 y sistematización como clase en 1818","parafilético en la circunscripción evaluada y funcional fuera de ella","levaduras quedan en Fungi y algas verdes en Plantae en el contraste publicado","clado específico de cada organismo","historia, medicina, parasitología o ecología con categoría funcional definida; fuente citable","C-1783–C-1787"
"alga","productores fotosintéticos distribuidos entre múltiples reinos, filos y clases, incluidas cianobacterias en usos tradicionales","HUECO DE TRAZABILIDAD: la consulta literal exacta del valor anterior no produjo coincidencias en los artefactos de fuentes/; no se adjudica un valor para este campo [BN-537]","polifilético o funcional; no designa un clado único","AlgaeBase distribuye las algas en cuatro reinos, catorce filos y sesenta y tres clases; cianobacterias pertenecen a Bacteria","clado taxonómico concreto o productor fotosintético con circunscripción","ecología, ficología y descripción funcional si se declara la circunscripción; fuente citable para el uso, hueco histórico explícito","C-1788–C-1793"
"invertebrado","animales definidos negativamente por ausencia de vértebras","Lamarck, alrededor de 1801","categoría negativa parafilética respecto de Vertebrata","Animalia menos Vertebrata no forma un clado monofilético","clados zoológicos específicos","zoología, ecología o conservación sin presentarlo como clado; el uso acotado es glosa derivada, no cita independiente","C-1794–C-1798"
"procariota","células sin núcleo eucariota y, taxonómicamente, Bacteria más Archaea excluyendo Eukaryota","Chatton, 1925; Stanier y van Niel lo difundieron en 1962","grado de organización celular que no es un clado bajo dos dominios","árbol de dos dominios anida Eukaryota dentro de Archaea sensu inclusivo","Bacteria y Archaea para taxonomía; descripción celular explícita para función","uso descriptivo de organización celular aclarando que no es clado; fuente citable","C-1799–C-1804"
"acritarco","microfósiles orgánicos de afinidad incierta reunidos como taxón de forma","Evitt, 1963","categoría morfológica artificial, no clado ni sinónimo de eucariota","los ejemplares con afinidad resuelta se reclasifican fuera de Acritarcha","afinidad biológica cuando se resuelve; acritarch operacional si no","paleontología y bioestratigrafía como categoría explícitamente artificial; fuente citable","C-1805–C-1809"
"reino","nivel superior variable en sistemas de cinco, seis y siete reinos","HUECO DE TRAZABILIDAD: la consulta literal exacta del valor anterior no produjo coincidencias en los artefactos de fuentes/; no se adjudica un valor para este campo [BN-538]","rango sin equivalencia filogenética uniforme entre sistemas","los sistemas citados producen circunscripciones y recuentos distintos, no una magnitud natural única","sistema y circunscripción explícitos","uso legítimo si se cita el sistema adoptado; esta regla es glosa derivada","C-1810–C-1815"
"Archezoa","eucariotas interpretados como primitivamente carentes de mitocondria","HUECO DE TRAZABILIDAD: la consulta literal exacta del valor anterior no produjo coincidencias en los artefactos de fuentes/; no se adjudica un valor para este campo [BN-539]","hipótesis refutada","genes de ascendencia mitocondrial, hidrogenosomas y mitosomas en sus antiguos miembros","clados específicos y descripción del orgánulo relacionado con mitocondria","nombre histórico de una hipótesis refutada; fuente citable","C-1816–C-1821"
"Excavata","linajes de protistas reunidos por rasgos comparables de surco alimentario y aparato flagelar","HUECO DE TRAZABILIDAD: la consulta literal exacta del valor anterior no produjo coincidencias en los artefactos de fuentes/; no se adjudica un valor para este campo [BN-540]","monofilia sensible a muestreo y análisis; supergrupo abandonado por Adl et al. 2019","matrices posteriores y revisión de clasificación no recuperan estabilidad universal","clados componentes y topología concreta","uso histórico o comparativo con circunscripción y sin presuponer monofilia; glosa derivada","C-1822–C-1827"
"Chromalveolata","hipótesis de origen único de plastos secundarios rojos en varios grandes linajes","HUECO DE TRAZABILIDAD: la consulta literal exacta del valor anterior no produjo coincidencias en los artefactos de fuentes/; no se adjudica un valor para este campo [BN-541]","hipótesis de hospedadores no monofiléticos y pérdidas múltiples exigidas","filogenias nucleares inestables y filogenias plastidiales que rechazan la monofilia original","clados de hospedadores y episodios plastidiales concretos","nombre de la hipótesis histórica y sus predicciones; fuente citable","C-1828–C-1834"
"Unikonta / Bikonta","circunscripciones y reconstrucciones ancestrales de aparatos flagelares","HUECO DE TRAZABILIDAD: la consulta literal exacta del valor anterior no produjo coincidencias en los artefactos de fuentes/; no se adjudica un valor para este campo [BN-542]","nombres inducen a atribuir uno o dos flagelos a todos los miembros y no equivalen a raíces modernas","comparaciones de raíces y clasificación muestran discordancia con Amorphea y Opimoda–Diphoda","Amorphea o la raíz/topología explícita","hipótesis históricas con circunscripción original; glosa derivada","C-1835–C-1839"
"hongo para oomicetos o mohos mucilaginosos","organismos convergentes en crecimiento filamentoso, absorción, esporas o morfología","HUECO DE TRAZABILIDAD: la consulta literal exacta del valor anterior no produjo coincidencias en los artefactos de fuentes/; no se adjudica un valor para este campo [BN-543]","artificial si se convierte la semejanza en pertenencia a Fungi","filogenias sitúan Oomycota en Stramenopiles y diversos mohos mucilaginosos en Amoebozoa","Stramenopiles, Amoebozoa o el clado real","fungus-like o semejante a hongo solo como descripción ecológica junto al clado; glosa derivada","C-1840–C-1845"
"flagelo","mezcla potencial de motor bacteriano rotatorio y cilio/flagelo eucariota de microtúbulos","HUECO DE TRAZABILIDAD: la consulta literal exacta del valor anterior no produjo coincidencias en los artefactos de fuentes/; no se adjudica un valor para este campo [BN-544]","ambigüedad entre sistemas no homólogos","comparación estructural y de ascendencia muestra convergencia, no homología","flagelo bacteriano o cilio eucariota","flagelo eucariota solo al reproducir la terminología de una fuente; convención documental glosada","C-1846–C-1850"
"simbiosis","uso amplio histórico que incluye mutualismo, comensalismo y parasitismo","HUECO DE TRAZABILIDAD: la consulta literal exacta del valor anterior no produjo coincidencias en los artefactos de fuentes/; no se adjudica un valor para este campo [BN-545]","informal o ambiguo si se usa como sinónimo necesario de mutualismo","revisión terminológica distingue efectos y categorías","tipo de interacción, efecto, localización, duración y transmisión","uso amplio si se especifican esas dimensiones; la regla de este corpus es glosa","C-1851–C-1855"
"endosimbiosis seriada","episodios endosimbióticos propuestos para componentes de la célula eucariota","Sagan, 1967","artificial si aceptar mitocondria/plasto se convierte en aceptar cada componente histórico","el consenso respalda mitocondria y plasto primario, pero no valida automáticamente todas las propuestas","episodios concretos con estado probatorio separado","uso legítimo si se enumeran episodios y evidencia; fuente citable","C-1856–C-1861"
"eucariota primitivo","linaje viviente tratado erróneamente como estado ancestral global","HUECO DE TRAZABILIDAD: la consulta literal exacta del valor anterior no produjo coincidencias en los artefactos de fuentes/; no se adjudica un valor para este campo [BN-546]","confunde descendencia actual con plesiomorfía para un carácter","un linaje puede ser plesiomórfico para un carácter y derivado para otros","plesiomórfico para el carácter X respecto del nodo Y","solo cita histórica o término explícitamente criticado; glosa derivada","C-1862–C-1865"
"organismo simple","organismos comprimidos en una escala no declarada de complejidad","HUECO DE TRAZABILIDAD: la consulta literal exacta del valor anterior no produjo coincidencias en los artefactos de fuentes/; no se adjudica un valor para este campo [BN-547]","artificial sin variable, método y comparación","complejidad varía entre tipos celulares, redes, genoma y morfología","variable de complejidad explícita","simple solo con variable, método y comparación declarados; fuente citable","C-1866–C-1869"
"fósil viviente","linajes agrupados por criterios variables de estasis, diversidad, duración o semejanza fósil","HUECO DE TRAZABILIDAD: la consulta literal exacta del valor anterior no produjo coincidencias en los artefactos de fuentes/; no se adjudica un valor para este campo [BN-548]","criterios múltiples y confusión entre estasis de un carácter y del organismo completo","revisiones muestran diversidad de criterios y evolución pese a estasis parcial","linaje con estasis documentada del carácter X durante el intervalo Y","rótulo histórico o heurístico si se explicitan criterios y no significa sin cambios; fuente citable","C-1870–C-1874"
"eslabón perdido","formas transicionales imaginadas como eslabones de una cadena lineal","uso científico más antiguo verificado: Vestiges, 1844; autoría de acuñación universal NO LOCALIZADA en estas C","metáfora lineal que exige ancestros directos y huecos discretos","topología ramificada: un fósil transicional no necesita ser ancestro directo","fósil transicional o miembro del grupo tronco cuando la topología lo permite","historia cultural o crítica terminológica; glosa derivada","C-1875–C-1879"
"basal aplicado a viviente","linajes vivientes tratados como ancestrales o menos evolucionados","uso filogenético más antiguo verificado en esta revisión: McDade, 1990","incorrecto como sinónimo de ancestral; tamaño de clado no determina basalidad","linajes hermanos comparten ancestro y ninguno es ancestro del otro","rama que diverge primero en árbol enraizado bajo hipótesis H","basal comparativo para nodos en una misma ruta, o uso histórico explícito; fuente citable","C-1880–C-1885"
