"código o recurso","ámbito","qué puede establecer","qué no establece","filas"
"ICZN","nomenclatura zoológica","disponibilidad y validez de nombres zoológicos","No decide monofilia ni topología","C-1688–C-1693"
"ICN, Madrid Code","nomenclatura de algas, hongos y plantas","regula nombres bajo su ámbito declarado","El ámbito histórico no equivale a Archaeplastida o Fungi","C-1694–C-1698"
"ICNP 2025 Revision","nomenclatura procariótica","nombres de bacterias y arqueas bajo el código","“Procariota” en el título no crea un clado","C-1699–C-1702"
"PhyloCode v6","nombres de clados","definiciones filogenéticas, establecimiento y registro","No reemplaza necesariamente los códigos de rangos","C-1703–C-1709"
"Phylonyms/RegNum","definiciones y registro bajo PhyloCode","entradas establecidas y números de registro","La cobertura no es exhaustiva","C-1710–C-1715"
"Excepción con rango: nombres de género y especie","el código depende del tratamiento nomenclatural del organismo","rango, disponibilidad o validez bajo ICZN, ICN o ICNP según corresponda","el rango no decide la filogenia ni convierte el corredor superior en una jerarquía uniforme","C-1718"
"Excepción con rango: Fungi como reino en Ruggiero et al. 2015","ICN para nomenclatura fúngica; sistema jerárquico citado para el rango de reino","Ruggiero et al. asigna el rango de reino en esa clasificación","ICN no impone esa circunscripción filogenética y otros sistemas pueden usar rangos distintos","C-1696–C-1698; C-1719"
"Excepción con rango: Animalia o Metazoa como reino en sistemas clasificados","ICZN para nomenclatura zoológica dentro de su ámbito; clasificación citada para el rango","el sistema clasificatorio puede asignar rango de reino","ICZN no resuelve la definición filogenética de Metazoa ni su relación con Choanoflagellata","C-1688–C-1693; C-1720"
"Clados superiores del corredor sin rango uniforme","PhyloCode cuando existe una definición establecida; uso convencional o clasificación citada en los demás casos","Eukarya, Amorphea y Opisthokonta tienen definiciones/entradas Phylonyms localizadas; los demás se registran según su fuente de circunscripción","ICZN, ICN e ICNP no deciden por sí solos monofilia, contenido ni topología de esos clados","C-1710–C-1717"
