"nodo","ICZN","ICN","ICNP","PhyloCode/RegNum","definición filogenética publicada o uso","filas"
"Eukaryota","HUECO DE TRAZABILIDAD: la consulta literal exacta del valor anterior no produjo coincidencias en los artefactos de fuentes/; no se adjudica un valor para este campo [BN-364]","HUECO DE TRAZABILIDAD: la consulta literal exacta del valor anterior no produjo coincidencias en los artefactos de fuentes/; no se adjudica un valor para este campo [BN-533]","HUECO DE TRAZABILIDAD: la consulta literal exacta del valor anterior no produjo coincidencias en los artefactos de fuentes/; no se adjudica un valor para este campo [BN-365]","entrada Eukarya Registration 42 localizada","definición filogenética publicada; Eukaryota es la etiqueta preferida del corpus","C-1693–C-1707; C-1712; C-1739–C-1741"
"Amorphea","HUECO DE TRAZABILIDAD: la consulta literal exacta del valor anterior no produjo coincidencias en los artefactos de fuentes/; no se adjudica un valor para este campo [BN-366]","HUECO DE TRAZABILIDAD: la consulta literal exacta del valor anterior no produjo coincidencias en los artefactos de fuentes/; no se adjudica un valor para este campo [BN-367]","HUECO DE TRAZABILIDAD: la consulta literal exacta del valor anterior no produjo coincidencias en los artefactos de fuentes/; no se adjudica un valor para este campo [BN-368]","entrada Registration 8 localizada","definición filogenética publicada","C-1704–C-1707; C-1713; C-1745–C-1746"
"Amoebozoa","HUECO DE TRAZABILIDAD: la consulta literal exacta del valor anterior no produjo coincidencias en los artefactos de fuentes/; no se adjudica un valor para este campo [BN-369]","HUECO DE TRAZABILIDAD: la consulta literal exacta del valor anterior no produjo coincidencias en los artefactos de fuentes/; no se adjudica un valor para este campo [BN-370]","HUECO DE TRAZABILIDAD: la consulta literal exacta del valor anterior no produjo coincidencias en los artefactos de fuentes/; no se adjudica un valor para este campo [BN-371]","entrada no censada en las consultas conservadas","HUECO DE TRAZABILIDAD: la consulta literal exacta del valor anterior no produjo coincidencias en los artefactos de fuentes/; no se adjudica un valor para este campo [BN-372]","C-1688–C-1709; C-1711; C-1897"
"Obazoa","HUECO DE TRAZABILIDAD: la consulta literal exacta del valor anterior no produjo coincidencias en los artefactos de fuentes/; no se adjudica un valor para este campo [BN-373]","HUECO DE TRAZABILIDAD: la consulta literal exacta del valor anterior no produjo coincidencias en los artefactos de fuentes/; no se adjudica un valor para este campo [BN-374]","HUECO DE TRAZABILIDAD: la consulta literal exacta del valor anterior no produjo coincidencias en los artefactos de fuentes/; no se adjudica un valor para este campo [BN-375]","consulta RegNum sin resultado","HUECO DE TRAZABILIDAD: la consulta literal exacta del valor anterior no produjo coincidencias en los artefactos de fuentes/; no se adjudica un valor para este campo [BN-376]","C-1704–C-1715"
"Apusomonadida","régimen de nombres de rango depende del nombre concreto","régimen de nombres de rango depende del nombre concreto","HUECO DE TRAZABILIDAD: la consulta literal exacta del valor anterior no produjo coincidencias en los artefactos de fuentes/; no se adjudica un valor para este campo [BN-377]","entrada no censada en las consultas conservadas","HUECO DE TRAZABILIDAD: la consulta literal exacta del valor anterior no produjo coincidencias en los artefactos de fuentes/; no se adjudica un valor para este campo [BN-378]","C-1704–C-1711; C-1897"
"Breviatea","régimen de nombres de rango depende del nombre concreto","régimen de nombres de rango depende del nombre concreto","HUECO DE TRAZABILIDAD: la consulta literal exacta del valor anterior no produjo coincidencias en los artefactos de fuentes/; no se adjudica un valor para este campo [BN-379]","entrada no censada en las consultas conservadas","HUECO DE TRAZABILIDAD: la consulta literal exacta del valor anterior no produjo coincidencias en los artefactos de fuentes/; no se adjudica un valor para este campo [BN-380]","C-1704–C-1711; C-1897"
"Opisthokonta","HUECO DE TRAZABILIDAD: la consulta literal exacta del valor anterior no produjo coincidencias en los artefactos de fuentes/; no se adjudica un valor para este campo [BN-381]","HUECO DE TRAZABILIDAD: la consulta literal exacta del valor anterior no produjo coincidencias en los artefactos de fuentes/; no se adjudica un valor para este campo [BN-382]","HUECO DE TRAZABILIDAD: la consulta literal exacta del valor anterior no produjo coincidencias en los artefactos de fuentes/; no se adjudica un valor para este campo [BN-383]","entrada Registration 72 localizada","definición filogenética publicada","C-1704–C-1714; C-1753"
"Holomycota","HUECO DE TRAZABILIDAD: la consulta literal exacta del valor anterior no produjo coincidencias en los artefactos de fuentes/; no se adjudica un valor para este campo [BN-384]","ICN puede regir nombres fúngicos incluidos, no fija el clado","HUECO DE TRAZABILIDAD: la consulta literal exacta del valor anterior no produjo coincidencias en los artefactos de fuentes/; no se adjudica un valor para este campo [BN-385]","entrada no censada en las consultas conservadas","HUECO DE TRAZABILIDAD: la consulta literal exacta del valor anterior no produjo coincidencias en los artefactos de fuentes/; no se adjudica un valor para este campo [BN-386]","C-1694–C-1711"
"Holozoa","HUECO DE TRAZABILIDAD: la consulta literal exacta del valor anterior no produjo coincidencias en los artefactos de fuentes/; no se adjudica un valor para este campo [BN-387]","HUECO DE TRAZABILIDAD: la consulta literal exacta del valor anterior no produjo coincidencias en los artefactos de fuentes/; no se adjudica un valor para este campo [BN-534]","HUECO DE TRAZABILIDAD: la consulta literal exacta del valor anterior no produjo coincidencias en los artefactos de fuentes/; no se adjudica un valor para este campo [BN-388]","consulta RegNum sin resultado","HUECO DE TRAZABILIDAD: la consulta literal exacta del valor anterior no produjo coincidencias en los artefactos de fuentes/; no se adjudica un valor para este campo [BN-389]","C-1688–C-1715"
"Ichthyosporea","régimen de nombres de rango depende del nombre concreto","régimen de nombres de rango depende del nombre concreto","HUECO DE TRAZABILIDAD: la consulta literal exacta del valor anterior no produjo coincidencias en los artefactos de fuentes/; no se adjudica un valor para este campo [BN-390]","entrada no censada en las consultas conservadas","HUECO DE TRAZABILIDAD: la consulta literal exacta del valor anterior no produjo coincidencias en los artefactos de fuentes/; no se adjudica un valor para este campo [BN-391]","C-1704–C-1711; C-1897"
"Pluriformea","HUECO DE TRAZABILIDAD: la consulta literal exacta del valor anterior no produjo coincidencias en los artefactos de fuentes/; no se adjudica un valor para este campo [BN-392]","HUECO DE TRAZABILIDAD: la consulta literal exacta del valor anterior no produjo coincidencias en los artefactos de fuentes/; no se adjudica un valor para este campo [BN-393]","HUECO DE TRAZABILIDAD: la consulta literal exacta del valor anterior no produjo coincidencias en los artefactos de fuentes/; no se adjudica un valor para este campo [BN-394]","consulta RegNum sin resultado","HUECO DE TRAZABILIDAD: la consulta literal exacta del valor anterior no produjo coincidencias en los artefactos de fuentes/; no se adjudica un valor para este campo [BN-395]","C-1704–C-1715"
"Corallochytrea","HUECO DE TRAZABILIDAD: la consulta literal exacta del valor anterior no produjo coincidencias en los artefactos de fuentes/; no se adjudica un valor para este campo [BN-396]","HUECO DE TRAZABILIDAD: la consulta literal exacta del valor anterior no produjo coincidencias en los artefactos de fuentes/; no se adjudica un valor para este campo [BN-397]","HUECO DE TRAZABILIDAD: la consulta literal exacta del valor anterior no produjo coincidencias en los artefactos de fuentes/; no se adjudica un valor para este campo [BN-398]","consulta RegNum sin resultado","HUECO DE TRAZABILIDAD: la consulta literal exacta del valor anterior no produjo coincidencias en los artefactos de fuentes/; no se adjudica un valor para este campo [BN-399]","C-1704–C-1715"
"Filasterea","régimen de nombres de rango depende del nombre concreto","régimen de nombres de rango depende del nombre concreto","HUECO DE TRAZABILIDAD: la consulta literal exacta del valor anterior no produjo coincidencias en los artefactos de fuentes/; no se adjudica un valor para este campo [BN-400]","entrada no censada en las consultas conservadas","HUECO DE TRAZABILIDAD: la consulta literal exacta del valor anterior no produjo coincidencias en los artefactos de fuentes/; no se adjudica un valor para este campo [BN-401]","C-1704–C-1711; C-1897"
"Filozoa","HUECO DE TRAZABILIDAD: la consulta literal exacta del valor anterior no produjo coincidencias en los artefactos de fuentes/; no se adjudica un valor para este campo [BN-402]","HUECO DE TRAZABILIDAD: la consulta literal exacta del valor anterior no produjo coincidencias en los artefactos de fuentes/; no se adjudica un valor para este campo [BN-535]","HUECO DE TRAZABILIDAD: la consulta literal exacta del valor anterior no produjo coincidencias en los artefactos de fuentes/; no se adjudica un valor para este campo [BN-403]","consulta RegNum sin resultado","HUECO DE TRAZABILIDAD: la consulta literal exacta del valor anterior no produjo coincidencias en los artefactos de fuentes/; no se adjudica un valor para este campo [BN-404]","C-1688–C-1715"
"Choanozoa sensu stricto","HUECO DE TRAZABILIDAD: la consulta literal exacta del valor anterior no produjo coincidencias en los artefactos de fuentes/; no se adjudica un valor para este campo [BN-405]","HUECO DE TRAZABILIDAD: la consulta literal exacta del valor anterior no produjo coincidencias en los artefactos de fuentes/; no se adjudica un valor para este campo [BN-536]","HUECO DE TRAZABILIDAD: la consulta literal exacta del valor anterior no produjo coincidencias en los artefactos de fuentes/; no se adjudica un valor para este campo [BN-406]","consulta Choanozoa/Apoikozoa sin resultado","HUECO DE TRAZABILIDAD: la consulta literal exacta del valor anterior no produjo coincidencias en los artefactos de fuentes/; no se adjudica un valor para este campo [BN-407]","C-1688–C-1715"
"Choanoflagellata","HUECO DE TRAZABILIDAD: la consulta literal exacta del valor anterior no produjo coincidencias en los artefactos de fuentes/; no se adjudica un valor para este campo [BN-408]","HUECO DE TRAZABILIDAD: la consulta literal exacta del valor anterior no produjo coincidencias en los artefactos de fuentes/; no se adjudica un valor para este campo [BN-409]","HUECO DE TRAZABILIDAD: la consulta literal exacta del valor anterior no produjo coincidencias en los artefactos de fuentes/; no se adjudica un valor para este campo [BN-410]","entrada no censada en las consultas conservadas","HUECO DE TRAZABILIDAD: la consulta literal exacta del valor anterior no produjo coincidencias en los artefactos de fuentes/; no se adjudica un valor para este campo [BN-411]","C-1688–C-1711; C-1897"
"Metazoa","ICZN aplica a nombres zoológicos regulados; no define la circunscripción filogenética","HUECO DE TRAZABILIDAD: la consulta literal exacta del valor anterior no produjo coincidencias en los artefactos de fuentes/; no se adjudica un valor para este campo [BN-412]","HUECO DE TRAZABILIDAD: la consulta literal exacta del valor anterior no produjo coincidencias en los artefactos de fuentes/; no se adjudica un valor para este campo [BN-413]","HUECO DE TRAZABILIDAD: la consulta literal exacta del valor anterior no produjo coincidencias en los artefactos de fuentes/; no se adjudica un valor para este campo [BN-414]","uso zoológico de alto nivel; definición del clado externa al ICZN","C-1688–C-1693; C-1704–C-1711; C-1720"
