"csv_path","fila","columna","claim_id","contenido_previo_sha256","contenido_previo","contenido_corregido_sha256","contenido_corregido","autor_correccion","evidencia_correccion"
"data/tablas/02/table-06-2-8-2-el-grupo-vivo-mas-proximo-no-esta-resuelto.csv","5","posición o alcance","C-2009","025b91b887216407ec54e310ccf514ddd2a551c91be98a81d5b7e09992aa2897","criterio discriminatorio, no parentesco filogenético","a393ec95811dd6eb921d1e0c5092c07986c5315beebab6eb5debd24e36170692","criterio discriminatorio de cercanía a protomitocondrias","Codex-Autor-Principal","S49 Results and Discussion, sección Discriminatory criteria to evaluate which alphaproteobacteria may be close to protomitochondria y tabla 2; se retira la negación filogenética no expresada."
"data/tablas/02/table-06-2-8-2-el-grupo-vivo-mas-proximo-no-esta-resuelto.csv","6","posición o alcance","C-2020","025b91b887216407ec54e310ccf514ddd2a551c91be98a81d5b7e09992aa2897","criterio discriminatorio, no parentesco filogenético","a393ec95811dd6eb921d1e0c5092c07986c5315beebab6eb5debd24e36170692","criterio discriminatorio de cercanía a protomitocondrias","Codex-Autor-Principal","S49 Results and Discussion, sección Discriminatory criteria to evaluate which alphaproteobacteria may be close to protomitochondria y tabla 2; se retira la negación filogenética no expresada."
"data/tablas/02/table-06-2-8-2-el-grupo-vivo-mas-proximo-no-esta-resuelto.csv","7","posición o alcance","C-2031","025b91b887216407ec54e310ccf514ddd2a551c91be98a81d5b7e09992aa2897","criterio discriminatorio, no parentesco filogenético","a393ec95811dd6eb921d1e0c5092c07986c5315beebab6eb5debd24e36170692","criterio discriminatorio de cercanía a protomitocondrias","Codex-Autor-Principal","S49 Results and Discussion, sección Discriminatory criteria to evaluate which alphaproteobacteria may be close to protomitochondria y tabla 2; se retira la negación filogenética no expresada."
"data/tablas/02/table-06-2-8-2-el-grupo-vivo-mas-proximo-no-esta-resuelto.csv","8","posición o alcance","C-2042","025b91b887216407ec54e310ccf514ddd2a551c91be98a81d5b7e09992aa2897","criterio discriminatorio, no parentesco filogenético","a393ec95811dd6eb921d1e0c5092c07986c5315beebab6eb5debd24e36170692","criterio discriminatorio de cercanía a protomitocondrias","Codex-Autor-Principal","S49 Results and Discussion, sección Discriminatory criteria to evaluate which alphaproteobacteria may be close to protomitochondria y tabla 2; se retira la negación filogenética no expresada."
"data/tablas/02/table-06-2-8-2-el-grupo-vivo-mas-proximo-no-esta-resuelto.csv","9","posición o alcance","C-2053","025b91b887216407ec54e310ccf514ddd2a551c91be98a81d5b7e09992aa2897","criterio discriminatorio, no parentesco filogenético","a393ec95811dd6eb921d1e0c5092c07986c5315beebab6eb5debd24e36170692","criterio discriminatorio de cercanía a protomitocondrias","Codex-Autor-Principal","S49 Results and Discussion, sección Discriminatory criteria to evaluate which alphaproteobacteria may be close to protomitochondria y tabla 2; se retira la negación filogenética no expresada."
"data/tablas/02/table-06-2-8-2-el-grupo-vivo-mas-proximo-no-esta-resuelto.csv","11","posición o alcance","C-2075","025b91b887216407ec54e310ccf514ddd2a551c91be98a81d5b7e09992aa2897","criterio discriminatorio, no parentesco filogenético","a393ec95811dd6eb921d1e0c5092c07986c5315beebab6eb5debd24e36170692","criterio discriminatorio de cercanía a protomitocondrias","Codex-Autor-Principal","S49 Results and Discussion, sección Discriminatory criteria to evaluate which alphaproteobacteria may be close to protomitochondria y tabla 2; se retira la negación filogenética no expresada."
"data/tablas/02/table-06-2-8-2-el-grupo-vivo-mas-proximo-no-esta-resuelto.csv","17","posición o alcance","C-2141","025b91b887216407ec54e310ccf514ddd2a551c91be98a81d5b7e09992aa2897","criterio discriminatorio, no parentesco filogenético","a393ec95811dd6eb921d1e0c5092c07986c5315beebab6eb5debd24e36170692","criterio discriminatorio de cercanía a protomitocondrias","Codex-Autor-Principal","S49 Results and Discussion, sección Discriminatory criteria to evaluate which alphaproteobacteria may be close to protomitochondria y tabla 2; se retira la negación filogenética no expresada."
"data/tablas/02/table-06-2-8-2-el-grupo-vivo-mas-proximo-no-esta-resuelto.csv","18","posición o alcance","C-2152","025b91b887216407ec54e310ccf514ddd2a551c91be98a81d5b7e09992aa2897","criterio discriminatorio, no parentesco filogenético","a393ec95811dd6eb921d1e0c5092c07986c5315beebab6eb5debd24e36170692","criterio discriminatorio de cercanía a protomitocondrias","Codex-Autor-Principal","S49 Results and Discussion, sección Discriminatory criteria to evaluate which alphaproteobacteria may be close to protomitochondria y tabla 2; se retira la negación filogenética no expresada."
"data/tablas/02/table-06-2-8-2-el-grupo-vivo-mas-proximo-no-esta-resuelto.csv","19","posición o alcance","C-2163","025b91b887216407ec54e310ccf514ddd2a551c91be98a81d5b7e09992aa2897","criterio discriminatorio, no parentesco filogenético","a393ec95811dd6eb921d1e0c5092c07986c5315beebab6eb5debd24e36170692","criterio discriminatorio de cercanía a protomitocondrias","Codex-Autor-Principal","S49 Results and Discussion, sección Discriminatory criteria to evaluate which alphaproteobacteria may be close to protomitochondria y tabla 2; se retira la negación filogenética no expresada."
"data/tablas/02/table-06-2-8-2-el-grupo-vivo-mas-proximo-no-esta-resuelto.csv","20","posición o alcance","C-2174","025b91b887216407ec54e310ccf514ddd2a551c91be98a81d5b7e09992aa2897","criterio discriminatorio, no parentesco filogenético","a393ec95811dd6eb921d1e0c5092c07986c5315beebab6eb5debd24e36170692","criterio discriminatorio de cercanía a protomitocondrias","Codex-Autor-Principal","S49 Results and Discussion, sección Discriminatory criteria to evaluate which alphaproteobacteria may be close to protomitochondria y tabla 2; se retira la negación filogenética no expresada."
"data/tablas/02/table-06-2-8-2-el-grupo-vivo-mas-proximo-no-esta-resuelto.csv","21","posición o alcance","C-2185","025b91b887216407ec54e310ccf514ddd2a551c91be98a81d5b7e09992aa2897","criterio discriminatorio, no parentesco filogenético","a393ec95811dd6eb921d1e0c5092c07986c5315beebab6eb5debd24e36170692","criterio discriminatorio de cercanía a protomitocondrias","Codex-Autor-Principal","S49 Results and Discussion, sección Discriminatory criteria to evaluate which alphaproteobacteria may be close to protomitochondria y tabla 2; se retira la negación filogenética no expresada."
"data/tablas/02/table-06-2-8-2-el-grupo-vivo-mas-proximo-no-esta-resuelto.csv","22","posición o alcance","C-2196","025b91b887216407ec54e310ccf514ddd2a551c91be98a81d5b7e09992aa2897","criterio discriminatorio, no parentesco filogenético","a393ec95811dd6eb921d1e0c5092c07986c5315beebab6eb5debd24e36170692","criterio discriminatorio de cercanía a protomitocondrias","Codex-Autor-Principal","S49 Results and Discussion, sección Discriminatory criteria to evaluate which alphaproteobacteria may be close to protomitochondria y tabla 2; se retira la negación filogenética no expresada."
"data/tablas/02/table-06-2-8-2-el-grupo-vivo-mas-proximo-no-esta-resuelto.csv","23","posición o alcance","C-2207","025b91b887216407ec54e310ccf514ddd2a551c91be98a81d5b7e09992aa2897","criterio discriminatorio, no parentesco filogenético","a393ec95811dd6eb921d1e0c5092c07986c5315beebab6eb5debd24e36170692","criterio discriminatorio de cercanía a protomitocondrias","Codex-Autor-Principal","S49 Results and Discussion, sección Discriminatory criteria to evaluate which alphaproteobacteria may be close to protomitochondria y tabla 2; se retira la negación filogenética no expresada."
"data/tablas/02/table-06-2-8-2-el-grupo-vivo-mas-proximo-no-esta-resuelto.csv","24","posición o alcance","C-2218","025b91b887216407ec54e310ccf514ddd2a551c91be98a81d5b7e09992aa2897","criterio discriminatorio, no parentesco filogenético","a393ec95811dd6eb921d1e0c5092c07986c5315beebab6eb5debd24e36170692","criterio discriminatorio de cercanía a protomitocondrias","Codex-Autor-Principal","S49 Results and Discussion, sección Discriminatory criteria to evaluate which alphaproteobacteria may be close to protomitochondria y tabla 2; se retira la negación filogenética no expresada."
