id_magnitud,id_requisito,fragmento_literal,magnitud_solicitada,desenlace,afirmaciones_terminales,registro_hueco,razon_hueco,transformacion_editorial
MREQ-0001,R-0052,soporte cuantitativo,soporte y tamaño de matrices filogenómicas de dos y tres dominios,VALOR_PUBLICADO,C-022; C-023; C-028; C-029; C-030; C-031; C-033; C-034; C-036; C-037; C-038; C-039; C-040; C-120; C-126; C-127; C-128,,,NINGUNA
MREQ-0002,R-0058,proporciones que dé la literatura,proporciones de genes de afinidad arqueana y bacteriana,VALOR_PUBLICADO,C-071; C-072,,,NINGUNA
MREQ-0003,R-0070,sobre su duración,duración propuesta para el tallo eucariota FECA–LECA,VALOR_PUBLICADO,C-193; C-194; C-195; C-196; C-197,,,NINGUNA
MREQ-0004,R-0104,qué edad,edades publicadas de formaciones y candidatos fósiles del corredor,VALOR_PUBLICADO,C-699; C-705; C-710; C-714; C-722; C-724; C-727; C-731; C-732; C-751,,,NINGUNA
MREQ-0005,R-0110,tamaño de las perforaciones,tamaño publicado de perforaciones y células perforadas del Grupo Chuar,VALOR_PUBLICADO,C-715; C-718,,,NINGUNA
MREQ-0006,R-0111,qué edad tiene,edad publicada de Bangiomorpha pubescens,VALOR_PUBLICADO,C-722,,,NINGUNA
MREQ-0007,R-0120,edad de LECA,intervalos publicados de edad de LECA,VALOR_PUBLICADO,C-757; C-758; C-760; C-762; C-763; C-765; C-769; C-771; C-790; C-791; C-792,,,NINGUNA
MREQ-0008,R-0120,de cada nodo del corredor,edad de corona faltante para Apusomonadida,HUECO_EXPLICITO,,BN-025,No se localizó una edad de corona con muestreo interno suficiente para Apusomonadida; la fecha de tallo no se promueve a corona.,NINGUNA
MREQ-0009,R-0120,de cada nodo del corredor,edad de corona faltante de Corallochytrea,HUECO_EXPLICITO,,BN-031,No se localizó una edad de corona multiespecífica con circunscripción explícita de Corallochytrea.,NINGUNA
MREQ-0010,R-0121,cuánto se solapan,solapamiento publicado entre intervalos de reloj,HUECO_EXPLICITO,,BN-117,No se localizó una cuantificación publicada homogénea del solapamiento y no se calculan intersecciones propias.,NINGUNA
MREQ-0011,R-0134,Oxígeno,niveles publicados de oxígeno atmosférico y oceánico por episodio,VALOR_PUBLICADO,C-798; C-799; C-800; C-801; C-841; C-1939; C-1940; C-1941; C-1942; C-1944,,,NINGUNA
MREQ-0012,R-0135,Cifras estimadas de oxígeno atmosférico y oceánico,cifras de oxígeno atmosférico y oceánico por eón y proxy,VALOR_PUBLICADO,C-798; C-799; C-800; C-801; C-841; C-1939; C-1940; C-1941; C-1942; C-1944,,,NINGUNA
MREQ-0013,R-0141,Qué fracción,fracciones publicadas de fondo marino por estado redox,VALOR_PUBLICADO,C-813; C-842,,,NINGUNA
MREQ-0014,R-0141,qué profundidades,profundidades globales por estado redox,HUECO_EXPLICITO,,BN-097,Las fuentes localizadas publican áreas o sitios y no profundidades universales ni una partición cerrada del océano.,NINGUNA
MREQ-0015,R-0145,edades e incertidumbres,edades e incertidumbres de glaciaciones globales y excursiones isotópicas,VALOR_PUBLICADO,C-794; C-795; C-823; C-824; C-825; C-848; C-849,,,NINGUNA
MREQ-0016,R-0146,Temperatura,temperatura publicada para un episodio del intervalo,VALOR_PUBLICADO,C-827,,,NINGUNA
MREQ-0017,R-0146,estabilidad del intervalo,serie térmica global continua del intervalo,HUECO_EXPLICITO,,BN-095,No se localizó una temperatura global continua y los valores episódicos no se interpolan al intervalo completo.,NINGUNA
MREQ-0018,R-0151,escalas de distancia,escala geográfica de dispersión microeucariota,HUECO_EXPLICITO,,BN-099,La distribución por estaciones y provincias no proporciona una distancia de dispersión común para el corredor.,NINGUNA
MREQ-0019,R-0152,abundancias o densidades celulares,densidad celular de comunidades proterozoicas del corredor,HUECO_EXPLICITO,,BN-098,Las curvas de ocurrencia o riqueza no son células por volumen y no se convierten en densidad.,NINGUNA
MREQ-0020,R-0159,distribuciones de tamaño,distribución de tamaño de VSM o acritarcos con interpretación defensiva,HUECO_EXPLICITO,,BN-145,La morfometría de Qingshania y los diámetros de perforaciones no son una distribución de VSM o acritarcos defensivos y no se reasignan.,NINGUNA
MREQ-0021,R-0160,edad con método,edades publicadas para casos de marcas de depredación,VALOR_PUBLICADO,C-714,,,NINGUNA
MREQ-0022,R-0163,rangos de tamaño celular,rangos publicados de tamaño celular de procariotas y eucariotas unicelulares,HUECO_EXPLICITO,,BN-145,Los diámetros de microfósiles y perforaciones y los tamaños de taxones aislados no constituyen los dos rangos celulares solicitados.,NINGUNA
MREQ-0023,R-0163,relaciones de tamaño entre depredador y presa,relaciones publicadas de tamaño depredador:presa,VALOR_PUBLICADO,C-909; C-910,,,NINGUNA
MREQ-0024,R-0163,tasas de ingestión o de aclaramiento publicadas,tasas publicadas de ingestión para coanoflagelados,VALOR_PUBLICADO,C-912; C-957,,,NINGUNA
MREQ-0025,R-0163,tasas de ingestión o de aclaramiento publicadas,tasas comparables de ingestión y aclaramiento para todos los linajes,HUECO_EXPLICITO,,BN-102,Las tasas localizadas usan presas y denominadores distintos y faltan medidas comparables para otros linajes.,NINGUNA
MREQ-0026,R-0163,qué cuesta mantener ese tamaño,coste de mantener tamaño y límite físico de fagocitosis,HUECO_EXPLICITO,,BN-138,No se localizó un coste ATP por tamaño ni una función universal de presa fagocitable; no se interpola.,NINGUNA
MREQ-0027,R-0164,estimaciones de tamaño para microfósiles,tamaños de microfósiles publicados con dispersión,VALOR_PUBLICADO,C-706; C-715; C-718,,,NINGUNA
MREQ-0028,R-0170,cuánto tarda en manifestarse,latencias publicadas de manifestación o reversión de respuestas fenotípicas,VALOR_PUBLICADO,C-861; C-862; C-867; C-930; C-931; C-932,,,NINGUNA
MREQ-0029,R-0170,cuánto cuesta,costes energéticos directos por cada respuesta organismal,HUECO_EXPLICITO,,BN-083,La búsqueda localiza señales y cinéticas pero no presupuestos energéticos comparables para cada fenotipo.,NINGUNA
MREQ-0030,R-0200,antigüedad estimada del inicio de la asociación,antigüedades publicadas de asociaciones catalogadas,VALOR_PUBLICADO,C-1043; C-1061; C-1099,,,NINGUNA
MREQ-0031,R-0200,tamaño del genoma del simbionte,tamaños genómicos publicados de simbiontes,VALOR_PUBLICADO,C-1030; C-1037; C-1044; C-1082; C-1084; C-1090; C-1091; C-1096; C-1100; C-1101; C-1207; C-1213,,,NINGUNA
MREQ-0032,R-0200,Para cada caso,edad y razón genómica para asociaciones sin cifra localizada,HUECO_EXPLICITO,,BN-134,Las edades y comparandos de vida libre existen solo para subconjuntos y no se completan por analogía.,NINGUNA
MREQ-0033,R-0209,cuántos genes,número de genes mitocondriales transferidos al núcleo ancestral,HUECO_EXPLICITO,,BN-132,La revisión local no ofrece un recuento único directo y no se suman familias para inventarlo.,NINGUNA
MREQ-0034,R-0212,cuántos,número de genes perdidos y tiempo transcurrido en una trayectoria documentada,HUECO_EXPLICITO,,BN-144,Se localizó la forma bifásica de una trayectoria pero no un número de genes emparejado con tiempo para esa misma trayectoria.,NINGUNA
MREQ-0035,R-0220,con las cifras de cada una,cifras sustantivas de ambas posiciones sobre la barrera de HGT,HUECO_EXPLICITO,,BN-146,El tamaño de muestreo no es una frecuencia de HGT y la cifra histórica rival usa otro objeto y fue cuestionada; no hay par comparable.,NINGUNA
MREQ-0036,R-0220,posición contraria,valor rival con el mismo denominador de transferencia,HUECO_EXPLICITO,,BN-133,La posición rival localizada es cualitativa y no contiene una cifra comparable con el muestreo de S290.,NINGUNA
MREQ-0037,R-0234,de dónde sale la cifra,energía por gen y multiplicadores de la posición de barrera energética,VALOR_PUBLICADO,C-1301; C-1302; C-1303; C-1304,,,NINGUNA
MREQ-0038,R-0235,fracción minúscula del presupuesto celular,fracción publicada del coste relativo de duplicar un gen mediano,VALOR_PUBLICADO,C-1348,,,NINGUNA
MREQ-0039,R-0238,valores de Ne publicados,valores de Ne publicados por procariotas protistas eucariotas multicelulares,VALOR_PUBLICADO,C-1326; C-1327; C-1328; C-1329,,,NINGUNA
MREQ-0040,R-0238,magnitudes de coeficiente de selección,umbral efectivo de selección frente a deriva,VALOR_PUBLICADO,C-1325; C-1333,,,NINGUNA
MREQ-0041,R-0264,en cuántas generaciones,generaciones de evolución experimental de levadura snowflake,VALOR_PUBLICADO,C-1551,,,NINGUNA
MREQ-0042,R-0264,con qué compensaciones,ventaja y cambios cuantitativos en multicelularidad experimental,VALOR_PUBLICADO,C-1549; C-1552; C-1553,,,NINGUNA
MREQ-0043,R-0266,"tamaño, número de genes, densidad de intrones",métricas genómicas nominales de ocho taxones del corredor,VALOR_PUBLICADO,C-1516; C-1517; C-1521; C-1522; C-1557; C-1558; C-1559; C-1560; C-1561; C-1562; C-1564; C-1568,,,NINGUNA
MREQ-0044,R-0266,Sphaeroforma arctica,número de genes y densidad de intrones de Sphaeroforma arctica,HUECO_EXPLICITO,,BN-120,No se localizó una cifra agregada estable de genes e intrones para la misma anotación del ensamblaje publicado.,NINGUNA
MREQ-0045,R-0273,Duración estimada del tallo eucariota,duración publicada del tallo FECA–LECA,VALOR_PUBLICADO,C-193; C-194; C-195; C-196; C-197,,,NINGUNA
MREQ-0046,R-0274,Tiempos de generación y tasas de división,tiempos de división publicados en ameba y coanoflagelado,VALOR_PUBLICADO,C-1498; C-1617,,,NINGUNA
MREQ-0047,R-0274,apusomonádidos,tiempo de generación de Apusomonadida con condiciones,HUECO_EXPLICITO,,BN-108,No se localizó una medición de tiempo generacional para Apusomonadida en las fuentes consultadas.,NINGUNA
MREQ-0048,R-0275,Tasas de mutación,tasas publicadas de mutación por sitio y generación o división,VALOR_PUBLICADO,C-1621; C-1622; C-1623; C-1624; C-1625; C-1626; C-1627; C-1628; C-1629,,,NINGUNA
MREQ-0049,R-0276,cuánto duran las glaciaciones globales,duraciones publicadas de las glaciaciones globales Sturtiana y Marinoana,VALOR_PUBLICADO,C-2570; C-2571,,,NINGUNA
MREQ-0050,R-0276,cuánto tarda en cambiar el estado redox,duración publicada del cambio redox en una cuenca oceánica proterozoica,HUECO_EXPLICITO,,BN-109,S508 muestrea un intervalo prolongado pero no fecha una transición; los tiempos cretácicos se conservan como análogos y no se transfieren.,NINGUNA
MREQ-0051,R-0276,qué duración se asigna al «aburrido millardo»,duración publicada del aburrido millardo,VALOR_PUBLICADO,C-821,,,NINGUNA
MREQ-0052,R-0277,cuánto tiempo ha transcurrido,antigüedades de asociaciones endosimbióticas documentadas,VALOR_PUBLICADO,C-1636; C-1637; C-1638; C-1640,,,NINGUNA
MREQ-0053,R-0277,En cada caso,cronología completa desde inicio hasta cada grado de integración,HUECO_EXPLICITO,,BN-111,Los anclajes de edad publicados no datan cada etapa de reducción EGT importación y coordinación por sistema.,NINGUNA
MREQ-0054,R-0278,Cuántos genes conserva,número y rango publicado de genes mitocondriales,VALOR_PUBLICADO,C-1156; C-1643; C-1644,,,NINGUNA
MREQ-0055,R-0283,en cuántos linajes,recuentos mínimos publicados de reducciones mitocondriales,VALOR_PUBLICADO,C-1654,,,NINGUNA
MREQ-0056,R-0283,con qué independencia entre ellos,recuento pan-eucariota uniforme de reducciones independientes,HUECO_EXPLICITO,,BN-110,Los mínimos históricos usan categorías diferentes y no forman un metaanálisis uniforme actualizado.,NINGUNA
MREQ-0057,R-0285,cuántos orígenes independientes se cuentan,recuentos publicados de rutas de multicelularidad,VALOR_PUBLICADO,C-1606; C-1660; C-1661,,,NINGUNA
MREQ-0058,R-0286,con qué frecuencia aparecen,frecuencia pan-eucariota de parasitismo intracelular y simbiosis obligada,HUECO_EXPLICITO,,BN-113,Los recuentos animales e insectiles localizados no miden el mismo evento ni tienen denominador pan-eucariota.,NINGUNA
MREQ-0059,R-0137,Umbrales fisiológicos publicados,umbrales publicados de oxígeno para respiración y síntesis de esteroles,VALOR_PUBLICADO,C-804; C-838; C-839,,,NINGUNA
MREQ-0060,R-0205,qué rendimiento energético queda,rendimiento energético comparable por estadio de reducción mitocondrial,HUECO_EXPLICITO,,BN-045,Las vías y sustratos publicados no proporcionan un denominador común de ATP por sustrato para todo el gradiente.,NINGUNA
MREQ-0061,R-0226,Para cada innovación del corredor,costes parciales publicados de núcleo endomembranas citoesqueleto mitocondria y cilio,VALOR_PUBLICADO,C-1235; C-1236; C-1237; C-1238; C-1247; C-1248; C-1249; C-1250; C-1258; C-1259; C-1278; C-1279; C-1280; C-1281; C-1289; C-1290,,,NINGUNA
MREQ-0062,R-0226,núcleo y envoltura nuclear,coste integrado de núcleo ancestral completo,HUECO_EXPLICITO,,BN-049,Las fuentes cuantifican membrana volumen proxy o poros pero no construcción y operación del núcleo ancestral completo.,NINGUNA
MREQ-0063,R-0226,endomembranas,coste integrado del sistema endomembranoso ancestral,HUECO_EXPLICITO,,BN-050,Los componentes parciales publicados no suman retículo Golgi endosomas lisosomas motores contenidos y regulación.,NINGUNA
MREQ-0064,R-0226,fagocitosis,coste de ATP por evento de fagocitosis en un comparando inmediato,HUECO_EXPLICITO,,BN-051,La dependencia de ATP y los flujos parciales recuperados no constituyen un coste por ingestión.,NINGUNA
MREQ-0065,R-0226,peroxisomas,coste total de construir importar proteínas y mantener un peroxisoma,HUECO_EXPLICITO,,BN-052,Las fuentes localizadas cuantifican mecanismos parciales y no el presupuesto completo del orgánulo.,NINGUNA
MREQ-0066,R-0226,mitosis,coste energético comparado de mitosis abierta cerrada y semiabierta,HUECO_EXPLICITO,,BN-053,Las descripciones y correlaciones de ciclo no publican presupuestos energéticos comparativos de los tres modos.,NINGUNA
MREQ-0067,R-0226,mitocondria y fosforilación oxidativa,balance neto integrado de mitocondria ancestral,HUECO_EXPLICITO,,BN-054,No se localizó una suma de biogénesis operación y recambio que reste el ATP producido por el orgánulo.,NINGUNA
MREQ-0068,R-0226,adhesión celular,coste energético de adhesión en coanoflagelados o filastereos,HUECO_EXPLICITO,,BN-055,Los endpoints de adhesión y aptitud publicados no son mediciones de ATP ni presupuesto energético.,NINGUNA
MREQ-0069,R-0226,señalización,coste energético total de señalización en un organismo del corredor,HUECO_EXPLICITO,,BN-056,Las rutas funcionales publicadas no suman ATP GTP gradientes receptores y efectores de la red completa.,NINGUNA
MREQ-0070,R-0250,Qué cuesta el sexo en un protista,coste energético de fusión y ciclo sexual protista,HUECO_EXPLICITO,,BN-060,No se localizó un presupuesto de ATP calor o flujo metabólico por episodio sexual en el comparando solicitado.,NINGUNA
MREQ-0071,R-0250,coste de encontrar pareja,tasa natural de encuentro y coste de oportunidad de hallar pareja,HUECO_EXPLICITO,,BN-061,Los ensayos inducidos de apareamiento no miden la tasa natural de encuentro ni su coste de oportunidad.,NINGUNA
MREQ-0072,R-0250,coste doble clásico,aplicabilidad cuantitativa del coste doble clásico en un protista isógamo,HUECO_EXPLICITO,,BN-067,Las fuentes explican por qué el factor clásico no se transfiere sin más a isogamia pero no publican un factor de coste reproductivo para Salpingoeca.,NINGUNA
MREQ-0073,R-0257,qué cuesta mantenerlas,coste de mantener agregados filastereos o multicelularidad snowflake,HUECO_EXPLICITO,,BN-121,Los efectos funcionales y ecológicos publicados no proporcionan un coste directo en ATP consumo o calor.,NINGUNA
MREQ-0074,R-0261,Tres orígenes independientes,recuento publicado de tres orígenes agregativos independientes,HUECO_EXPLICITO,,BN-135,Las tres ramas están documentadas pero no se localizó un pasaje que publique el número tres como recuento exhaustivo.,NINGUNA
MREQ-0075,R-0284,orígenes y pérdidas,recuentos publicados de orígenes o transiciones de fagotrofia,VALOR_PUBLICADO,C-1657; C-1659,,,NINGUNA
MREQ-0076,R-0284,pérdidas reconocidos,recuento pan-eucariota uniforme de pérdidas de fagotrofia,HUECO_EXPLICITO,,BN-112,Cuatro transiciones hacia osmotrofia en un muestreo no equivalen a un censo uniforme de todas las pérdidas.,NINGUNA
