"fecha_utc","revisor","sha256_propuesta","objeto","categoria","ruta","sha256_objeto","dictamen","motivo","limite"
"2026-09-27T03:22:59Z","/root/revision_residuales/candidatos_editoriales","96d36be9adeed056a5c5f6da54321101b2dc25e7ae1bc28cb9258dae0b3e8bfa","C-2839","C_altas","data/afirmaciones/15.csv","a37914308e2b72fb7bfec32fbe07b0b48f5086519d76b7136cdb9445ce2f7185","CONFORME_ALCANCE_REVISADO","S240 Par10/Table1+nota b y S563 Results sec2.1/Methods sec4.2/sec4.4:39.9Mbp de BodoKonstanz ensamblado, comparando libre; cifra/unidad y método delimitados.","No integración ni firma de censo global; sólo objeto exacto v2."
"2026-09-27T03:22:59Z","/root/revision_residuales/candidatos_editoriales","96d36be9adeed056a5c5f6da54321101b2dc25e7ae1bc28cb9258dae0b3e8bfa","C-2840","C_altas","data/afirmaciones/15.csv","26c7343cc6f40c6c23beff459b2d6dc24cc749286775dc0c5089310e869f932d","CONFORME_ALCANCE_REVISADO","S240 Par14/Sec14:8genes probablemente EGT entre3846alineamientos interpretables; direção Perkinsela→núcleo hospedador y modalidad conservadas; no8eventos observados.","No integración ni firma de censo global; sólo objeto exacto v2."
"2026-09-27T03:22:59Z","/root/revision_residuales/candidatos_editoriales","96d36be9adeed056a5c5f6da54321101b2dc25e7ae1bc28cb9258dae0b3e8bfa","C-2841","C_altas","data/afirmaciones/15.csv","178a41f6d593ff6481aa5ec6afae0bbde8816328167a4552a00a5c915f96d39c","CONFORME_ALCANCE_REVISADO","S240 Par16: we speculate, captación hipotética de metabolitos; destino vesicular desconocido y no conexión demostrada con8genesEGT.","No integración ni firma de censo global; sólo objeto exacto v2."
"2026-09-27T03:22:59Z","/root/revision_residuales/candidatos_editoriales","96d36be9adeed056a5c5f6da54321101b2dc25e7ae1bc28cb9258dae0b3e8bfa","C-2842","C_altas","data/afirmaciones/15.csv","061df51db5ca993d367e1415050360342b12ccf33930d100107e6e628c785880","CONFORME_ALCANCE_REVISADO","S240 Par16: we speculate/possibly, enzymes; hipótesis más restringida, no importación dirigida demostrada.","No integración ni firma de censo global; sólo objeto exacto v2."
"2026-09-27T03:22:59Z","/root/revision_residuales/candidatos_editoriales","96d36be9adeed056a5c5f6da54321101b2dc25e7ae1bc28cb9258dae0b3e8bfa","C-2843","C_altas","data/afirmaciones/15.csv","7908768474da973bc3ec762f99f84687cea3c0db61b9d1b2b462b012e8d69b33","CONFORME_ALCANCE_REVISADO","S352 Gene repertoire p4 dice falta de receptores. Fila registra posición textual de Monosiga, no ausencia funcional aceptada; Fig4 y C2850 conservan tensión contextual.","No integración ni firma de censo global; sólo objeto exacto v2."
"2026-09-27T03:22:59Z","/root/revision_residuales/candidatos_editoriales","96d36be9adeed056a5c5f6da54321101b2dc25e7ae1bc28cb9258dae0b3e8bfa","C-2844","C_altas","data/afirmaciones/15.csv","e47bb6671d073d35925825606c313e81872ce5606ad1b7ed29ffde8a1a708bcc","CONFORME_ALCANCE_REVISADO","S352 Gene repertoire p4: atribución textual de falta de ligandos en Monosiga. Dominios separados no constituyen por sí solos ligando completo.","No integración ni firma de censo global; sólo objeto exacto v2."
"2026-09-27T03:22:59Z","/root/revision_residuales/candidatos_editoriales","96d36be9adeed056a5c5f6da54321101b2dc25e7ae1bc28cb9258dae0b3e8bfa","C-2845","C_altas","data/afirmaciones/15.csv","b155ea1f86ca430f675c2c28a22e76ea5983eb1fc51365e6fa5a2d78e28a4421","CONFORME_ALCANCE_REVISADO","Fig4p6 visual:Patched punteado gris, leyenda presenciaMonosiga/ausenciaCapsaspora; no ensayo receptor funcional.","No integración ni firma de censo global; sólo objeto exacto v2."
"2026-09-27T03:22:59Z","/root/revision_residuales/candidatos_editoriales","96d36be9adeed056a5c5f6da54321101b2dc25e7ae1bc28cb9258dae0b3e8bfa","C-2846","C_altas","data/afirmaciones/15.csv","73b6bbc20eec7edcb5a72b35a63c702365320484f694f387cd51d6300f7fd4e0","CONFORME_ALCANCE_REVISADO","Fig4p6 visual:Dispatched punteado gris; presenciaMonosiga segúnleyenda, no prueba secreción funcional.","No integración ni firma de censo global; sólo objeto exacto v2."
"2026-09-27T03:22:59Z","/root/revision_residuales/candidatos_editoriales","96d36be9adeed056a5c5f6da54321101b2dc25e7ae1bc28cb9258dae0b3e8bfa","C-2847","C_altas","data/afirmaciones/15.csv","180c16e4e726f4937643c8f73eae1a4546525ea65b0761d7f774b1ad00d4e808","CONFORME_ALCANCE_REVISADO","SI Note5pp95–96: proteínaMonosiga con similitudC-terminal Hint/Hog; Fig4respaldadominio, no Hh completo.","No integración ni firma de censo global; sólo objeto exacto v2."
"2026-09-27T03:22:59Z","/root/revision_residuales/candidatos_editoriales","96d36be9adeed056a5c5f6da54321101b2dc25e7ae1bc28cb9258dae0b3e8bfa","C-2848","C_altas","data/afirmaciones/15.csv","0cd33c4ec6504cb6aea0b9f5c729f6fc6ed0bb490ec1d8a8d5acdefbfc611434","CONFORME_ALCANCE_REVISADO","SI Note5pp95–96:otra proteínaMonosiga conparteN-terminalHedge; no se infiere ligando completo.","No integración ni firma de censo global; sólo objeto exacto v2."
"2026-09-27T03:22:59Z","/root/revision_residuales/candidatos_editoriales","96d36be9adeed056a5c5f6da54321101b2dc25e7ae1bc28cb9258dae0b3e8bfa","C-2849","C_altas","data/afirmaciones/15.csv","c295db6b7a87c8d338e2f3e1fb97525c9401492ec1d5287767a63678774e5fd2","CONFORME_ALCANCE_REVISADO","LeyendaFig4 y SI pp95–96: Hedge y Hog en proteínas distintas. Relación única entre dominios y portadores.","No integración ni firma de censo global; sólo objeto exacto v2."
"2026-09-27T03:22:59Z","/root/revision_residuales/candidatos_editoriales","96d36be9adeed056a5c5f6da54321101b2dc25e7ae1bc28cb9258dae0b3e8bfa","C-2850","C_altas","data/afirmaciones/15.csv","3891cdaedefd8c956de1355dbb470be682f26d2ddfde589950db7f694a8cf2a5","CONFORME_ALCANCE_REVISADO","Contraste contextual real: posición textual de falta de receptores frente a Patched dibujado presente. Debilita lectura genómica indiferenciada; no refuta experimentalmente ausencia de función.","No integración ni firma de censo global; sólo objeto exacto v2."
"2026-09-27T03:22:59Z","/root/revision_residuales/candidatos_editoriales","96d36be9adeed056a5c5f6da54321101b2dc25e7ae1bc28cb9258dae0b3e8bfa","C-2851","C_altas","data/afirmaciones/15.csv","266cd67714b6dc63d80e3e9bbb7c6d113a70e36e6288c1809c170d01100ec313","NO_CONFORME","Depende de C1581 NO_CONFORME (atomicidad/localizador) y la denomina histórica aunque campos vigentes/resuelta persisten. No firmar esta síntesis como cierre de aquella fila. Tensión contextual de Patched sí observada.","No integración ni firma de censo global; sólo objeto exacto v2."
"2026-09-27T03:22:59Z","/root/revision_residuales/candidatos_editoriales","96d36be9adeed056a5c5f6da54321101b2dc25e7ae1bc28cb9258dae0b3e8bfa","C-2852","C_altas","data/afirmaciones/15.csv","69e47fc428b55dc87432f021ed21f09718c4d3f69001bd60c7d32fa10b296479","NO_CONFORME","Blanco ampliado indebidamente: C1581 niega ligandos, no todo componente semejante; dominios separados de C2849 no prueban ligandoHh. La propia fila reconoce no refutar ausencia funcional. Además depende de C1581NC.","No integración ni firma de censo global; sólo objeto exacto v2."
"2026-09-27T03:22:59Z","/root/revision_residuales/candidatos_editoriales","96d36be9adeed056a5c5f6da54321101b2dc25e7ae1bc28cb9258dae0b3e8bfa","C-2853","C_altas","data/afirmaciones/15.csv","84b2db71e1dbbadab33b512ff03abc77e2bc8adc1f1fa23ad63e3466f1c85595","CONFORME_ALCANCE_REVISADO","SI Note5pp95–96 dice noHh enCapsaspora; negación original/localizador, ámbito genómico sin universalización.","No integración ni firma de censo global; sólo objeto exacto v2."
"2026-09-27T03:22:59Z","/root/revision_residuales/candidatos_editoriales","96d36be9adeed056a5c5f6da54321101b2dc25e7ae1bc28cb9258dae0b3e8bfa","C-2854","C_altas","data/afirmaciones/15.csv","36e56f67829ecda33f59e721237d6a216700d6dee197a74c45af7f31866bd52a","CONFORME_ALCANCE_REVISADO","SI Note5p95 dice noDispatched enCapsaspora; no ausencia universal ni secreción ensayada.","No integración ni firma de censo global; sólo objeto exacto v2."
"2026-09-27T03:22:59Z","/root/revision_residuales/candidatos_editoriales","96d36be9adeed056a5c5f6da54321101b2dc25e7ae1bc28cb9258dae0b3e8bfa","C-2855","C_altas","data/afirmaciones/15.csv","bf04036596d576d10dea545d787adc0fc7f1a82cb60857834b02446ca48807f2","CONFORME_ALCANCE_REVISADO","SI Note5p95 dice noPatched enCapsaspora; Fig4punteado no demuestra función.","No integración ni firma de censo global; sólo objeto exacto v2."
"2026-09-27T03:22:59Z","/root/revision_residuales/candidatos_editoriales","96d36be9adeed056a5c5f6da54321101b2dc25e7ae1bc28cb9258dae0b3e8bfa","C-2856","C_altas","data/afirmaciones/15.csv","83a397cf3960e622644f53ed5cf8505b52e0ef6c9038f4c5d15b3e2a29e914b6","CONFORME_ALCANCE_REVISADO","SI Note5p95 dice noSmoothened enCapsaspora; alcance genómico específico.","No integración ni firma de censo global; sólo objeto exacto v2."
"2026-09-27T03:22:59Z","/root/revision_residuales/candidatos_editoriales","96d36be9adeed056a5c5f6da54321101b2dc25e7ae1bc28cb9258dae0b3e8bfa","C-2857","C_altas","data/afirmaciones/15.csv","1e054bcb2172dc35f247765a20482a489452e18daed8fed4f39191ef487754b2","CONFORME_ALCANCE_REVISADO","SI Note5p96 neitherHint; ausencia anotada deHint/Hog enCapsaspora, no de toda proteína funcionalmente comparable.","No integración ni firma de censo global; sólo objeto exacto v2."
"2026-09-27T03:22:59Z","/root/revision_residuales/candidatos_editoriales","96d36be9adeed056a5c5f6da54321101b2dc25e7ae1bc28cb9258dae0b3e8bfa","C-2858","C_altas","data/afirmaciones/15.csv","63135350c41a099d93440987c9f48d37990440e73595afd63907ea8df953862c","CONFORME_ALCANCE_REVISADO","SI Note5p96 norHedge; dominio separado delHint/Hog y sin extensión alclado.","No integración ni firma de censo global; sólo objeto exacto v2."
"2026-09-27T03:22:59Z","/root/revision_residuales/candidatos_editoriales","96d36be9adeed056a5c5f6da54321101b2dc25e7ae1bc28cb9258dae0b3e8bfa","C-2859","C_altas","data/afirmaciones/15.csv","38c09b44e78c4f7dbddc45eb4f9e1a3aebd7ca028833603ca38fae39109bac68","CONFORME_ALCANCE_REVISADO","SI Note5p96 remainsunclear: CAOG06541 tiene dedos zinc parecidos, ortologíaGli no resuelta; no ausencia total de semejantes.","No integración ni firma de censo global; sólo objeto exacto v2."
"2026-09-27T03:22:59Z","/root/revision_residuales/candidatos_editoriales","96d36be9adeed056a5c5f6da54321101b2dc25e7ae1bc28cb9258dae0b3e8bfa","C-2860","C_altas","data/afirmaciones/15.csv","4fcb24c602c302aab80be4e977f85c92108744a2bd7aa66e5f123ad6aa6bd8e6","CONFORME_ALCANCE_REVISADO","SI p94 lacksRhodopsin likeMonosiga; S26p43 sinpuntoRhodopsin/Monosiga; otrasfamilias presentes.","No integración ni firma de censo global; sólo objeto exacto v2."
"2026-09-27T03:22:59Z","/root/revision_residuales/candidatos_editoriales","96d36be9adeed056a5c5f6da54321101b2dc25e7ae1bc28cb9258dae0b3e8bfa","C-2861","C_altas","data/afirmaciones/15.csv","5dc10847adc2469078fcc647c1b731494f3042b4007d8f5a82eb990bdb6d67b9","CONFORME_ALCANCE_REVISADO","S352p4 posicióntextual separada: falta de ligandos del sistemaRhodopsin; no derivada de ausenciareceptor.","No integración ni firma de censo global; sólo objeto exacto v2."
"2026-09-27T03:22:59Z","/root/revision_residuales/candidatos_editoriales","96d36be9adeed056a5c5f6da54321101b2dc25e7ae1bc28cb9258dae0b3e8bfa","C-2862","C_altas","data/afirmaciones/15.csv","745dff7adaa8b6b1239157f2255e90986828f0cd846678b776fa3aa08d8e8b9f","CONFORME_ALCANCE_REVISADO","SIp94 lacksRhodopsin enCapsaspora; S26p43sinpunto, no todosGPCR.","No integración ni firma de censo global; sólo objeto exacto v2."
"2026-09-27T03:22:59Z","/root/revision_residuales/candidatos_editoriales","96d36be9adeed056a5c5f6da54321101b2dc25e7ae1bc28cb9258dae0b3e8bfa","C-2863","C_altas","data/afirmaciones/15.csv","c84de621bb0420eee6e287508663c721b87e06ade113f8cb278116ab61be2072","CONFORME_ALCANCE_REVISADO","S352p4 posicióntextual separada de ligandosRhodopsin/Capsaspora; no negación de otras señales.","No integración ni firma de censo global; sólo objeto exacto v2."
"2026-09-27T03:22:59Z","/root/revision_residuales/candidatos_editoriales","96d36be9adeed056a5c5f6da54321101b2dc25e7ae1bc28cb9258dae0b3e8bfa","C-2864","C_altas","data/afirmaciones/15.csv","3e9565d78e99749e2011c96a37e4e252a1032a8f3ecedcb083a56d1355952083","CONFORME_ALCANCE_REVISADO","SIp94 publica seisdeocho familias; clasificación porhomología/arquitectura, Methodsweinferred, no seisgenes niacoplamientodemostrado.","No integración ni firma de censo global; sólo objeto exacto v2."
"2026-09-27T03:22:59Z","/root/revision_residuales/candidatos_editoriales","96d36be9adeed056a5c5f6da54321101b2dc25e7ae1bc28cb9258dae0b3e8bfa","C-2865","C_altas","data/afirmaciones/15.csv","2a2a44c1e91648ca8e86f43d9300313bf385308186a14959f89450b6e8f21210","CONFORME_ALCANCE_REVISADO","S26p43: punto en intersección Glutamate/Monosiga, leyendap44. Clasificación genómica apoyada enHMMER/Blast/RAxML; no prueba funcional deacoplamiento.","No integración ni firma de censo global; sólo objeto exacto v2."
"2026-09-27T03:22:59Z","/root/revision_residuales/candidatos_editoriales","96d36be9adeed056a5c5f6da54321101b2dc25e7ae1bc28cb9258dae0b3e8bfa","C-2866","C_altas","data/afirmaciones/15.csv","3c54834d1f7b4851659a8dfe68b714691716791cd62e8dfeeff06f9c979a347f","CONFORME_ALCANCE_REVISADO","S26p43: punto en intersección Adhesion/Secretin/Monosiga, leyendap44. Clasificación genómica apoyada enHMMER/Blast/RAxML; no prueba funcional deacoplamiento.","No integración ni firma de censo global; sólo objeto exacto v2."
"2026-09-27T03:22:59Z","/root/revision_residuales/candidatos_editoriales","96d36be9adeed056a5c5f6da54321101b2dc25e7ae1bc28cb9258dae0b3e8bfa","C-2867","C_altas","data/afirmaciones/15.csv","b639c4015a36896d1cc83460dbb0196f111399b280e4528e2c487aeb92fb6d2c","CONFORME_ALCANCE_REVISADO","S26p43: punto en intersección cAMP/Monosiga, leyendap44. Clasificación genómica apoyada enHMMER/Blast/RAxML; no prueba funcional deacoplamiento.","No integración ni firma de censo global; sólo objeto exacto v2."
"2026-09-27T03:22:59Z","/root/revision_residuales/candidatos_editoriales","96d36be9adeed056a5c5f6da54321101b2dc25e7ae1bc28cb9258dae0b3e8bfa","C-2868","C_altas","data/afirmaciones/15.csv","a426af97a3804c38e61151fab2cb1d6c3a5efa7cb21016a3359137b8e59946f9","CONFORME_ALCANCE_REVISADO","S26p43: punto en intersección GPR108-like/Monosiga, leyendap44. Clasificación genómica apoyada enHMMER/Blast/RAxML; no prueba funcional deacoplamiento.","No integración ni firma de censo global; sólo objeto exacto v2."
"2026-09-27T03:22:59Z","/root/revision_residuales/candidatos_editoriales","96d36be9adeed056a5c5f6da54321101b2dc25e7ae1bc28cb9258dae0b3e8bfa","C-2869","C_altas","data/afirmaciones/15.csv","0a6843387fee142662272b1a99a2079e1cd13fa59164547ed471c7ae761f00a1","CONFORME_ALCANCE_REVISADO","S26p43: punto en intersección Glutamate/Capsaspora, leyendap44. Clasificación genómica apoyada enHMMER/Blast/RAxML; no prueba funcional deacoplamiento.","No integración ni firma de censo global; sólo objeto exacto v2."
"2026-09-27T03:22:59Z","/root/revision_residuales/candidatos_editoriales","96d36be9adeed056a5c5f6da54321101b2dc25e7ae1bc28cb9258dae0b3e8bfa","C-2870","C_altas","data/afirmaciones/15.csv","301af3b6e8c55c81dbfa4edf95c911121f092ae61a248b6ccd0c537b1195dcc6","CONFORME_ALCANCE_REVISADO","S26p43: punto en intersección Adhesion/Secretin/Capsaspora, leyendap44. Clasificación genómica apoyada enHMMER/Blast/RAxML; no prueba funcional deacoplamiento.","No integración ni firma de censo global; sólo objeto exacto v2."
"2026-09-27T03:22:59Z","/root/revision_residuales/candidatos_editoriales","96d36be9adeed056a5c5f6da54321101b2dc25e7ae1bc28cb9258dae0b3e8bfa","C-2871","C_altas","data/afirmaciones/15.csv","c4c999960aab5fe8b2f0cb6d6b9c3c656ad0cfa6911b2723187782111f871195","CONFORME_ALCANCE_REVISADO","S26p43: punto en intersección cAMP/Capsaspora, leyendap44. Clasificación genómica apoyada enHMMER/Blast/RAxML; no prueba funcional deacoplamiento.","No integración ni firma de censo global; sólo objeto exacto v2."
"2026-09-27T03:22:59Z","/root/revision_residuales/candidatos_editoriales","96d36be9adeed056a5c5f6da54321101b2dc25e7ae1bc28cb9258dae0b3e8bfa","C-2872","C_altas","data/afirmaciones/15.csv","0767c4924a157c9653287a5bcf38b1fe08dc8784d18185c6c247983a59b7bbb9","CONFORME_ALCANCE_REVISADO","S26p43: punto en intersección ITR-like/Capsaspora, leyendap44. Clasificación genómica apoyada enHMMER/Blast/RAxML; no prueba funcional deacoplamiento.","No integración ni firma de censo global; sólo objeto exacto v2."
"2026-09-27T03:22:59Z","/root/revision_residuales/candidatos_editoriales","96d36be9adeed056a5c5f6da54321101b2dc25e7ae1bc28cb9258dae0b3e8bfa","C-2873","C_altas","data/afirmaciones/15.csv","08aa58ddec8ce5a605d1a82c1e86ec33cfbab826739152085a2f9a7c9d5f2635","CONFORME_ALCANCE_REVISADO","S26p43: punto en intersección GPR108-like/Capsaspora, leyendap44. Clasificación genómica apoyada enHMMER/Blast/RAxML; no prueba funcional deacoplamiento.","No integración ni firma de censo global; sólo objeto exacto v2."
"2026-09-27T03:22:59Z","/root/revision_residuales/candidatos_editoriales","96d36be9adeed056a5c5f6da54321101b2dc25e7ae1bc28cb9258dae0b3e8bfa","C-2874","C_altas","data/afirmaciones/15.csv","339b81317d396d588d45267ad8a9d64095944522853a30f9a576f253ba078e63","CONFORME_ALCANCE_REVISADO","S26p43: punto en intersección OA1-like/Capsaspora, leyendap44. Clasificación genómica apoyada enHMMER/Blast/RAxML; no prueba funcional deacoplamiento.","No integración ni firma de censo global; sólo objeto exacto v2."
"2026-09-27T03:22:59Z","/root/revision_residuales/candidatos_editoriales","96d36be9adeed056a5c5f6da54321101b2dc25e7ae1bc28cb9258dae0b3e8bfa","C-2875","C_altas","data/afirmaciones/15.csv","886746fd26ee305299c4c69630c1d8f64a1ca08632871ad7436c9b74c1c02e61","CONFORME_ALCANCE_REVISADO","S26p43 Frizzled/Monosiga sinpunto, leído conleyendap44 yMethodspresenceandabsence; ausencia de anotación limitada.","No integración ni firma de censo global; sólo objeto exacto v2."
"2026-09-27T03:22:59Z","/root/revision_residuales/candidatos_editoriales","96d36be9adeed056a5c5f6da54321101b2dc25e7ae1bc28cb9258dae0b3e8bfa","C-2876","C_altas","data/afirmaciones/15.csv","31d9166276b855cd7d4aa5f57e350c02fd84627abebf5c262feca0d38f35dbd3","NO_CONFORME","ProposiciónITR-like yFuente correctas (SIp94/S26p43); Motivo cita Frizzled, un objeto diferente. Fila completa NO_CONFORME; reparar sólo objeto de justificación.","No integración ni firma de censo global; sólo objeto exacto v2."
"2026-09-27T03:22:59Z","/root/revision_residuales/candidatos_editoriales","96d36be9adeed056a5c5f6da54321101b2dc25e7ae1bc28cb9258dae0b3e8bfa","C-2877","C_altas","data/afirmaciones/15.csv","b8ed0765a848a69b03855e209053e8e1f6312687f756c5826c3751fd09da430c","NO_CONFORME","ProposiciónOA1-like yFuente correctas (SIp94/S26p43); Motivo cita Frizzled en vez deOA1-like. Fila completa NO_CONFORME.","No integración ni firma de censo global; sólo objeto exacto v2."
"2026-09-27T03:22:59Z","/root/revision_residuales/candidatos_editoriales","96d36be9adeed056a5c5f6da54321101b2dc25e7ae1bc28cb9258dae0b3e8bfa","C-2878","C_altas","data/afirmaciones/15.csv","6eb67151dcafcd51ec17f46b60649ad61b88081cec84c7dcc7f6974d173310ae","CONFORME_ALCANCE_REVISADO","SIp96Noneof7TMcloselyrelatedFrizzled yS26p43Capsasporasinpunto: resultado de clasificación delimitado, no inexistencia universal.","No integración ni firma de censo global; sólo objeto exacto v2."
"2026-09-27T03:22:59Z","/root/revision_residuales/candidatos_editoriales","96d36be9adeed056a5c5f6da54321101b2dc25e7ae1bc28cb9258dae0b3e8bfa","C-1037","C_correcciones","data/afirmaciones/09.csv","58ccfa35bf952f266fc3e77239bc24347428d2a4b87285fd82c7e763c75c4ae8","CONFORME_ALCANCE_REVISADO","S240Par7 wasestimatedtobe~9.5Mbp; unidad ymodalidad reparadas, fuente nuclear no mitocondrial.","No integración ni firma de censo global; sólo objeto exacto v2."
"2026-09-27T03:22:59Z","/root/revision_residuales/candidatos_editoriales","96d36be9adeed056a5c5f6da54321101b2dc25e7ae1bc28cb9258dae0b3e8bfa","C-1040","C_correcciones","data/afirmaciones/09.csv","179aeff7c831d551ebb58f4192a7f717cc6488f5e17453fe1f7fac7a10ca0132","CONFORME_ALCANCE_REVISADO","S240Par16 Theseobservationssuggest: estructuras TEM/cryoSEM sustentan interpretación de endocitosis, no incorporación directamente demostrada.","No integración ni firma de censo global; sólo objeto exacto v2."
"2026-09-27T03:22:59Z","/root/revision_residuales/candidatos_editoriales","96d36be9adeed056a5c5f6da54321101b2dc25e7ae1bc28cb9258dae0b3e8bfa","C-1581","C_conservadas","data/afirmaciones/12.csv","9bdb1a21bbf293aed15a0e5a71b4bc62ac893567a672da0f7a356d3fd3f0ce16","NO_CONFORME","Cuatro combinaciones receptor/ligando×Capsaspora/Monosiga; localizador Signallingpathways inexistente; persiste vigente/resuelta. Conservar bytes no exime atomicidad ni corrige ubicación. Requiere decisión de representación, no retirar posición científica.","No integración ni firma de censo global; sólo objeto exacto v2."
"2026-09-27T03:22:59Z","/root/revision_residuales/candidatos_editoriales","96d36be9adeed056a5c5f6da54321101b2dc25e7ae1bc28cb9258dae0b3e8bfa","C-1041","C_conservadas","data/afirmaciones/09.csv","5b7dadd342ee1f80ea76bb6dc70b212630ddb3eb0ac8bd60a3645a761318ac34","FUERA_DE_ALCANCE_NO_ADJUDICADA","Fuera de revisión: dato seisgenesmitocondriales no restaurado en la comparación nueva; no se aprueba ni se declara falso.","No integración ni firma de censo global; sólo objeto exacto v2."
"2026-09-27T03:22:59Z","/root/revision_residuales/candidatos_editoriales","96d36be9adeed056a5c5f6da54321101b2dc25e7ae1bc28cb9258dae0b3e8bfa","F_altas-1","F_altas","data/apendices/F_magnitudes.csv","4a7f89e984b82a839a85e95fb5bff0417390f10aa063e5bf665ae035c8c90cea","CONFORME_ALCANCE_REVISADO","39.9Mbp reconstrucción por ensamblaje S240Table1/S563Methods; no citometría ni conversión.","No integración ni firma de censo global; sólo objeto exacto v2."
"2026-09-27T03:22:59Z","/root/revision_residuales/candidatos_editoriales","96d36be9adeed056a5c5f6da54321101b2dc25e7ae1bc28cb9258dae0b3e8bfa","F_altas-2","F_altas","data/apendices/F_magnitudes.csv","61dd6c702561cc78ee07d7167766cc4cbb80d8e8f4c7873e68347b4829c76ee7","CONFORME_ALCANCE_REVISADO","8genes candidatos origeninferido S240Par14/Sec14.","No integración ni firma de censo global; sólo objeto exacto v2."
"2026-09-27T03:22:59Z","/root/revision_residuales/candidatos_editoriales","96d36be9adeed056a5c5f6da54321101b2dc25e7ae1bc28cb9258dae0b3e8bfa","F_altas-3","F_altas","data/apendices/F_magnitudes.csv","5a2994bcfc147a319b23b1af446d9b8f11e9f2a25aa5bb803e296e0997a87776","CONFORME_ALCANCE_REVISADO","3846 es recuento observado del conjunto analizable de alineamientos, no8eventos ni totalgenes hospedador.","No integración ni firma de censo global; sólo objeto exacto v2."
"2026-09-27T03:22:59Z","/root/revision_residuales/candidatos_editoriales","96d36be9adeed056a5c5f6da54321101b2dc25e7ae1bc28cb9258dae0b3e8bfa","F_altas-4","F_altas","data/apendices/F_magnitudes.csv","a44369e984a70916ebad66d73b1c59127a4d504813bb40426eb4c5954e2865d5","CONFORME_ALCANCE_REVISADO","six familiasinferidas porhomología segúnSIp94/Methods; no recuentopropio de figura.","No integración ni firma de censo global; sólo objeto exacto v2."
"2026-09-27T03:22:59Z","/root/revision_residuales/candidatos_editoriales","96d36be9adeed056a5c5f6da54321101b2dc25e7ae1bc28cb9258dae0b3e8bfa","F_altas-5","F_altas","data/apendices/F_magnitudes.csv","12cd5a398f1b72cdd56400b11a15a811a5a4eafac6d92c3410dc4ad7cdfa5157","CONFORME_ALCANCE_REVISADO","eight categorías de clasificación publicada SIp94, cardinalidad del esquema, no8genes ni estimación ancestral.","No integración ni firma de censo global; sólo objeto exacto v2."
"2026-09-27T03:22:59Z","/root/revision_residuales/candidatos_editoriales","96d36be9adeed056a5c5f6da54321101b2dc25e7ae1bc28cb9258dae0b3e8bfa","F_correcciones-1","F_correcciones","data/apendices/F_magnitudes.csv","2f1953395335009530f1e0caf705311025233d091c5094e0b406b5c19d5bb774","CONFORME_ALCANCE_REVISADO","~9.5Mbp estimado S240Par7; inferido y aproximado, conserva unidad.","No integración ni firma de censo global; sólo objeto exacto v2."
"2026-09-27T03:22:59Z","/root/revision_residuales/candidatos_editoriales","96d36be9adeed056a5c5f6da54321101b2dc25e7ae1bc28cb9258dae0b3e8bfa","B_altas-1","B_altas","data/apendices/B_entidades.csv","1e10147e8a2a5cccc150dde7889cb1603f2049d43d26ad61d41ba1f58a2d9ec9","CONFORME_ALCANCE_REVISADO","Etiqueta y referente corresponden a la C propuesta; cotejo nominal y tipos/alias, no prueba científica por existencia de B. Las40altas no garantizan exhaustividad; faltan métodos en el paquete.","No integración ni firma de censo global; sólo objeto exacto v2."
"2026-09-27T03:22:59Z","/root/revision_residuales/candidatos_editoriales","96d36be9adeed056a5c5f6da54321101b2dc25e7ae1bc28cb9258dae0b3e8bfa","B_altas-2","B_altas","data/apendices/B_entidades.csv","b3e9a51acf2a7e107dc10c5b8c1b03a6712297017e556531daf2609ee23b2a10","CONFORME_ALCANCE_REVISADO","Etiqueta y referente corresponden a la C propuesta; cotejo nominal y tipos/alias, no prueba científica por existencia de B. Las40altas no garantizan exhaustividad; faltan métodos en el paquete.","No integración ni firma de censo global; sólo objeto exacto v2."
"2026-09-27T03:22:59Z","/root/revision_residuales/candidatos_editoriales","96d36be9adeed056a5c5f6da54321101b2dc25e7ae1bc28cb9258dae0b3e8bfa","B_altas-3","B_altas","data/apendices/B_entidades.csv","4c150b04eade50ad08b4b369dfa1ac0ee2efa676c2d307d73a933186e3062880","CONFORME_ALCANCE_REVISADO","Etiqueta y referente corresponden a la C propuesta; cotejo nominal y tipos/alias, no prueba científica por existencia de B. Las40altas no garantizan exhaustividad; faltan métodos en el paquete.","No integración ni firma de censo global; sólo objeto exacto v2."
"2026-09-27T03:22:59Z","/root/revision_residuales/candidatos_editoriales","96d36be9adeed056a5c5f6da54321101b2dc25e7ae1bc28cb9258dae0b3e8bfa","B_altas-4","B_altas","data/apendices/B_entidades.csv","66052a27939730e412423705ee79ac7d8183c553dafdd7bf730b8f92bf9ed82d","CONFORME_ALCANCE_REVISADO","Etiqueta y referente corresponden a la C propuesta; cotejo nominal y tipos/alias, no prueba científica por existencia de B. Las40altas no garantizan exhaustividad; faltan métodos en el paquete.","No integración ni firma de censo global; sólo objeto exacto v2."
"2026-09-27T03:22:59Z","/root/revision_residuales/candidatos_editoriales","96d36be9adeed056a5c5f6da54321101b2dc25e7ae1bc28cb9258dae0b3e8bfa","B_altas-5","B_altas","data/apendices/B_entidades.csv","c2b3543bd67646700819f192af0cfe5854760775edc04d1323e95eacee0ecac9","CONFORME_ALCANCE_REVISADO","Etiqueta y referente corresponden a la C propuesta; cotejo nominal y tipos/alias, no prueba científica por existencia de B. Las40altas no garantizan exhaustividad; faltan métodos en el paquete.","No integración ni firma de censo global; sólo objeto exacto v2."
"2026-09-27T03:22:59Z","/root/revision_residuales/candidatos_editoriales","96d36be9adeed056a5c5f6da54321101b2dc25e7ae1bc28cb9258dae0b3e8bfa","B_altas-6","B_altas","data/apendices/B_entidades.csv","e3bdfce040d1beccbad30a26c33aaf065a8e17d38604511831ab7a8747b23679","CONFORME_ALCANCE_REVISADO","Etiqueta y referente corresponden a la C propuesta; cotejo nominal y tipos/alias, no prueba científica por existencia de B. Las40altas no garantizan exhaustividad; faltan métodos en el paquete.","No integración ni firma de censo global; sólo objeto exacto v2."
"2026-09-27T03:22:59Z","/root/revision_residuales/candidatos_editoriales","96d36be9adeed056a5c5f6da54321101b2dc25e7ae1bc28cb9258dae0b3e8bfa","B_altas-7","B_altas","data/apendices/B_entidades.csv","b52c70971dcf2d45233adb9ba26a2c8c4e6a2c4a53bfd99c023ced4fb942af2a","CONFORME_ALCANCE_REVISADO","Etiqueta y referente corresponden a la C propuesta; cotejo nominal y tipos/alias, no prueba científica por existencia de B. Las40altas no garantizan exhaustividad; faltan métodos en el paquete.","No integración ni firma de censo global; sólo objeto exacto v2."
"2026-09-27T03:22:59Z","/root/revision_residuales/candidatos_editoriales","96d36be9adeed056a5c5f6da54321101b2dc25e7ae1bc28cb9258dae0b3e8bfa","B_altas-8","B_altas","data/apendices/B_entidades.csv","51a0c19a135ce67d761016f415c500de63e1e73599eca70f4813a0a2e5cabaca","CONFORME_ALCANCE_REVISADO","Etiqueta y referente corresponden a la C propuesta; cotejo nominal y tipos/alias, no prueba científica por existencia de B. Las40altas no garantizan exhaustividad; faltan métodos en el paquete.","No integración ni firma de censo global; sólo objeto exacto v2."
"2026-09-27T03:22:59Z","/root/revision_residuales/candidatos_editoriales","96d36be9adeed056a5c5f6da54321101b2dc25e7ae1bc28cb9258dae0b3e8bfa","B_altas-9","B_altas","data/apendices/B_entidades.csv","25a61244b55be80195fdee025e240f1ae564f3e00f60d82bd9aecccd90a66bbf","CONFORME_ALCANCE_REVISADO","Etiqueta y referente corresponden a la C propuesta; cotejo nominal y tipos/alias, no prueba científica por existencia de B. Las40altas no garantizan exhaustividad; faltan métodos en el paquete.","No integración ni firma de censo global; sólo objeto exacto v2."
"2026-09-27T03:22:59Z","/root/revision_residuales/candidatos_editoriales","96d36be9adeed056a5c5f6da54321101b2dc25e7ae1bc28cb9258dae0b3e8bfa","B_altas-10","B_altas","data/apendices/B_entidades.csv","393d6271c79186d4efefb5cf9f57356f17a6dbe3d77f14711a79e21c54a0a2ef","CONFORME_ALCANCE_REVISADO","Etiqueta y referente corresponden a la C propuesta; cotejo nominal y tipos/alias, no prueba científica por existencia de B. Las40altas no garantizan exhaustividad; faltan métodos en el paquete.","No integración ni firma de censo global; sólo objeto exacto v2."
"2026-09-27T03:22:59Z","/root/revision_residuales/candidatos_editoriales","96d36be9adeed056a5c5f6da54321101b2dc25e7ae1bc28cb9258dae0b3e8bfa","B_altas-11","B_altas","data/apendices/B_entidades.csv","1db4d65d68f4dc950be4282d876262aed713cb33f962716c4ad81c3e26d9dc20","CONFORME_ALCANCE_REVISADO","Etiqueta y referente corresponden a la C propuesta; cotejo nominal y tipos/alias, no prueba científica por existencia de B. Las40altas no garantizan exhaustividad; faltan métodos en el paquete.","No integración ni firma de censo global; sólo objeto exacto v2."
"2026-09-27T03:22:59Z","/root/revision_residuales/candidatos_editoriales","96d36be9adeed056a5c5f6da54321101b2dc25e7ae1bc28cb9258dae0b3e8bfa","B_altas-12","B_altas","data/apendices/B_entidades.csv","012430dcddbcd5333410136f9c8aa9486fe7c91b4d16e8b7e9df3abf7aa5dd72","CONFORME_ALCANCE_REVISADO","Etiqueta y referente corresponden a la C propuesta; cotejo nominal y tipos/alias, no prueba científica por existencia de B. Las40altas no garantizan exhaustividad; faltan métodos en el paquete.","No integración ni firma de censo global; sólo objeto exacto v2."
"2026-09-27T03:22:59Z","/root/revision_residuales/candidatos_editoriales","96d36be9adeed056a5c5f6da54321101b2dc25e7ae1bc28cb9258dae0b3e8bfa","B_altas-13","B_altas","data/apendices/B_entidades.csv","980033a20beec0bba192550f4c796503a0afe61e6442f91c705167297a766218","CONFORME_ALCANCE_REVISADO","Etiqueta y referente corresponden a la C propuesta; cotejo nominal y tipos/alias, no prueba científica por existencia de B. Las40altas no garantizan exhaustividad; faltan métodos en el paquete.","No integración ni firma de censo global; sólo objeto exacto v2."
"2026-09-27T03:22:59Z","/root/revision_residuales/candidatos_editoriales","96d36be9adeed056a5c5f6da54321101b2dc25e7ae1bc28cb9258dae0b3e8bfa","B_altas-14","B_altas","data/apendices/B_entidades.csv","f46be118d9632a895dfc07c4f7f88204fc4182b57f419076883cba7dcfbb1a85","CONFORME_ALCANCE_REVISADO","Etiqueta y referente corresponden a la C propuesta; cotejo nominal y tipos/alias, no prueba científica por existencia de B. Las40altas no garantizan exhaustividad; faltan métodos en el paquete.","No integración ni firma de censo global; sólo objeto exacto v2."
"2026-09-27T03:22:59Z","/root/revision_residuales/candidatos_editoriales","96d36be9adeed056a5c5f6da54321101b2dc25e7ae1bc28cb9258dae0b3e8bfa","B_altas-15","B_altas","data/apendices/B_entidades.csv","92169154c85451dd962b37baa567751d06243d187cb0889b80dc1a73877b2454","CONFORME_ALCANCE_REVISADO","Etiqueta y referente corresponden a la C propuesta; cotejo nominal y tipos/alias, no prueba científica por existencia de B. Las40altas no garantizan exhaustividad; faltan métodos en el paquete.","No integración ni firma de censo global; sólo objeto exacto v2."
"2026-09-27T03:22:59Z","/root/revision_residuales/candidatos_editoriales","96d36be9adeed056a5c5f6da54321101b2dc25e7ae1bc28cb9258dae0b3e8bfa","B_altas-16","B_altas","data/apendices/B_entidades.csv","f17085b3e0dbd414b17a39da85c86ad100266e92836b0b6ed2a6ca18c04420c0","CONFORME_ALCANCE_REVISADO","Etiqueta y referente corresponden a la C propuesta; cotejo nominal y tipos/alias, no prueba científica por existencia de B. Las40altas no garantizan exhaustividad; faltan métodos en el paquete.","No integración ni firma de censo global; sólo objeto exacto v2."
"2026-09-27T03:22:59Z","/root/revision_residuales/candidatos_editoriales","96d36be9adeed056a5c5f6da54321101b2dc25e7ae1bc28cb9258dae0b3e8bfa","B_altas-17","B_altas","data/apendices/B_entidades.csv","ea0dee277ff97e43eb8b1b1ac9e6c61a4a701929b252bfe8309c7deb33a6cf02","CONFORME_ALCANCE_REVISADO","Etiqueta y referente corresponden a la C propuesta; cotejo nominal y tipos/alias, no prueba científica por existencia de B. Las40altas no garantizan exhaustividad; faltan métodos en el paquete.","No integración ni firma de censo global; sólo objeto exacto v2."
"2026-09-27T03:22:59Z","/root/revision_residuales/candidatos_editoriales","96d36be9adeed056a5c5f6da54321101b2dc25e7ae1bc28cb9258dae0b3e8bfa","B_altas-18","B_altas","data/apendices/B_entidades.csv","9d6d9565ac0f74a81b32a88e4a5b93208e30b2329cd2860400f0782355f06bd9","CONFORME_ALCANCE_REVISADO","Etiqueta y referente corresponden a la C propuesta; cotejo nominal y tipos/alias, no prueba científica por existencia de B. Las40altas no garantizan exhaustividad; faltan métodos en el paquete.","No integración ni firma de censo global; sólo objeto exacto v2."
"2026-09-27T03:22:59Z","/root/revision_residuales/candidatos_editoriales","96d36be9adeed056a5c5f6da54321101b2dc25e7ae1bc28cb9258dae0b3e8bfa","B_altas-19","B_altas","data/apendices/B_entidades.csv","c679b719ce6dff4f7611d3e16f0af7fd701ae93b3a27ab780dd1f31349a500bd","CONFORME_ALCANCE_REVISADO","Etiqueta y referente corresponden a la C propuesta; cotejo nominal y tipos/alias, no prueba científica por existencia de B. Las40altas no garantizan exhaustividad; faltan métodos en el paquete.","No integración ni firma de censo global; sólo objeto exacto v2."
"2026-09-27T03:22:59Z","/root/revision_residuales/candidatos_editoriales","96d36be9adeed056a5c5f6da54321101b2dc25e7ae1bc28cb9258dae0b3e8bfa","B_altas-20","B_altas","data/apendices/B_entidades.csv","c221481ea38a86920ba22f61d89107de479f9f5a15004bd7ae20696068fed5bd","CONFORME_ALCANCE_REVISADO","Etiqueta y referente corresponden a la C propuesta; cotejo nominal y tipos/alias, no prueba científica por existencia de B. Las40altas no garantizan exhaustividad; faltan métodos en el paquete.","No integración ni firma de censo global; sólo objeto exacto v2."
"2026-09-27T03:22:59Z","/root/revision_residuales/candidatos_editoriales","96d36be9adeed056a5c5f6da54321101b2dc25e7ae1bc28cb9258dae0b3e8bfa","B_altas-21","B_altas","data/apendices/B_entidades.csv","4c65b4134ab2b0436a58e2d175606470b5a1800a2c98ce375b1eaf689ef363d0","CONFORME_ALCANCE_REVISADO","Etiqueta y referente corresponden a la C propuesta; cotejo nominal y tipos/alias, no prueba científica por existencia de B. Las40altas no garantizan exhaustividad; faltan métodos en el paquete.","No integración ni firma de censo global; sólo objeto exacto v2."
"2026-09-27T03:22:59Z","/root/revision_residuales/candidatos_editoriales","96d36be9adeed056a5c5f6da54321101b2dc25e7ae1bc28cb9258dae0b3e8bfa","B_altas-22","B_altas","data/apendices/B_entidades.csv","270b6f1cc9996d50ddbb252bd2b93aeea80f3781d412ecd461e30b7fcc6e3209","CONFORME_ALCANCE_REVISADO","Etiqueta y referente corresponden a la C propuesta; cotejo nominal y tipos/alias, no prueba científica por existencia de B. Las40altas no garantizan exhaustividad; faltan métodos en el paquete.","No integración ni firma de censo global; sólo objeto exacto v2."
"2026-09-27T03:22:59Z","/root/revision_residuales/candidatos_editoriales","96d36be9adeed056a5c5f6da54321101b2dc25e7ae1bc28cb9258dae0b3e8bfa","B_altas-23","B_altas","data/apendices/B_entidades.csv","58111bfc01e1f6b9d62554977eab0efe8f587337e29f6eafe7ad11dabfef2046","CONFORME_ALCANCE_REVISADO","Etiqueta y referente corresponden a la C propuesta; cotejo nominal y tipos/alias, no prueba científica por existencia de B. Las40altas no garantizan exhaustividad; faltan métodos en el paquete.","No integración ni firma de censo global; sólo objeto exacto v2."
"2026-09-27T03:22:59Z","/root/revision_residuales/candidatos_editoriales","96d36be9adeed056a5c5f6da54321101b2dc25e7ae1bc28cb9258dae0b3e8bfa","B_altas-24","B_altas","data/apendices/B_entidades.csv","043cb409e7ab4d2c89b6eb188f2ea43a0c411f27ac280ab9b53c7c228e096e47","CONFORME_ALCANCE_REVISADO","Etiqueta y referente corresponden a la C propuesta; cotejo nominal y tipos/alias, no prueba científica por existencia de B. Las40altas no garantizan exhaustividad; faltan métodos en el paquete.","No integración ni firma de censo global; sólo objeto exacto v2."
"2026-09-27T03:22:59Z","/root/revision_residuales/candidatos_editoriales","96d36be9adeed056a5c5f6da54321101b2dc25e7ae1bc28cb9258dae0b3e8bfa","B_altas-25","B_altas","data/apendices/B_entidades.csv","035da1a778779fa6868d747f83fe48fd680d6d5ac247772fefa827b63d6cbbe6","CONFORME_ALCANCE_REVISADO","Etiqueta y referente corresponden a la C propuesta; cotejo nominal y tipos/alias, no prueba científica por existencia de B. Las40altas no garantizan exhaustividad; faltan métodos en el paquete.","No integración ni firma de censo global; sólo objeto exacto v2."
"2026-09-27T03:22:59Z","/root/revision_residuales/candidatos_editoriales","96d36be9adeed056a5c5f6da54321101b2dc25e7ae1bc28cb9258dae0b3e8bfa","B_altas-26","B_altas","data/apendices/B_entidades.csv","f6ad4e97404676e7c03807f725e1b9cafa62ca921a80214a2260997d97ce2d99","CONFORME_ALCANCE_REVISADO","Etiqueta y referente corresponden a la C propuesta; cotejo nominal y tipos/alias, no prueba científica por existencia de B. Las40altas no garantizan exhaustividad; faltan métodos en el paquete.","No integración ni firma de censo global; sólo objeto exacto v2."
"2026-09-27T03:22:59Z","/root/revision_residuales/candidatos_editoriales","96d36be9adeed056a5c5f6da54321101b2dc25e7ae1bc28cb9258dae0b3e8bfa","B_altas-27","B_altas","data/apendices/B_entidades.csv","8b81a38af1fab180e5b6a1b885ac0585a073e1752fb37e2a3cdf5105c96ac8af","CONFORME_ALCANCE_REVISADO","Etiqueta y referente corresponden a la C propuesta; cotejo nominal y tipos/alias, no prueba científica por existencia de B. Las40altas no garantizan exhaustividad; faltan métodos en el paquete.","No integración ni firma de censo global; sólo objeto exacto v2."
"2026-09-27T03:22:59Z","/root/revision_residuales/candidatos_editoriales","96d36be9adeed056a5c5f6da54321101b2dc25e7ae1bc28cb9258dae0b3e8bfa","B_altas-28","B_altas","data/apendices/B_entidades.csv","519e1418cc90c80bb26402e861345dfd57f1da8b19f27eb0321961aeee9971c8","CONFORME_ALCANCE_REVISADO","Etiqueta y referente corresponden a la C propuesta; cotejo nominal y tipos/alias, no prueba científica por existencia de B. Las40altas no garantizan exhaustividad; faltan métodos en el paquete.","No integración ni firma de censo global; sólo objeto exacto v2."
"2026-09-27T03:22:59Z","/root/revision_residuales/candidatos_editoriales","96d36be9adeed056a5c5f6da54321101b2dc25e7ae1bc28cb9258dae0b3e8bfa","B_altas-29","B_altas","data/apendices/B_entidades.csv","379ab34574f00ec87d7e77593cbf87855ac158231cfd8d3eb90a1fde7a68361a","CONFORME_ALCANCE_REVISADO","Etiqueta y referente corresponden a la C propuesta; cotejo nominal y tipos/alias, no prueba científica por existencia de B. Las40altas no garantizan exhaustividad; faltan métodos en el paquete.","No integración ni firma de censo global; sólo objeto exacto v2."
"2026-09-27T03:22:59Z","/root/revision_residuales/candidatos_editoriales","96d36be9adeed056a5c5f6da54321101b2dc25e7ae1bc28cb9258dae0b3e8bfa","B_altas-30","B_altas","data/apendices/B_entidades.csv","ba9a12c32a7429468284aacc69ea85483baae3a8b76a8a76fc28afde7db503ef","CONFORME_ALCANCE_REVISADO","Etiqueta y referente corresponden a la C propuesta; cotejo nominal y tipos/alias, no prueba científica por existencia de B. Las40altas no garantizan exhaustividad; faltan métodos en el paquete.","No integración ni firma de censo global; sólo objeto exacto v2."
"2026-09-27T03:22:59Z","/root/revision_residuales/candidatos_editoriales","96d36be9adeed056a5c5f6da54321101b2dc25e7ae1bc28cb9258dae0b3e8bfa","B_altas-31","B_altas","data/apendices/B_entidades.csv","a073dc3ebf768a6d14fe70e26692119e1089da92055178d9997bea8222c64449","CONFORME_ALCANCE_REVISADO","Etiqueta y referente corresponden a la C propuesta; cotejo nominal y tipos/alias, no prueba científica por existencia de B. Las40altas no garantizan exhaustividad; faltan métodos en el paquete.","No integración ni firma de censo global; sólo objeto exacto v2."
"2026-09-27T03:22:59Z","/root/revision_residuales/candidatos_editoriales","96d36be9adeed056a5c5f6da54321101b2dc25e7ae1bc28cb9258dae0b3e8bfa","B_altas-32","B_altas","data/apendices/B_entidades.csv","b1be8bff133301a625040c9e5bd7269caf0ac71944241ad7d1a4f310563b8499","CONFORME_ALCANCE_REVISADO","Etiqueta y referente corresponden a la C propuesta; cotejo nominal y tipos/alias, no prueba científica por existencia de B. Las40altas no garantizan exhaustividad; faltan métodos en el paquete.","No integración ni firma de censo global; sólo objeto exacto v2."
"2026-09-27T03:22:59Z","/root/revision_residuales/candidatos_editoriales","96d36be9adeed056a5c5f6da54321101b2dc25e7ae1bc28cb9258dae0b3e8bfa","B_altas-33","B_altas","data/apendices/B_entidades.csv","d1944332a39bdc38068045953e78a652b2a717f2b171004da4a02114c98ab69a","CONFORME_ALCANCE_REVISADO","Etiqueta y referente corresponden a la C propuesta; cotejo nominal y tipos/alias, no prueba científica por existencia de B. Las40altas no garantizan exhaustividad; faltan métodos en el paquete.","No integración ni firma de censo global; sólo objeto exacto v2."
"2026-09-27T03:22:59Z","/root/revision_residuales/candidatos_editoriales","96d36be9adeed056a5c5f6da54321101b2dc25e7ae1bc28cb9258dae0b3e8bfa","B_altas-34","B_altas","data/apendices/B_entidades.csv","4949980b6e2305f184bea73ca06ce6b77537bb760b0b7b023e928564b5ae1bcc","CONFORME_ALCANCE_REVISADO","Etiqueta y referente corresponden a la C propuesta; cotejo nominal y tipos/alias, no prueba científica por existencia de B. Las40altas no garantizan exhaustividad; faltan métodos en el paquete.","No integración ni firma de censo global; sólo objeto exacto v2."
"2026-09-27T03:22:59Z","/root/revision_residuales/candidatos_editoriales","96d36be9adeed056a5c5f6da54321101b2dc25e7ae1bc28cb9258dae0b3e8bfa","B_altas-35","B_altas","data/apendices/B_entidades.csv","32b3a8404743307280099f0f58fb2b75e79376f7e0a131c72dd34a11b63f2d0c","CONFORME_ALCANCE_REVISADO","Etiqueta y referente corresponden a la C propuesta; cotejo nominal y tipos/alias, no prueba científica por existencia de B. Las40altas no garantizan exhaustividad; faltan métodos en el paquete.","No integración ni firma de censo global; sólo objeto exacto v2."
"2026-09-27T03:22:59Z","/root/revision_residuales/candidatos_editoriales","96d36be9adeed056a5c5f6da54321101b2dc25e7ae1bc28cb9258dae0b3e8bfa","B_altas-36","B_altas","data/apendices/B_entidades.csv","1f0b8d14317752ec5135f026c12ef17ca0fd9ce48decf71e11f4f1345e41a2c2","CONFORME_ALCANCE_REVISADO","Etiqueta y referente corresponden a la C propuesta; cotejo nominal y tipos/alias, no prueba científica por existencia de B. Las40altas no garantizan exhaustividad; faltan métodos en el paquete.","No integración ni firma de censo global; sólo objeto exacto v2."
"2026-09-27T03:22:59Z","/root/revision_residuales/candidatos_editoriales","96d36be9adeed056a5c5f6da54321101b2dc25e7ae1bc28cb9258dae0b3e8bfa","B_altas-37","B_altas","data/apendices/B_entidades.csv","0014ed03d150952a548880553268fc677e54c0d9be92de4f663163c1ca39d4ec","CONFORME_ALCANCE_REVISADO","Etiqueta y referente corresponden a la C propuesta; cotejo nominal y tipos/alias, no prueba científica por existencia de B. Las40altas no garantizan exhaustividad; faltan métodos en el paquete.","No integración ni firma de censo global; sólo objeto exacto v2."
"2026-09-27T03:22:59Z","/root/revision_residuales/candidatos_editoriales","96d36be9adeed056a5c5f6da54321101b2dc25e7ae1bc28cb9258dae0b3e8bfa","B_altas-38","B_altas","data/apendices/B_entidades.csv","ca06dc64568ce3c86314ef431034e6228257917ee9f5d70e20e88f03c611239a","CONFORME_ALCANCE_REVISADO","Etiqueta y referente corresponden a la C propuesta; cotejo nominal y tipos/alias, no prueba científica por existencia de B. Las40altas no garantizan exhaustividad; faltan métodos en el paquete.","No integración ni firma de censo global; sólo objeto exacto v2."
"2026-09-27T03:22:59Z","/root/revision_residuales/candidatos_editoriales","96d36be9adeed056a5c5f6da54321101b2dc25e7ae1bc28cb9258dae0b3e8bfa","B_altas-39","B_altas","data/apendices/B_entidades.csv","0ee52018bd3327e287c723b112c29696b6f37ae5990311a2fa3663c35d1a104a","CONFORME_ALCANCE_REVISADO","Etiqueta y referente corresponden a la C propuesta; cotejo nominal y tipos/alias, no prueba científica por existencia de B. Las40altas no garantizan exhaustividad; faltan métodos en el paquete.","No integración ni firma de censo global; sólo objeto exacto v2."
"2026-09-27T03:22:59Z","/root/revision_residuales/candidatos_editoriales","96d36be9adeed056a5c5f6da54321101b2dc25e7ae1bc28cb9258dae0b3e8bfa","B_altas-40","B_altas","data/apendices/B_entidades.csv","e5af9231ca985e33a48d87267ffeeeb391b54e791e7caea57c9656f33dd9cca0","CONFORME_ALCANCE_REVISADO","Etiqueta y referente corresponden a la C propuesta; cotejo nominal y tipos/alias, no prueba científica por existencia de B. Las40altas no garantizan exhaustividad; faltan métodos en el paquete.","No integración ni firma de censo global; sólo objeto exacto v2."
"2026-09-27T03:22:59Z","/root/revision_residuales/candidatos_editoriales","96d36be9adeed056a5c5f6da54321101b2dc25e7ae1bc28cb9258dae0b3e8bfa","B_correcciones-1","B_correcciones","data/apendices/B_entidades.csv","66159413abcaa28626f3ce77adfe49b9a17362bdd657f7ff62b6bfca91410b62","CONFORME_ALCANCE_REVISADO","Etiqueta y referente corresponden a la C propuesta; cotejo nominal y tipos/alias, no prueba científica por existencia de B. Las40altas no garantizan exhaustividad; faltan métodos en el paquete.","No integración ni firma de censo global; sólo objeto exacto v2."
"2026-09-27T03:22:59Z","/root/revision_residuales/candidatos_editoriales","96d36be9adeed056a5c5f6da54321101b2dc25e7ae1bc28cb9258dae0b3e8bfa","A_altas-1","A_altas","data/apendices/A_fuentes.csv","a4dbf70df8748f1363d8a771710b630e74507146b17e1c18f897fb66ee394638","CONFORME_ALCANCE_REVISADO","S563front/articlemetadata:Jackson2016CurrentBiology26(2)161–172,DOI10.1016/j.cub.2015.11.055, research-article, is-manuscript=no/is-preprint=no. Fuente temporal inspeccionada, no integración ejecutada.","No integración ni firma de censo global; sólo objeto exacto v2."
"2026-09-27T03:22:59Z","/root/revision_residuales/candidatos_editoriales","96d36be9adeed056a5c5f6da54321101b2dc25e7ae1bc28cb9258dae0b3e8bfa","PROSA-1","prosa_cambios","docs/secciones/010-09-9-asociacion-el-catalogo-de-desenlaces.md","3c126324fb3f7f71c92dc234ee9e96760c3f4e62772f17a8f2d8195f14018dda","CONFORME_ALCANCE_REVISADO","Par7/Par10/Table1 yS563 sostienen dos magnitudes diferenciadas, fuentes/localizadores pororación; sincociente.","No integración ni firma de censo global; sólo objeto exacto v2."
"2026-09-27T03:22:59Z","/root/revision_residuales/candidatos_editoriales","96d36be9adeed056a5c5f6da54321101b2dc25e7ae1bc28cb9258dae0b3e8bfa","PROSA-2","prosa_cambios","docs/secciones/010-09-9-asociacion-el-catalogo-de-desenlaces.md","913d3a5c06febe3e086d541a6d9c4492d4c00b635306b739058eaf4d98301895","CONFORME_ALCANCE_REVISADO","C1040/C2840–42: observación/interpretación/hipótesis separadas, originales ylocalizadores, sin ligar productosEGT con retorno demostrado.","No integración ni firma de censo global; sólo objeto exacto v2."
"2026-09-27T03:22:59Z","/root/revision_residuales/candidatos_editoriales","96d36be9adeed056a5c5f6da54321101b2dc25e7ae1bc28cb9258dae0b3e8bfa","PROSA-3","prosa_cambios","docs/secciones/013-12-12-multicelularidad-y-el-repertorio-preanimal.md","9e1a562f1e213e55c3df7b6d5c817539d4e7fc1f9319326d5ad32a4da951d4a2","NO_CONFORME","Conserva C1581 como histórica sin resolver representación canónica y reproduce C2852 con blancoampliado; no cierre del bloque completo. Los párrafos expresos C2843–49/C2853–59 tienen dictamen nominal separado.","No integración ni firma de censo global; sólo objeto exacto v2."
"2026-09-27T03:22:59Z","/root/revision_residuales/candidatos_editoriales","96d36be9adeed056a5c5f6da54321101b2dc25e7ae1bc28cb9258dae0b3e8bfa","PROSA-4","prosa_cambios","docs/secciones/013-12-12-multicelularidad-y-el-repertorio-preanimal.md","ad6e4b8c1240b5ab07ee1fed3543126634778f892e9d785d0a184b082d88fc49","NO_CONFORME","Las frases nuevas tienen apoyo primario, pero cita C2876/77 con Motivo de otro objeto; trazabilidad exacta no cerrada. La primera oración heredada C1582 no fue adjudicada.","No integración ni firma de censo global; sólo objeto exacto v2."
"2026-09-27T03:22:59Z","/root/revision_residuales/candidatos_editoriales","96d36be9adeed056a5c5f6da54321101b2dc25e7ae1bc28cb9258dae0b3e8bfa","PROSA-5","prosa_cambios","docs/secciones/001-00-0-convenciones-probatorias-y-taxonomicas.md","0fc3939937d806536f74f4b821025557ce49f89917fd33b14730d03828eeac8a","CONFORME_DELTA_EDITORIAL","Cinco definiciones editoriales de predicados con ejemplos coherentes; no adjudicación científica de todo §0.","No integración ni firma de censo global; sólo objeto exacto v2."
"2026-09-27T03:22:59Z","/root/revision_residuales/candidatos_editoriales","96d36be9adeed056a5c5f6da54321101b2dc25e7ae1bc28cb9258dae0b3e8bfa","META-1","metadatos_tablas","data/tablas/09/table-43-9-4-1-fichas-comparativas-por-grado-de-integracion.csv","f429a53ef6fbfdc08f57e5507fa7a95d0d359b31849d7ed0b2a51f59a680abf3","CONFORME_ALCANCE_REVISADO","Añade C2839–42 a referencias de fila; no aprueba las C1036–1042 no revisadas ni otras celdas.","No integración ni firma de censo global; sólo objeto exacto v2."
"2026-09-27T03:22:59Z","/root/revision_residuales/candidatos_editoriales","96d36be9adeed056a5c5f6da54321101b2dc25e7ae1bc28cb9258dae0b3e8bfa","META-2","metadatos_tablas","data/tablas/12/table-54-12-10-1-repertorio-funcional-localizado.csv","cbe61aea4a8bf7ea002100c32a293147a2b04041bf2addae8d9c510dd7805fd0","NO_CONFORME","Roll-up añade C2851/52 y conserva C1581NC; no habilita cierre. No invalida componenteCapsaspora independiente.","No integración ni firma de censo global; sólo objeto exacto v2."
"2026-09-27T03:22:59Z","/root/revision_residuales/candidatos_editoriales","96d36be9adeed056a5c5f6da54321101b2dc25e7ae1bc28cb9258dae0b3e8bfa","META-3","metadatos_tablas","data/tablas/12/table-54-12-10-1-repertorio-funcional-localizado.csv","8c5017231fb9fccd05dcb90b3b9926e4105fb687b8ef9055582275200b552f0a","NO_CONFORME","Incluye C2876/77NC; no aprobar roll-up como paquete resuelto. C1582/83 heredadas fuera de revisión.","No integración ni firma de censo global; sólo objeto exacto v2."
"2026-09-27T03:22:59Z","/root/revision_residuales/candidatos_editoriales","96d36be9adeed056a5c5f6da54321101b2dc25e7ae1bc28cb9258dae0b3e8bfa","DISPOSICION-C-2708","disposicion","/disposiciones_registro_propuestas","9cbcb9410ef372ed937d2e41f28c2b2a5c7fa801c7a411550d4ada24c4f3fb99","CONFORME_DISPOSICION_PROSPECTIVA","Todos loscomponentes cotejados; expedienteindependiente exacto emitido conpasajes yhash sinrevision_independiente.","No aprueba paquete completo; fuentes temporales requieren integración idéntica."
"2026-09-27T03:22:59Z","/root/revision_residuales/candidatos_editoriales","96d36be9adeed056a5c5f6da54321101b2dc25e7ae1bc28cb9258dae0b3e8bfa","DISPOSICION-C-2709","disposicion","/disposiciones_registro_propuestas","68b732543469c480a44460d8ea2b80a66c2b65867df9d363bcde63177f435673","CONFORME_DISPOSICION_PROSPECTIVA","Todos loscomponentes cotejados; expedienteindependiente exacto emitido conpasajes yhash sinrevision_independiente.","No aprueba paquete completo; fuentes temporales requieren integración idéntica."
"2026-09-27T03:22:59Z","/root/revision_residuales/candidatos_editoriales","96d36be9adeed056a5c5f6da54321101b2dc25e7ae1bc28cb9258dae0b3e8bfa","DISPOSICION-C-2468","disposicion","/disposiciones_registro_propuestas","f12a8016b1fd8b7e497fc4b5555fde9e6f16bcf3f52418674c57f9867b5950e0","PENDIENTE_REPRESENTACION_SIN_FIRMA","Sus8componentes primarios tienen soporte C2843–49; no hay dependenciahash deC1581. Se retiene firma del bloque porrepresentaciónhistórica y contraevidencia abiertas, no por inventar ausencia de fuente.","No aprueba paquete completo; fuentes temporales requieren integración idéntica."
"2026-09-27T03:22:59Z","/root/revision_residuales/candidatos_editoriales","96d36be9adeed056a5c5f6da54321101b2dc25e7ae1bc28cb9258dae0b3e8bfa","DISPOSICION-C-2469","disposicion","/disposiciones_registro_propuestas","ae27235263a93876bc1e2b2dc018036ed17b2ac25ca03d691c9423c42745e6d1","CONFORME_DISPOSICION_PROSPECTIVA","Todos loscomponentes cotejados; expedienteindependiente exacto emitido conpasajes yhash sinrevision_independiente.","No aprueba paquete completo; fuentes temporales requieren integración idéntica."
"2026-09-27T03:22:59Z","/root/revision_residuales/candidatos_editoriales","96d36be9adeed056a5c5f6da54321101b2dc25e7ae1bc28cb9258dae0b3e8bfa","DISPOSICION-C-2474","disposicion","/disposiciones_registro_propuestas","d9cf668d711dc18d6d3e9ad8b2eac6dc11edfb5d5d03684a4e5207585f4603f6","NO_CONFORME","Depende de filas completas C2876/77NC. Proposiciónbiológica respaldada no corrige Motivo equivocado.","No aprueba paquete completo; fuentes temporales requieren integración idéntica."
"2026-09-27T03:22:59Z","/root/revision_residuales/candidatos_editoriales","96d36be9adeed056a5c5f6da54321101b2dc25e7ae1bc28cb9258dae0b3e8bfa","DISPOSICION-C-2475","disposicion","/disposiciones_registro_propuestas","ff934a0106273148cd7a1a6fc05a218d6fa12275b85fe62d6bd567e3ea87bab4","CONFORME_DISPOSICION_PROSPECTIVA","Todos loscomponentes cotejados; expedienteindependiente exacto emitido conpasajes yhash sinrevision_independiente.","No aprueba paquete completo; fuentes temporales requieren integración idéntica."
"2026-09-27T03:22:59Z","/root/revision_residuales/candidatos_editoriales","96d36be9adeed056a5c5f6da54321101b2dc25e7ae1bc28cb9258dae0b3e8bfa","COMPLETITUD-B","conjunto","docs/auditorias/PROPUESTA_AUTOR_6_CELDAS_S240_S352_V2_2026-09-27.json","96d36be9adeed056a5c5f6da54321101b2dc25e7ae1bc28cb9258dae0b3e8bfa","NO_CONFORME","Métodos explícitos sin entidad Bnominal:IlluminaHiSeq,SGA,Velvet,SSPACE,Gapfiller,Image,ICORN,REAPR,HMMER,RAxML,PhyloBayes,BLASTP,FastTree/cryoSEM; búsqueda precisa distingueAsgard deSGA yfibroblastos deBLAST. No censo global.","No reduce alcance ni retira posiciones; exige reparaciones y relectura de deltas."
"2026-09-27T03:22:59Z","/root/revision_residuales/candidatos_editoriales","96d36be9adeed056a5c5f6da54321101b2dc25e7ae1bc28cb9258dae0b3e8bfa","PAQUETE-V2","conjunto","docs/auditorias/PROPUESTA_AUTOR_6_CELDAS_S240_S352_V2_2026-09-27.json","96d36be9adeed056a5c5f6da54321101b2dc25e7ae1bc28cb9258dae0b3e8bfa","NO_CONFORME","Persisten C1581/C2851/C2852/C2876/C2877, derivados vinculados y faltantesB; sólo cuatrodisposiciones conformes prospectivas. No declarar cierretotal ni todosloscontroles.","No reduce alcance ni retira posiciones; exige reparaciones y relectura de deltas."
