"fecha_utc","revisor","propuesta","sha256_propuesta","objeto","puntero_propuesta","sha256_objeto","dictamen","motivo","limite"
"2026-09-27T02:52:10Z","/root/revision_residuales/candidatos_editoriales","docs/auditorias/PROPUESTA_REPARACION_C1664_C1642_C1121_V2_2026-09-27.json","9cf84c0123fdcaf9fc25f37f5ad7990891c828c086900c4722ceb0b37075fdbc","C-1664","/C_correcciones/0/propuesta","dba2bd472308d2dd96cd56613051298748d8b1b8a5cb2c133050e7632ff96b12","CONFORME_ALCANCE_REVISADO","S517 p.2 Methods y Results: mínimo223 reconstruido; consumidores y presas/huéspedes Animalia; único individuo y al menos una fase, fragmentos originales presentes. No frecuencia pan-eucariota.","No firma global; sólo objeto y alcance indicados de v2; no consta integración."
"2026-09-27T02:52:10Z","/root/revision_residuales/candidatos_editoriales","docs/auditorias/PROPUESTA_REPARACION_C1664_C1642_C1121_V2_2026-09-27.json","9cf84c0123fdcaf9fc25f37f5ad7990891c828c086900c4722ceb0b37075fdbc","C-1121","/C_correcciones/1/propuesta","d94d854e9741f881c49bd1cb4b728500baa907d596349ea1996b5112a411ada8","CONFORME_ALCANCE_REVISADO","S513 P1/P5/P12/P53/P54/P65: muestreo1850/402; asociación familiar MR-BPMM, r−0.32, CI95%creíble−0.54..−0.09 y pMCMC0.006. Restricción only one/across all conserva original; no causalidad universal.","No firma global; sólo objeto y alcance indicados de v2; no consta integración."
"2026-09-27T02:52:10Z","/root/revision_residuales/candidatos_editoriales","docs/auditorias/PROPUESTA_REPARACION_C1664_C1642_C1121_V2_2026-09-27.json","9cf84c0123fdcaf9fc25f37f5ad7990891c828c086900c4722ceb0b37075fdbc","C-1642","/C_correcciones/2/propuesta","e9cc41c859829fb3258b5e5de0a867dceb2b3f50c4f7231f2f475ab814d87db8","CONFORME_ALCANCE_REVISADO","BN111 viva fila10: etiqueta y objeto documental coinciden. Glosa limitada del registro, no inexistencia científica ni revisión de ejecución/fecha.","No firma global; sólo objeto y alcance indicados de v2; no consta integración."
"2026-09-27T02:52:10Z","/root/revision_residuales/candidatos_editoriales","docs/auditorias/PROPUESTA_REPARACION_C1664_C1642_C1121_V2_2026-09-27.json","9cf84c0123fdcaf9fc25f37f5ad7990891c828c086900c4722ceb0b37075fdbc","C-1665","/C_correcciones/3/propuesta","3a53cfcbde06ea440bd1d769eb8a56cbc66f4a928b3a5d798cb6f66c89256d2c","CONFORME_SOLO_DELTA_EDITORIAL","Sólo Motivo sustituye referencia C1664 por C1664/C2879–2881. La ciencia S460, Fuente y estados de esta fila no se adjudican.","No firma global; sólo objeto y alcance indicados de v2; no consta integración."
"2026-09-27T02:52:10Z","/root/revision_residuales/candidatos_editoriales","docs/auditorias/PROPUESTA_REPARACION_C1664_C1642_C1121_V2_2026-09-27.json","9cf84c0123fdcaf9fc25f37f5ad7990891c828c086900c4722ceb0b37075fdbc","C-2879","/C_altas/0/fila","a62578badc9e9d7f2d8a826c9fb5a87cf8719bfa25cc767fbc417c616b8ef1bb","CONFORME_ALCANCE_REVISADO","S517 p2 Results párrafo2 publica15 filos; es recuento de presencia, no223 eventos. Párrafo posterior usa14 en análisis diferente; no armonizado ni convertido en consenso.","No firma global; sólo objeto y alcance indicados de v2; no consta integración."
"2026-09-27T02:52:10Z","/root/revision_residuales/candidatos_editoriales","docs/auditorias/PROPUESTA_REPARACION_C1664_C1642_C1121_V2_2026-09-27.json","9cf84c0123fdcaf9fc25f37f5ad7990891c828c086900c4722ceb0b37075fdbc","C-2880","/C_altas/1/fila","dcc1ba1e1b4e8dc0a70a41f77874b7ee89f71182bcb2197d7e59e0736c7cce90","CONFORME_ALCANCE_REVISADO","S513 P7/P60/P61 sostiene mínimo16 orígenes familiares inferidos BPMM y contrasteSCM; no16 eventos observados ni resolución intrafamiliar completa.","No firma global; sólo objeto y alcance indicados de v2; no consta integración."
"2026-09-27T02:52:10Z","/root/revision_residuales/candidatos_editoriales","docs/auditorias/PROPUESTA_REPARACION_C1664_C1642_C1121_V2_2026-09-27.json","9cf84c0123fdcaf9fc25f37f5ad7990891c828c086900c4722ceb0b37075fdbc","C-2881","/C_altas/2/fila","b780d4bf36e3531970136cb77ae2dc510f718a0a32c0af876b527523694cc43d","CONFORME_ALCANCE_REVISADO","S513 P7/P35–37:89 familias según criterios operacionales de dependencia. No89 orígenes, ni obligatoriedad probada experimentalmente en todas las asociaciones.","No firma global; sólo objeto y alcance indicados de v2; no consta integración."
"2026-09-27T02:52:10Z","/root/revision_residuales/candidatos_editoriales","docs/auditorias/PROPUESTA_REPARACION_C1664_C1642_C1121_V2_2026-09-27.json","9cf84c0123fdcaf9fc25f37f5ad7990891c828c086900c4722ceb0b37075fdbc","C-2882","/C_altas/3/fila","e7a338b78f34f25153d8fc222d348f27f90d2bee1a750fb984d86e308a87bbec","CONFORME_ALCANCE_REVISADO","BN113 viva fila11: glosa de NO LOCALIZADO EN ESTA SESIÓN y universo solicitado; no inexistencia ni nuevo censo.","No firma global; sólo objeto y alcance indicados de v2; no consta integración."
"2026-09-27T02:52:10Z","/root/revision_residuales/candidatos_editoriales","docs/auditorias/PROPUESTA_REPARACION_C1664_C1642_C1121_V2_2026-09-27.json","9cf84c0123fdcaf9fc25f37f5ad7990891c828c086900c4722ceb0b37075fdbc","C-2883","/C_altas/4/fila","2e4ebb642f7dec368a34537e0fa9cfcc20100919e2b36ebac311243e00a0c575","CONFORME_ALCANCE_REVISADO","S513 P7: negativa condicional a falta de filogenias de especies; original completo preservado, limitada a resolución dentro de familias mixtas.","No firma global; sólo objeto y alcance indicados de v2; no consta integración."
"2026-09-27T02:52:10Z","/root/revision_residuales/candidatos_editoriales","docs/auditorias/PROPUESTA_REPARACION_C1664_C1642_C1121_V2_2026-09-27.json","9cf84c0123fdcaf9fc25f37f5ad7990891c828c086900c4722ceb0b37075fdbc","F-S1-1","/F_sustituciones/0/nuevas/0","abcfbefd5712e3fbb01b26799d74480d2c10b34dd6ec82734babe1b068b60c3d","CONFORME_ALCANCE_REVISADO","S517 p2:223 orígenes inferidos mínimos, ambos papeles Animalia, único huésped por fase; sin nueva conversión.","No firma global; sólo objeto y alcance indicados de v2; no consta integración."
"2026-09-27T02:52:10Z","/root/revision_residuales/candidatos_editoriales","docs/auditorias/PROPUESTA_REPARACION_C1664_C1642_C1121_V2_2026-09-27.json","9cf84c0123fdcaf9fc25f37f5ad7990891c828c086900c4722ceb0b37075fdbc","F-S1-2","/F_sustituciones/0/nuevas/1","2e81be4506b0531ca98a51da3b86fa92251e269b6cf16089adc51010d3c75e18","CONFORME_ALCANCE_REVISADO","S517 p2 segundo párrafo:15 filos en inventario operacional. Observado designa recuento del inventario, no inferencia ancestral.","No firma global; sólo objeto y alcance indicados de v2; no consta integración."
"2026-09-27T02:52:10Z","/root/revision_residuales/candidatos_editoriales","docs/auditorias/PROPUESTA_REPARACION_C1664_C1642_C1121_V2_2026-09-27.json","9cf84c0123fdcaf9fc25f37f5ad7990891c828c086900c4722ceb0b37075fdbc","F-S1-3","/F_sustituciones/0/nuevas/2","6140f7092c5a3053c219af4f7ae0497b93b06a82ee687f9f6a5fed0c60025495","CONFORME_ALCANCE_REVISADO","S513 P7/P60–61:16orígenes inferidos familiares; mínimo y límite intrafamiliar explícitos.","No firma global; sólo objeto y alcance indicados de v2; no consta integración."
"2026-09-27T02:52:10Z","/root/revision_residuales/candidatos_editoriales","docs/auditorias/PROPUESTA_REPARACION_C1664_C1642_C1121_V2_2026-09-27.json","9cf84c0123fdcaf9fc25f37f5ad7990891c828c086900c4722ceb0b37075fdbc","F-S1-4","/F_sustituciones/0/nuevas/3","08193e95883d5d7516dcfe58de390c6d193eb875fecaba3470c823aee7fea8fe","CONFORME_ALCANCE_REVISADO","S513 P7/P35–37:89familias inventariadas con criterios operacionales; no denominador pan-eucariota.","No firma global; sólo objeto y alcance indicados de v2; no consta integración."
"2026-09-27T02:52:10Z","/root/revision_residuales/candidatos_editoriales","docs/auditorias/PROPUESTA_REPARACION_C1664_C1642_C1121_V2_2026-09-27.json","9cf84c0123fdcaf9fc25f37f5ad7990891c828c086900c4722ceb0b37075fdbc","F-S2-1","/F_sustituciones/1/nuevas/0","efa8301478338a7c73d7372abd6b1628a0c1b5086efc31ec2b5277f2fc642a17","CONFORME_ALCANCE_REVISADO","S513 P1/P5 publica1850combinaciones microbio–insecto, sin redefinirlas como1850familias o eventos.","No firma global; sólo objeto y alcance indicados de v2; no consta integración."
"2026-09-27T02:52:10Z","/root/revision_residuales/candidatos_editoriales","docs/auditorias/PROPUESTA_REPARACION_C1664_C1642_C1121_V2_2026-09-27.json","9cf84c0123fdcaf9fc25f37f5ad7990891c828c086900c4722ceb0b37075fdbc","F-S2-2","/F_sustituciones/1/nuevas/1","efd5d4b3806a82e0e608d6dd7bd7b08eafb99937c221e2220657dcb3019d6c8f","CONFORME_ALCANCE_REVISADO","S513 P1/P5 publica402familias del conjunto comparativo.","No firma global; sólo objeto y alcance indicados de v2; no consta integración."
"2026-09-27T02:52:10Z","/root/revision_residuales/candidatos_editoriales","docs/auditorias/PROPUESTA_REPARACION_C1664_C1642_C1121_V2_2026-09-27.json","9cf84c0123fdcaf9fc25f37f5ad7990891c828c086900c4722ceb0b37075fdbc","F-A1","/F_altas/0","bb7943f5bf6d7e2d0859977ea30ce4b89311e805a36364034939c5b659dd364a","CONFORME_ALCANCE_REVISADO","S513 P12 yP53/P65: correlación filogenéticaMR-BPMM, modo posterior−0.32 y CIcreíble95%−0.54..−0.09; noPearson ni banda de confianza deFig2.","No firma global; sólo objeto y alcance indicados de v2; no consta integración."
"2026-09-27T02:52:10Z","/root/revision_residuales/candidatos_editoriales","docs/auditorias/PROPUESTA_REPARACION_C1664_C1642_C1121_V2_2026-09-27.json","9cf84c0123fdcaf9fc25f37f5ad7990891c828c086900c4722ceb0b37075fdbc","F-A2","/F_altas/1","14b261935a469832dea378a5f699f69cd2c28d95f9a4049d4f2bc0e892fd6987","CONFORME_ALCANCE_REVISADO","S513 P12 define pMCMC0.006 como proporción de iteraciones corregida por tamaño finito; P53valoresP aproximados, P65MR-BPMM. Nointerpretación bootstrap.","No firma global; sólo objeto y alcance indicados de v2; no consta integración."
"2026-09-27T02:52:10Z","/root/revision_residuales/candidatos_editoriales","docs/auditorias/PROPUESTA_REPARACION_C1664_C1642_C1121_V2_2026-09-27.json","9cf84c0123fdcaf9fc25f37f5ad7990891c828c086900c4722ceb0b37075fdbc","F-A3","/F_altas/2","c3e7da75cdf101f2b0bb44f751ee9d80b0a34a05e3cf0a3e2774fe8b3bb6c2a4","NO_CONFORME","P60 declara >0.5 como regla de clasificación. La fila lo llama umbral operacional pero etiqueta inferido: el corte no fue estimado de datos. Representar n/a/criterio declarado sin confundirlo con las probabilidades y estados inferidos.","No firma global; sólo objeto y alcance indicados de v2; no consta integración."
"2026-09-27T02:52:10Z","/root/revision_residuales/candidatos_editoriales","docs/auditorias/PROPUESTA_REPARACION_C1664_C1642_C1121_V2_2026-09-27.json","9cf84c0123fdcaf9fc25f37f5ad7990891c828c086900c4722ceb0b37075fdbc","TABLA-1","/tablas_correcciones/0/propuesta","5e289dd6a0470c1cbee3aec5ed00fc678f8ba729aedd51984306430484bb9fd8","CONFORME_ALCANCE_REVISADO","Resultados223/15 y16/89, criterio y glosaBN113 trazables a C/F propuestos; tabla comparativa puede reunir proposiciones separadas en registro. C1665/S460 no recibe aprobación científica por referencia.","No firma global; sólo objeto y alcance indicados de v2; no consta integración."
"2026-09-27T02:52:10Z","/root/revision_residuales/candidatos_editoriales","docs/auditorias/PROPUESTA_REPARACION_C1664_C1642_C1121_V2_2026-09-27.json","9cf84c0123fdcaf9fc25f37f5ad7990891c828c086900c4722ceb0b37075fdbc","TABLA-2","/tablas_correcciones/1/propuesta","4b4f63246f9520548dd53b0beb71c344ddae9f9557e6e00338598ff77e75cdff","CONFORME_ALCANCE_REVISADO","Delta cuantitativo y localizadores coinciden conP12/P53/P65; cautela no predictor universal limita inferencia del muestreo. No adjudica la tesis universal de C1201.","No firma global; sólo objeto y alcance indicados de v2; no consta integración."
"2026-09-27T02:52:10Z","/root/revision_residuales/candidatos_editoriales","docs/auditorias/PROPUESTA_REPARACION_C1664_C1642_C1121_V2_2026-09-27.json","9cf84c0123fdcaf9fc25f37f5ad7990891c828c086900c4722ceb0b37075fdbc","PROSA-165","/prosa/0/propuesta","5affa06086629cb340ac6d65c5c4896f461b316b679f0a2cf6365681bd0a6a74","CONFORME_ALCANCE_REVISADO","Cada oración nueva tiene C y localizador; ámbitos223/15 y16/89 separados; negativoBN113 sólo documental.","No firma global; sólo objeto y alcance indicados de v2; no consta integración."
"2026-09-27T02:52:10Z","/root/revision_residuales/candidatos_editoriales","docs/auditorias/PROPUESTA_REPARACION_C1664_C1642_C1121_V2_2026-09-27.json","9cf84c0123fdcaf9fc25f37f5ad7990891c828c086900c4722ceb0b37075fdbc","PROSA-182","/prosa/1/propuesta","dcece075e65e38c8f55313960530703efdad00c525ea8b0d43ac6d8f9bb4f227","CONFORME_SOLO_DELTA_EDITORIAL","Sólo refs añadidas a resultados separados. Proposición de multicelularidad y fuentesS458/C1606/C1662 no examinadas; no conformidad científica de toda la oración.","No firma global; sólo objeto y alcance indicados de v2; no consta integración."
"2026-09-27T02:52:10Z","/root/revision_residuales/candidatos_editoriales","docs/auditorias/PROPUESTA_REPARACION_C1664_C1642_C1121_V2_2026-09-27.json","9cf84c0123fdcaf9fc25f37f5ad7990891c828c086900c4722ceb0b37075fdbc","PROSA-383","/prosa/2/propuesta","067bc303fde5ef9107d5c28a315cf04176691792fbf463ad859109737f6e1b25","CONFORME_ALCANCE_REVISADO","Primera oración conserva muestreo familiar, r/CIcreíble/pMCMC y localizadores; segunda es cautela de alcance del correlato. C1201 no se adjudica ni se usa para probar ausencia universal.","No firma global; sólo objeto y alcance indicados de v2; no consta integración."
"2026-09-27T02:52:10Z","/root/revision_residuales/candidatos_editoriales","docs/auditorias/PROPUESTA_REPARACION_C1664_C1642_C1121_V2_2026-09-27.json","9cf84c0123fdcaf9fc25f37f5ad7990891c828c086900c4722ceb0b37075fdbc","B-1","/B_altas/0","933af0a23b667b747c7de40b2ef6d5d475e7eca94878d6d857d783f0f2108f46","CONFORME_ALCANCE_REVISADO","Entidad/magnitud y enlace C corresponden al objeto propuesto; sin duplicado literal vivo. Esta conformidad de fila no certifica exhaustividad del apéndiceB.","No firma global; sólo objeto y alcance indicados de v2; no consta integración."
"2026-09-27T02:52:10Z","/root/revision_residuales/candidatos_editoriales","docs/auditorias/PROPUESTA_REPARACION_C1664_C1642_C1121_V2_2026-09-27.json","9cf84c0123fdcaf9fc25f37f5ad7990891c828c086900c4722ceb0b37075fdbc","B-2","/B_altas/1","4e4f074d26a7f31d6a159144e6eec3f933de524ed4b5b16dda86f137d930157a","CONFORME_ALCANCE_REVISADO","Entidad/magnitud y enlace C corresponden al objeto propuesto; sin duplicado literal vivo. Esta conformidad de fila no certifica exhaustividad del apéndiceB.","No firma global; sólo objeto y alcance indicados de v2; no consta integración."
"2026-09-27T02:52:10Z","/root/revision_residuales/candidatos_editoriales","docs/auditorias/PROPUESTA_REPARACION_C1664_C1642_C1121_V2_2026-09-27.json","9cf84c0123fdcaf9fc25f37f5ad7990891c828c086900c4722ceb0b37075fdbc","B-3","/B_altas/2","f384da5cb757e4d78ac68a9383476a92781d6ea82c42a22b1d4c299ddc57c8ca","CONFORME_ALCANCE_REVISADO","Entidad/magnitud y enlace C corresponden al objeto propuesto; sin duplicado literal vivo. Esta conformidad de fila no certifica exhaustividad del apéndiceB.","No firma global; sólo objeto y alcance indicados de v2; no consta integración."
"2026-09-27T02:52:10Z","/root/revision_residuales/candidatos_editoriales","docs/auditorias/PROPUESTA_REPARACION_C1664_C1642_C1121_V2_2026-09-27.json","9cf84c0123fdcaf9fc25f37f5ad7990891c828c086900c4722ceb0b37075fdbc","B-4","/B_altas/3","2d445f8da461d9632a75864e39d92a12dff145f704208416eeea0175dcfc49fe","CONFORME_ALCANCE_REVISADO","Entidad/magnitud y enlace C corresponden al objeto propuesto; sin duplicado literal vivo. Esta conformidad de fila no certifica exhaustividad del apéndiceB.","No firma global; sólo objeto y alcance indicados de v2; no consta integración."
"2026-09-27T02:52:10Z","/root/revision_residuales/candidatos_editoriales","docs/auditorias/PROPUESTA_REPARACION_C1664_C1642_C1121_V2_2026-09-27.json","9cf84c0123fdcaf9fc25f37f5ad7990891c828c086900c4722ceb0b37075fdbc","B-5","/B_altas/4","4a7f605cc1e4d1c0283e27629046b2cf2ce28aab913219aceade5f20001fb38e","CONFORME_ALCANCE_REVISADO","Entidad/magnitud y enlace C corresponden al objeto propuesto; sin duplicado literal vivo. Esta conformidad de fila no certifica exhaustividad del apéndiceB.","No firma global; sólo objeto y alcance indicados de v2; no consta integración."
"2026-09-27T02:52:10Z","/root/revision_residuales/candidatos_editoriales","docs/auditorias/PROPUESTA_REPARACION_C1664_C1642_C1121_V2_2026-09-27.json","9cf84c0123fdcaf9fc25f37f5ad7990891c828c086900c4722ceb0b37075fdbc","B-6","/B_altas/5","8e9ff249973c7cd6fe5486c02bab69e85e1eb7c47559d543167685ef5b63fb5e","CONFORME_ALCANCE_REVISADO","Entidad/magnitud y enlace C corresponden al objeto propuesto; sin duplicado literal vivo. Esta conformidad de fila no certifica exhaustividad del apéndiceB.","No firma global; sólo objeto y alcance indicados de v2; no consta integración."
"2026-09-27T02:52:10Z","/root/revision_residuales/candidatos_editoriales","docs/auditorias/PROPUESTA_REPARACION_C1664_C1642_C1121_V2_2026-09-27.json","9cf84c0123fdcaf9fc25f37f5ad7990891c828c086900c4722ceb0b37075fdbc","COMPLETITUD-B","/B_altas","9cf84c0123fdcaf9fc25f37f5ad7990891c828c086900c4722ceb0b37075fdbc","NO_CONFORME","§17 B exige métodos: BPMM, MR-BPMM, MCMCglmm y mapas estocásticos/SCM nombrados en C/F no tienen entidad canónica ni propuesta. B vivo SHA 7fd8a5fd97320a5b30d80f9f553d87cf6d3c552bc498c37d4909e947567d4a2f","Faltante nominal; no censo completo de todas las entidades del corpus."
"2026-09-27T02:52:10Z","/root/revision_residuales/candidatos_editoriales","docs/auditorias/PROPUESTA_REPARACION_C1664_C1642_C1121_V2_2026-09-27.json","9cf84c0123fdcaf9fc25f37f5ad7990891c828c086900c4722ceb0b37075fdbc","PAQUETE-V2","/","9cf84c0123fdcaf9fc25f37f5ad7990891c828c086900c4722ceb0b37075fdbc","NO_CONFORME","Persisten F-A3 y COMPLETITUD-B. Además la fuenteS517 está en/tmp y faltan integración de IDs reservados/derivados: no constituye cierre ejecutado.","No invalida componentes conformes; no aprueba C1665/S460,C1201,multicelularidad,§16 global ni210controles."
