"clave_pre_renumeracion","clave_final","cambio"
"C-001","C-001","no"
"C-002","C-002","no"
"C-003","C-003","no"
"C-004","C-004","no"
"C-005","C-005","no"
"C-006","C-006","no"
"C-007","C-007","no"
"C-9040","C-008","sí"
"C-9041","C-009","sí"
"C-008","C-010","sí"
"C-009","C-011","sí"
"C-010","C-012","sí"
"C-9901","C-013","sí"
"C-9902","C-014","sí"
"C-9903","C-015","sí"
"C-9904","C-016","sí"
"C-011","C-017","sí"
"C-012","C-018","sí"
"C-013","C-019","sí"
"C-014","C-020","sí"
"C-015","C-021","sí"
"C-016","C-022","sí"
"C-017","C-023","sí"
"C-018","C-024","sí"
"C-019","C-025","sí"
"C-020","C-026","sí"
"C-021","C-027","sí"
"C-022","C-028","sí"
"C-023","C-029","sí"
"C-024","C-030","sí"
"C-025","C-031","sí"
"C-026","C-032","sí"
"C-027","C-033","sí"
"C-028","C-034","sí"
"C-029","C-035","sí"
"C-030","C-036","sí"
"C-031","C-037","sí"
"C-032","C-038","sí"
"C-033","C-039","sí"
"C-034","C-040","sí"
"C-035","C-041","sí"
"C-036","C-042","sí"
"C-037","C-043","sí"
"C-038","C-044","sí"
"C-039","C-045","sí"
"C-040","C-046","sí"
"C-041","C-047","sí"
"C-042","C-048","sí"
"C-9042","C-049","sí"
"C-9043","C-050","sí"
"C-043","C-051","sí"
"C-044","C-052","sí"
"C-045","C-053","sí"
"C-046","C-054","sí"
"C-047","C-055","sí"
"C-048","C-056","sí"
"C-049","C-057","sí"
"C-050","C-058","sí"
"C-051","C-059","sí"
"C-052","C-060","sí"
"C-053","C-061","sí"
"C-054","C-062","sí"
"C-055","C-063","sí"
"C-056","C-064","sí"
"C-057","C-065","sí"
"C-058","C-066","sí"
"C-059","C-067","sí"
"C-060","C-068","sí"
"C-061","C-069","sí"
"C-062","C-070","sí"
"C-063","C-071","sí"
"C-064","C-072","sí"
"C-065","C-073","sí"
"C-066","C-074","sí"
"C-067","C-075","sí"
"C-068","C-076","sí"
"C-069","C-077","sí"
"C-070","C-078","sí"
"C-071","C-079","sí"
"C-072","C-080","sí"
"C-073","C-081","sí"
"C-074","C-082","sí"
"C-075","C-083","sí"
"C-076","C-084","sí"
"C-077","C-085","sí"
"C-078","C-086","sí"
"C-079","C-087","sí"
"C-080","C-088","sí"
"C-081","C-089","sí"
"C-082","C-090","sí"
"C-083","C-091","sí"
"C-084","C-092","sí"
"C-085","C-093","sí"
"C-086","C-094","sí"
"C-087","C-095","sí"
"C-088","C-096","sí"
"C-089","C-097","sí"
"C-090","C-098","sí"
"C-091","C-099","sí"
"C-092","C-100","sí"
"C-9044","C-101","sí"
"C-093","C-102","sí"
"C-094","C-103","sí"
"C-095","C-104","sí"
"C-096","C-105","sí"
"C-097","C-106","sí"
"C-098","C-107","sí"
"C-099","C-108","sí"
"C-100","C-109","sí"
"C-101","C-110","sí"
"C-102","C-111","sí"
"C-103","C-112","sí"
"C-104","C-113","sí"
"C-105","C-114","sí"
"C-106","C-115","sí"
"C-107","C-116","sí"
"C-108","C-117","sí"
"C-109","C-118","sí"
"C-110","C-119","sí"
"C-111","C-120","sí"
"C-112","C-121","sí"
"C-113","C-122","sí"
"C-114","C-123","sí"
"C-115","C-124","sí"
"C-116","C-125","sí"
"C-117","C-126","sí"
"C-118","C-127","sí"
"C-119","C-128","sí"
"C-120","C-129","sí"
"C-121","C-130","sí"
"C-122","C-131","sí"
"C-123","C-132","sí"
"C-124","C-133","sí"
"C-125","C-134","sí"
"C-126","C-135","sí"
"C-127","C-136","sí"
"C-128","C-137","sí"
"C-129","C-138","sí"
"C-9045","C-139","sí"
"C-9046","C-140","sí"
"C-130","C-141","sí"
"C-131","C-142","sí"
"C-9047","C-143","sí"
"C-9048","C-144","sí"
"C-9049","C-145","sí"
"C-132","C-146","sí"
"C-133","C-147","sí"
"C-134","C-148","sí"
"C-135","C-149","sí"
"C-136","C-150","sí"
"C-137","C-151","sí"
"C-138","C-152","sí"
"C-139","C-153","sí"
"C-140","C-154","sí"
"C-141","C-155","sí"
"C-142","C-156","sí"
"C-143","C-157","sí"
"C-144","C-158","sí"
"C-145","C-159","sí"
"C-146","C-160","sí"
"C-147","C-161","sí"
"C-9050","C-162","sí"
"C-9051","C-163","sí"
"C-9052","C-164","sí"
"C-9053","C-165","sí"
"C-9054","C-166","sí"
"C-9055","C-167","sí"
"C-9056","C-168","sí"
"C-9057","C-169","sí"
"C-9058","C-170","sí"
"C-148","C-171","sí"
"C-149","C-172","sí"
"C-150","C-173","sí"
"C-151","C-174","sí"
"C-152","C-175","sí"
"C-153","C-176","sí"
"C-154","C-177","sí"
"C-155","C-178","sí"
"C-156","C-179","sí"
"C-157","C-180","sí"
"C-158","C-181","sí"
"C-159","C-182","sí"
"C-160","C-183","sí"
"C-161","C-184","sí"
"C-162","C-185","sí"
"C-163","C-186","sí"
"C-164","C-187","sí"
"C-165","C-188","sí"
"C-166","C-189","sí"
"C-167","C-190","sí"
"C-168","C-191","sí"
"C-169","C-192","sí"
"C-170","C-193","sí"
"C-171","C-194","sí"
"C-172","C-195","sí"
"C-173","C-196","sí"
"C-174","C-197","sí"
"C-175","C-198","sí"
"C-176","C-199","sí"
"C-177","C-200","sí"
"C-178","C-201","sí"
"C-179","C-202","sí"
"C-180","C-203","sí"
"C-181","C-204","sí"
"C-182","C-205","sí"
"C-183","C-206","sí"
"C-184","C-207","sí"
"C-185","C-208","sí"
"C-186","C-209","sí"
"C-187","C-210","sí"
"C-188","C-211","sí"
"C-189","C-212","sí"
"C-190","C-213","sí"
"C-191","C-214","sí"
"C-192","C-215","sí"
"C-193","C-216","sí"
"C-194","C-217","sí"
"C-195","C-218","sí"
"C-196","C-219","sí"
"C-197","C-220","sí"
"C-198","C-221","sí"
"C-199","C-222","sí"
"C-200","C-223","sí"
"C-201","C-224","sí"
"C-202","C-225","sí"
"C-203","C-226","sí"
"C-204","C-227","sí"
"C-205","C-228","sí"
"C-206","C-229","sí"
"C-207","C-230","sí"
"C-208","C-231","sí"
"C-209","C-232","sí"
"C-210","C-233","sí"
"C-211","C-234","sí"
"C-212","C-235","sí"
"C-213","C-236","sí"
"C-214","C-237","sí"
"C-215","C-238","sí"
"C-216","C-239","sí"
"C-217","C-240","sí"
"C-218","C-241","sí"
"C-219","C-242","sí"
"C-220","C-243","sí"
"C-221","C-244","sí"
"C-222","C-245","sí"
"C-223","C-246","sí"
"C-224","C-247","sí"
"C-225","C-248","sí"
"C-226","C-249","sí"
"C-227","C-250","sí"
"C-228","C-251","sí"
"C-229","C-252","sí"
"C-230","C-253","sí"
"C-231","C-254","sí"
"C-232","C-255","sí"
"C-233","C-256","sí"
"C-234","C-257","sí"
"C-235","C-258","sí"
"C-236","C-259","sí"
"C-237","C-260","sí"
"C-238","C-261","sí"
"C-239","C-262","sí"
"C-240","C-263","sí"
"C-241","C-264","sí"
"C-242","C-265","sí"
"C-243","C-266","sí"
"C-244","C-267","sí"
"C-245","C-268","sí"
"C-246","C-269","sí"
"C-9017","C-270","sí"
"C-247","C-271","sí"
"C-248","C-272","sí"
"C-249","C-273","sí"
"C-250","C-274","sí"
"C-251","C-275","sí"
"C-252","C-276","sí"
"C-253","C-277","sí"
"C-254","C-278","sí"
"C-255","C-279","sí"
"C-256","C-280","sí"
"C-257","C-281","sí"
"C-258","C-282","sí"
"C-259","C-283","sí"
"C-260","C-284","sí"
"C-261","C-285","sí"
"C-262","C-286","sí"
"C-263","C-287","sí"
"C-264","C-288","sí"
"C-265","C-289","sí"
"C-9062","C-290","sí"
"C-266","C-291","sí"
"C-267","C-292","sí"
"C-268","C-293","sí"
"C-269","C-294","sí"
"C-270","C-295","sí"
"C-271","C-296","sí"
"C-272","C-297","sí"
"C-273","C-298","sí"
"C-274","C-299","sí"
"C-275","C-300","sí"
"C-276","C-301","sí"
"C-277","C-302","sí"
"C-278","C-303","sí"
"C-279","C-304","sí"
"C-280","C-305","sí"
"C-281","C-306","sí"
"C-282","C-307","sí"
"C-283","C-308","sí"
"C-284","C-309","sí"
"C-285","C-310","sí"
"C-286","C-311","sí"
"C-287","C-312","sí"
"C-288","C-313","sí"
"C-9059","C-314","sí"
"C-289","C-315","sí"
"C-290","C-316","sí"
"C-291","C-317","sí"
"C-292","C-318","sí"
"C-293","C-319","sí"
"C-9061","C-320","sí"
"C-294","C-321","sí"
"C-295","C-322","sí"
"C-296","C-323","sí"
"C-297","C-324","sí"
"C-298","C-325","sí"
"C-299","C-326","sí"
"C-300","C-327","sí"
"C-301","C-328","sí"
"C-302","C-329","sí"
"C-303","C-330","sí"
"C-304","C-331","sí"
"C-305","C-332","sí"
"C-306","C-333","sí"
"C-307","C-334","sí"
"C-308","C-335","sí"
"C-309","C-336","sí"
"C-310","C-337","sí"
"C-311","C-338","sí"
"C-312","C-339","sí"
"C-313","C-340","sí"
"C-314","C-341","sí"
"C-315","C-342","sí"
"C-316","C-343","sí"
"C-317","C-344","sí"
"C-318","C-345","sí"
"C-319","C-346","sí"
"C-320","C-347","sí"
"C-321","C-348","sí"
"C-322","C-349","sí"
"C-323","C-350","sí"
"C-324","C-351","sí"
"C-325","C-352","sí"
"C-326","C-353","sí"
"C-327","C-354","sí"
"C-328","C-355","sí"
"C-329","C-356","sí"
"C-330","C-357","sí"
"C-331","C-358","sí"
"C-332","C-359","sí"
"C-333","C-360","sí"
"C-334","C-361","sí"
"C-335","C-362","sí"
"C-336","C-363","sí"
"C-337","C-364","sí"
"C-338","C-365","sí"
"C-339","C-366","sí"
"C-340","C-367","sí"
"C-341","C-368","sí"
"C-342","C-369","sí"
"C-343","C-370","sí"
"C-344","C-371","sí"
"C-345","C-372","sí"
"C-346","C-373","sí"
"C-347","C-374","sí"
"C-348","C-375","sí"
"C-349","C-376","sí"
"C-350","C-377","sí"
"C-351","C-378","sí"
"C-352","C-379","sí"
"C-353","C-380","sí"
"C-354","C-381","sí"
"C-355","C-382","sí"
"C-356","C-383","sí"
"C-357","C-384","sí"
"C-358","C-385","sí"
"C-359","C-386","sí"
"C-360","C-387","sí"
"C-361","C-388","sí"
"C-362","C-389","sí"
"C-363","C-390","sí"
"C-364","C-391","sí"
"C-365","C-392","sí"
"C-366","C-393","sí"
"C-367","C-394","sí"
"C-368","C-395","sí"
"C-369","C-396","sí"
"C-370","C-397","sí"
"C-371","C-398","sí"
"C-372","C-399","sí"
"C-373","C-400","sí"
"C-374","C-401","sí"
"C-375","C-402","sí"
"C-376","C-403","sí"
"C-377","C-404","sí"
"C-378","C-405","sí"
"C-379","C-406","sí"
"C-380","C-407","sí"
"C-381","C-408","sí"
"C-382","C-409","sí"
"C-383","C-410","sí"
"C-384","C-411","sí"
"C-385","C-412","sí"
"C-386","C-413","sí"
"C-387","C-414","sí"
"C-388","C-415","sí"
"C-389","C-416","sí"
"C-390","C-417","sí"
"C-391","C-418","sí"
"C-392","C-419","sí"
"C-393","C-420","sí"
"C-394","C-421","sí"
"C-395","C-422","sí"
"C-396","C-423","sí"
"C-397","C-424","sí"
"C-398","C-425","sí"
"C-399","C-426","sí"
"C-400","C-427","sí"
"C-401","C-428","sí"
"C-402","C-429","sí"
"C-403","C-430","sí"
"C-404","C-431","sí"
"C-405","C-432","sí"
"C-406","C-433","sí"
"C-407","C-434","sí"
"C-408","C-435","sí"
"C-409","C-436","sí"
"C-410","C-437","sí"
"C-411","C-438","sí"
"C-412","C-439","sí"
"C-413","C-440","sí"
"C-414","C-441","sí"
"C-415","C-442","sí"
"C-416","C-443","sí"
"C-417","C-444","sí"
"C-418","C-445","sí"
"C-419","C-446","sí"
"C-420","C-447","sí"
"C-421","C-448","sí"
"C-422","C-449","sí"
"C-423","C-450","sí"
"C-424","C-451","sí"
"C-425","C-452","sí"
"C-426","C-453","sí"
"C-427","C-454","sí"
"C-428","C-455","sí"
"C-429","C-456","sí"
"C-430","C-457","sí"
"C-431","C-458","sí"
"C-432","C-459","sí"
"C-433","C-460","sí"
"C-434","C-461","sí"
"C-435","C-462","sí"
"C-436","C-463","sí"
"C-437","C-464","sí"
"C-438","C-465","sí"
"C-439","C-466","sí"
"C-440","C-467","sí"
"C-441","C-468","sí"
"C-442","C-469","sí"
"C-443","C-470","sí"
"C-444","C-471","sí"
"C-445","C-472","sí"
"C-446","C-473","sí"
"C-447","C-474","sí"
"C-448","C-475","sí"
"C-449","C-476","sí"
"C-450","C-477","sí"
"C-451","C-478","sí"
"C-452","C-479","sí"
"C-453","C-480","sí"
"C-454","C-481","sí"
"C-455","C-482","sí"
"C-456","C-483","sí"
"C-457","C-484","sí"
"C-458","C-485","sí"
"C-459","C-486","sí"
"C-460","C-487","sí"
"C-461","C-488","sí"
"C-462","C-489","sí"
"C-463","C-490","sí"
"C-464","C-491","sí"
"C-465","C-492","sí"
"C-466","C-493","sí"
"C-467","C-494","sí"
"C-468","C-495","sí"
"C-469","C-496","sí"
"C-470","C-497","sí"
"C-471","C-498","sí"
"C-472","C-499","sí"
"C-473","C-500","sí"
"C-474","C-501","sí"
"C-475","C-502","sí"
"C-476","C-503","sí"
"C-477","C-504","sí"
"C-478","C-505","sí"
"C-479","C-506","sí"
"C-480","C-507","sí"
"C-481","C-508","sí"
"C-482","C-509","sí"
"C-483","C-510","sí"
"C-484","C-511","sí"
"C-485","C-512","sí"
"C-486","C-513","sí"
"C-487","C-514","sí"
"C-488","C-515","sí"
"C-489","C-516","sí"
"C-490","C-517","sí"
"C-491","C-518","sí"
"C-492","C-519","sí"
"C-493","C-520","sí"
"C-494","C-521","sí"
"C-495","C-522","sí"
"C-496","C-523","sí"
"C-497","C-524","sí"
"C-498","C-525","sí"
"C-499","C-526","sí"
"C-500","C-527","sí"
"C-501","C-528","sí"
"C-502","C-529","sí"
"C-503","C-530","sí"
"C-504","C-531","sí"
"C-505","C-532","sí"
"C-506","C-533","sí"
"C-507","C-534","sí"
"C-508","C-535","sí"
"C-509","C-536","sí"
"C-510","C-537","sí"
"C-511","C-538","sí"
"C-512","C-539","sí"
"C-513","C-540","sí"
"C-514","C-541","sí"
"C-515","C-542","sí"
"C-516","C-543","sí"
"C-517","C-544","sí"
"C-518","C-545","sí"
"C-519","C-546","sí"
"C-520","C-547","sí"
"C-521","C-548","sí"
"C-522","C-549","sí"
"C-523","C-550","sí"
"C-9012","C-551","sí"
"C-524","C-552","sí"
"C-525","C-553","sí"
"C-526","C-554","sí"
"C-527","C-555","sí"
"C-528","C-556","sí"
"C-529","C-557","sí"
"C-530","C-558","sí"
"C-531","C-559","sí"
"C-532","C-560","sí"
"C-533","C-561","sí"
"C-534","C-562","sí"
"C-535","C-563","sí"
"C-536","C-564","sí"
"C-537","C-565","sí"
"C-538","C-566","sí"
"C-539","C-567","sí"
"C-540","C-568","sí"
"C-541","C-569","sí"
"C-542","C-570","sí"
"C-543","C-571","sí"
"C-544","C-572","sí"
"C-545","C-573","sí"
"C-546","C-574","sí"
"C-547","C-575","sí"
"C-548","C-576","sí"
"C-549","C-577","sí"
"C-550","C-578","sí"
"C-551","C-579","sí"
"C-552","C-580","sí"
"C-553","C-581","sí"
"C-554","C-582","sí"
"C-555","C-583","sí"
"C-556","C-584","sí"
"C-557","C-585","sí"
"C-558","C-586","sí"
"C-559","C-587","sí"
"C-560","C-588","sí"
"C-561","C-589","sí"
"C-562","C-590","sí"
"C-563","C-591","sí"
"C-564","C-592","sí"
"C-565","C-593","sí"
"C-566","C-594","sí"
"C-567","C-595","sí"
"C-568","C-596","sí"
"C-569","C-597","sí"
"C-570","C-598","sí"
"C-571","C-599","sí"
"C-572","C-600","sí"
"C-573","C-601","sí"
"C-574","C-602","sí"
"C-575","C-603","sí"
"C-576","C-604","sí"
"C-577","C-605","sí"
"C-578","C-606","sí"
"C-579","C-607","sí"
"C-580","C-608","sí"
"C-581","C-609","sí"
"C-582","C-610","sí"
"C-583","C-611","sí"
"C-584","C-612","sí"
"C-585","C-613","sí"
"C-586","C-614","sí"
"C-587","C-615","sí"
"C-588","C-616","sí"
"C-589","C-617","sí"
"C-590","C-618","sí"
"C-591","C-619","sí"
"C-592","C-620","sí"
"C-593","C-621","sí"
"C-594","C-622","sí"
"C-595","C-623","sí"
"C-596","C-624","sí"
"C-597","C-625","sí"
"C-598","C-626","sí"
"C-599","C-627","sí"
"C-600","C-628","sí"
"C-601","C-629","sí"
"C-602","C-630","sí"
"C-603","C-631","sí"
"C-604","C-632","sí"
"C-605","C-633","sí"
"C-606","C-634","sí"
"C-607","C-635","sí"
"C-608","C-636","sí"
"C-609","C-637","sí"
"C-610","C-638","sí"
"C-611","C-639","sí"
"C-612","C-640","sí"
"C-613","C-641","sí"
"C-614","C-642","sí"
"C-615","C-643","sí"
"C-616","C-644","sí"
"C-617","C-645","sí"
"C-618","C-646","sí"
"C-619","C-647","sí"
"C-620","C-648","sí"
"C-621","C-649","sí"
"C-622","C-650","sí"
"C-623","C-651","sí"
"C-624","C-652","sí"
"C-625","C-653","sí"
"C-626","C-654","sí"
"C-627","C-655","sí"
"C-628","C-656","sí"
"C-629","C-657","sí"
"C-630","C-658","sí"
"C-631","C-659","sí"
"C-632","C-660","sí"
"C-633","C-661","sí"
"C-634","C-662","sí"
"C-635","C-663","sí"
"C-636","C-664","sí"
"C-637","C-665","sí"
"C-638","C-666","sí"
"C-639","C-667","sí"
"C-640","C-668","sí"
"C-641","C-669","sí"
"C-642","C-670","sí"
"C-643","C-671","sí"
"C-644","C-672","sí"
"C-645","C-673","sí"
"C-646","C-674","sí"
"C-647","C-675","sí"
"C-648","C-676","sí"
"C-649","C-677","sí"
"C-650","C-678","sí"
"C-651","C-679","sí"
"C-652","C-680","sí"
"C-653","C-681","sí"
"C-654","C-682","sí"
"C-655","C-683","sí"
"C-656","C-684","sí"
"C-657","C-685","sí"
"C-658","C-686","sí"
"C-659","C-687","sí"
"C-660","C-688","sí"
"C-661","C-689","sí"
"C-662","C-690","sí"
"C-663","C-691","sí"
"C-664","C-692","sí"
"C-665","C-693","sí"
"C-666","C-694","sí"
"C-667","C-695","sí"
"C-668","C-696","sí"
"C-669","C-697","sí"
"C-670","C-698","sí"
"C-671","C-699","sí"
"C-672","C-700","sí"
"C-673","C-701","sí"
"C-674","C-702","sí"
"C-675","C-703","sí"
"C-676","C-704","sí"
"C-677","C-705","sí"
"C-678","C-706","sí"
"C-679","C-707","sí"
"C-680","C-708","sí"
"C-681","C-709","sí"
"C-682","C-710","sí"
"C-683","C-711","sí"
"C-684","C-712","sí"
"C-685","C-713","sí"
"C-686","C-714","sí"
"C-687","C-715","sí"
"C-688","C-716","sí"
"C-689","C-717","sí"
"C-690","C-718","sí"
"C-691","C-719","sí"
"C-692","C-720","sí"
"C-693","C-721","sí"
"C-694","C-722","sí"
"C-695","C-723","sí"
"C-696","C-724","sí"
"C-697","C-725","sí"
"C-698","C-726","sí"
"C-699","C-727","sí"
"C-700","C-728","sí"
"C-701","C-729","sí"
"C-702","C-730","sí"
"C-703","C-731","sí"
"C-704","C-732","sí"
"C-705","C-733","sí"
"C-706","C-734","sí"
"C-707","C-735","sí"
"C-708","C-736","sí"
"C-709","C-737","sí"
"C-710","C-738","sí"
"C-711","C-739","sí"
"C-712","C-740","sí"
"C-9018","C-741","sí"
"C-713","C-742","sí"
"C-714","C-743","sí"
"C-715","C-744","sí"
"C-716","C-745","sí"
"C-717","C-746","sí"
"C-718","C-747","sí"
"C-719","C-748","sí"
"C-720","C-749","sí"
"C-721","C-750","sí"
"C-9001","C-751","sí"
"C-9002","C-752","sí"
"C-9003","C-753","sí"
"C-9004","C-754","sí"
"C-9019","C-755","sí"
"C-9020","C-756","sí"
"C-722","C-757","sí"
"C-723","C-758","sí"
"C-724","C-759","sí"
"C-725","C-760","sí"
"C-726","C-761","sí"
"C-727","C-762","sí"
"C-728","C-763","sí"
"C-729","C-764","sí"
"C-730","C-765","sí"
"C-731","C-766","sí"
"C-732","C-767","sí"
"C-733","C-768","sí"
"C-734","C-769","sí"
"C-735","C-770","sí"
"C-736","C-771","sí"
"C-737","C-772","sí"
"C-738","C-773","sí"
"C-739","C-774","sí"
"C-740","C-775","sí"
"C-741","C-776","sí"
"C-742","C-777","sí"
"C-743","C-778","sí"
"C-744","C-779","sí"
"C-745","C-780","sí"
"C-746","C-781","sí"
"C-747","C-782","sí"
"C-748","C-783","sí"
"C-749","C-784","sí"
"C-750","C-785","sí"
"C-9005","C-786","sí"
"C-9006","C-787","sí"
"C-9007","C-788","sí"
"C-9008","C-789","sí"
"C-9009","C-790","sí"
"C-9010","C-791","sí"
"C-9011","C-792","sí"
"C-751","C-793","sí"
"C-752","C-794","sí"
"C-753","C-795","sí"
"C-754","C-796","sí"
"C-755","C-797","sí"
"C-756","C-798","sí"
"C-757","C-799","sí"
"C-758","C-800","sí"
"C-759","C-801","sí"
"C-760","C-802","sí"
"C-761","C-803","sí"
"C-762","C-804","sí"
"C-763","C-805","sí"
"C-764","C-806","sí"
"C-765","C-807","sí"
"C-766","C-808","sí"
"C-767","C-809","sí"
"C-768","C-810","sí"
"C-769","C-811","sí"
"C-770","C-812","sí"
"C-771","C-813","sí"
"C-772","C-814","sí"
"C-773","C-815","sí"
"C-774","C-816","sí"
"C-775","C-817","sí"
"C-776","C-818","sí"
"C-777","C-819","sí"
"C-778","C-820","sí"
"C-779","C-821","sí"
"C-780","C-822","sí"
"C-781","C-823","sí"
"C-782","C-824","sí"
"C-783","C-825","sí"
"C-784","C-826","sí"
"C-785","C-827","sí"
"C-786","C-828","sí"
"C-787","C-829","sí"
"C-788","C-830","sí"
"C-789","C-831","sí"
"C-790","C-832","sí"
"C-9013","C-833","sí"
"C-791","C-834","sí"
"C-792","C-835","sí"
"C-793","C-836","sí"
"C-794","C-837","sí"
"C-795","C-838","sí"
"C-796","C-839","sí"
"C-797","C-840","sí"
"C-798","C-841","sí"
"C-799","C-842","sí"
"C-800","C-843","sí"
"C-801","C-844","sí"
"C-802","C-845","sí"
"C-803","C-846","sí"
"C-804","C-847","sí"
"C-805","C-848","sí"
"C-806","C-849","sí"
"C-807","C-850","sí"
"C-808","C-851","sí"
"C-809","C-852","sí"
"C-810","C-853","sí"
"C-811","C-854","sí"
"C-812","C-855","sí"
"C-813","C-856","sí"
"C-814","C-857","sí"
"C-815","C-858","sí"
"C-816","C-859","sí"
"C-817","C-860","sí"
"C-818","C-861","sí"
"C-819","C-862","sí"
"C-820","C-863","sí"
"C-821","C-864","sí"
"C-822","C-865","sí"
"C-823","C-866","sí"
"C-824","C-867","sí"
"C-825","C-868","sí"
"C-826","C-869","sí"
"C-827","C-870","sí"
"C-828","C-871","sí"
"C-829","C-872","sí"
"C-830","C-873","sí"
"C-831","C-874","sí"
"C-832","C-875","sí"
"C-833","C-876","sí"
"C-834","C-877","sí"
"C-835","C-878","sí"
"C-836","C-879","sí"
"C-837","C-880","sí"
"C-838","C-881","sí"
"C-839","C-882","sí"
"C-840","C-883","sí"
"C-841","C-884","sí"
"C-842","C-885","sí"
"C-843","C-886","sí"
"C-844","C-887","sí"
"C-845","C-888","sí"
"C-846","C-889","sí"
"C-847","C-890","sí"
"C-848","C-891","sí"
"C-849","C-892","sí"
"C-850","C-893","sí"
"C-851","C-894","sí"
"C-852","C-895","sí"
"C-853","C-896","sí"
"C-9014","C-897","sí"
"C-9015","C-898","sí"
"C-854","C-899","sí"
"C-855","C-900","sí"
"C-856","C-901","sí"
"C-857","C-902","sí"
"C-858","C-903","sí"
"C-859","C-904","sí"
"C-860","C-905","sí"
"C-861","C-906","sí"
"C-862","C-907","sí"
"C-863","C-908","sí"
"C-864","C-909","sí"
"C-865","C-910","sí"
"C-866","C-911","sí"
"C-867","C-912","sí"
"C-868","C-913","sí"
"C-869","C-914","sí"
"C-870","C-915","sí"
"C-871","C-916","sí"
"C-872","C-917","sí"
"C-873","C-918","sí"
"C-874","C-919","sí"
"C-875","C-920","sí"
"C-876","C-921","sí"
"C-877","C-922","sí"
"C-878","C-923","sí"
"C-879","C-924","sí"
"C-880","C-925","sí"
"C-881","C-926","sí"
"C-882","C-927","sí"
"C-883","C-928","sí"
"C-884","C-929","sí"
"C-885","C-930","sí"
"C-9037","C-931","sí"
"C-9038","C-932","sí"
"C-886","C-933","sí"
"C-887","C-934","sí"
"C-888","C-935","sí"
"C-889","C-936","sí"
"C-9021","C-937","sí"
"C-9022","C-938","sí"
"C-9023","C-939","sí"
"C-890","C-940","sí"
"C-9026","C-941","sí"
"C-9027","C-942","sí"
"C-9028","C-943","sí"
"C-9029","C-944","sí"
"C-9039","C-945","sí"
"C-891","C-946","sí"
"C-892","C-947","sí"
"C-893","C-948","sí"
"C-894","C-949","sí"
"C-9024","C-950","sí"
"C-9025","C-951","sí"
"C-895","C-952","sí"
"C-9030","C-953","sí"
"C-896","C-954","sí"
"C-897","C-955","sí"
"C-898","C-956","sí"
"C-899","C-957","sí"
"C-900","C-958","sí"
"C-901","C-959","sí"
"C-9031","C-960","sí"
"C-9032","C-961","sí"
"C-902","C-962","sí"
"C-903","C-963","sí"
"C-9033","C-964","sí"
"C-9034","C-965","sí"
"C-904","C-966","sí"
"C-9035","C-967","sí"
"C-9036","C-968","sí"
"C-905","C-969","sí"
"C-9016","C-970","sí"
"C-906","C-971","sí"
"C-907","C-972","sí"
"C-908","C-973","sí"
"C-909","C-974","sí"
"C-910","C-975","sí"
"C-911","C-976","sí"
"C-912","C-977","sí"
"C-913","C-978","sí"
"C-914","C-979","sí"
"C-915","C-980","sí"
"C-916","C-981","sí"
"C-917","C-982","sí"
"C-918","C-983","sí"
"C-919","C-984","sí"
"C-920","C-985","sí"
"C-921","C-986","sí"
"C-922","C-987","sí"
"C-923","C-988","sí"
"C-924","C-989","sí"
"C-925","C-990","sí"
"C-926","C-991","sí"
"C-927","C-992","sí"
"C-928","C-993","sí"
"C-929","C-994","sí"
"C-930","C-995","sí"
"C-931","C-996","sí"
"C-932","C-997","sí"
"C-933","C-998","sí"
"C-934","C-999","sí"
"C-935","C-1000","sí"
"C-936","C-1001","sí"
"C-937","C-1002","sí"
"C-938","C-1003","sí"
"C-939","C-1004","sí"
"C-940","C-1005","sí"
"C-941","C-1006","sí"
"C-942","C-1007","sí"
"C-943","C-1008","sí"
"C-944","C-1009","sí"
"C-945","C-1010","sí"
"C-946","C-1011","sí"
"C-947","C-1012","sí"
"C-948","C-1013","sí"
"C-949","C-1014","sí"
"C-950","C-1015","sí"
"C-951","C-1016","sí"
"C-952","C-1017","sí"
"C-953","C-1018","sí"
"C-954","C-1019","sí"
"C-955","C-1020","sí"
"C-956","C-1021","sí"
"C-957","C-1022","sí"
"C-958","C-1023","sí"
"C-959","C-1024","sí"
"C-960","C-1025","sí"
"C-961","C-1026","sí"
"C-962","C-1027","sí"
"C-963","C-1028","sí"
"C-964","C-1029","sí"
"C-965","C-1030","sí"
"C-966","C-1031","sí"
"C-967","C-1032","sí"
"C-968","C-1033","sí"
"C-969","C-1034","sí"
"C-970","C-1035","sí"
"C-971","C-1036","sí"
"C-972","C-1037","sí"
"C-973","C-1038","sí"
"C-974","C-1039","sí"
"C-975","C-1040","sí"
"C-976","C-1041","sí"
"C-977","C-1042","sí"
"C-978","C-1043","sí"
"C-979","C-1044","sí"
"C-980","C-1045","sí"
"C-981","C-1046","sí"
"C-982","C-1047","sí"
"C-983","C-1048","sí"
"C-984","C-1049","sí"
"C-985","C-1050","sí"
"C-986","C-1051","sí"
"C-987","C-1052","sí"
"C-988","C-1053","sí"
"C-989","C-1054","sí"
"C-990","C-1055","sí"
"C-991","C-1056","sí"
"C-992","C-1057","sí"
"C-993","C-1058","sí"
"C-994","C-1059","sí"
"C-995","C-1060","sí"
"C-996","C-1061","sí"
"C-997","C-1062","sí"
"C-998","C-1063","sí"
"C-999","C-1064","sí"
"C-1000","C-1065","sí"
"C-1001","C-1066","sí"
"C-1002","C-1067","sí"
"C-1003","C-1068","sí"
"C-1004","C-1069","sí"
"C-1005","C-1070","sí"
"C-1006","C-1071","sí"
"C-1007","C-1072","sí"
"C-1008","C-1073","sí"
"C-1009","C-1074","sí"
"C-1010","C-1075","sí"
"C-1011","C-1076","sí"
"C-1012","C-1077","sí"
"C-1013","C-1078","sí"
"C-1014","C-1079","sí"
"C-1015","C-1080","sí"
"C-1016","C-1081","sí"
"C-1017","C-1082","sí"
"C-1018","C-1083","sí"
"C-1019","C-1084","sí"
"C-1020","C-1085","sí"
"C-1021","C-1086","sí"
"C-1022","C-1087","sí"
"C-1023","C-1088","sí"
"C-1024","C-1089","sí"
"C-1025","C-1090","sí"
"C-1026","C-1091","sí"
"C-1027","C-1092","sí"
"C-1028","C-1093","sí"
"C-1029","C-1094","sí"
"C-1030","C-1095","sí"
"C-1031","C-1096","sí"
"C-1032","C-1097","sí"
"C-1033","C-1098","sí"
"C-1034","C-1099","sí"
"C-1035","C-1100","sí"
"C-1036","C-1101","sí"
"C-1037","C-1102","sí"
"C-1038","C-1103","sí"
"C-1039","C-1104","sí"
"C-1040","C-1105","sí"
"C-1041","C-1106","sí"
"C-1042","C-1107","sí"
"C-1043","C-1108","sí"
"C-1044","C-1109","sí"
"C-1045","C-1110","sí"
"C-1046","C-1111","sí"
"C-1047","C-1112","sí"
"C-1048","C-1113","sí"
"C-1049","C-1114","sí"
"C-1050","C-1115","sí"
"C-1051","C-1116","sí"
"C-1052","C-1117","sí"
"C-1053","C-1118","sí"
"C-1054","C-1119","sí"
"C-1055","C-1120","sí"
"C-1056","C-1121","sí"
"C-1057","C-1122","sí"
"C-1058","C-1123","sí"
"C-1059","C-1124","sí"
"C-1060","C-1125","sí"
"C-1061","C-1126","sí"
"C-1062","C-1127","sí"
"C-1063","C-1128","sí"
"C-1064","C-1129","sí"
"C-1065","C-1130","sí"
"C-1066","C-1131","sí"
"C-1067","C-1132","sí"
"C-1068","C-1133","sí"
"C-1069","C-1134","sí"
"C-1070","C-1135","sí"
"C-1071","C-1136","sí"
"C-1072","C-1137","sí"
"C-1073","C-1138","sí"
"C-1074","C-1139","sí"
"C-1075","C-1140","sí"
"C-1076","C-1141","sí"
"C-1077","C-1142","sí"
"C-1078","C-1143","sí"
"C-1079","C-1144","sí"
"C-1080","C-1145","sí"
"C-1081","C-1146","sí"
"C-1082","C-1147","sí"
"C-1083","C-1148","sí"
"C-1084","C-1149","sí"
"C-1085","C-1150","sí"
"C-1086","C-1151","sí"
"C-1087","C-1152","sí"
"C-1088","C-1153","sí"
"C-1089","C-1154","sí"
"C-1090","C-1155","sí"
"C-1091","C-1156","sí"
"C-1092","C-1157","sí"
"C-1093","C-1158","sí"
"C-1094","C-1159","sí"
"C-1095","C-1160","sí"
"C-1096","C-1161","sí"
"C-1097","C-1162","sí"
"C-1098","C-1163","sí"
"C-1099","C-1164","sí"
"C-1100","C-1165","sí"
"C-1101","C-1166","sí"
"C-1102","C-1167","sí"
"C-1103","C-1168","sí"
"C-1104","C-1169","sí"
"C-1105","C-1170","sí"
"C-1106","C-1171","sí"
"C-1107","C-1172","sí"
"C-1108","C-1173","sí"
"C-1109","C-1174","sí"
"C-1110","C-1175","sí"
"C-1111","C-1176","sí"
"C-1112","C-1177","sí"
"C-1113","C-1178","sí"
"C-1114","C-1179","sí"
"C-1115","C-1180","sí"
"C-1116","C-1181","sí"
"C-1117","C-1182","sí"
"C-1118","C-1183","sí"
"C-1119","C-1184","sí"
"C-1120","C-1185","sí"
"C-1121","C-1186","sí"
"C-1122","C-1187","sí"
"C-1123","C-1188","sí"
"C-1124","C-1189","sí"
"C-1125","C-1190","sí"
"C-1126","C-1191","sí"
"C-1127","C-1192","sí"
"C-1128","C-1193","sí"
"C-1129","C-1194","sí"
"C-1130","C-1195","sí"
"C-1131","C-1196","sí"
"C-1132","C-1197","sí"
"C-1133","C-1198","sí"
"C-1134","C-1199","sí"
"C-1135","C-1200","sí"
"C-1136","C-1201","sí"
"C-1137","C-1202","sí"
"C-1138","C-1203","sí"
"C-1139","C-1204","sí"
"C-1140","C-1205","sí"
"C-1141","C-1206","sí"
"C-1142","C-1207","sí"
"C-1143","C-1208","sí"
"C-1144","C-1209","sí"
"C-1145","C-1210","sí"
"C-1146","C-1211","sí"
"C-1147","C-1212","sí"
"C-1148","C-1213","sí"
"C-1149","C-1214","sí"
"C-1150","C-1215","sí"
"C-1151","C-1216","sí"
"C-1152","C-1217","sí"
"C-1153","C-1218","sí"
"C-1154","C-1219","sí"
"C-1155","C-1220","sí"
"C-1156","C-1221","sí"
"C-1157","C-1222","sí"
"C-1158","C-1223","sí"
"C-1159","C-1224","sí"
"C-1160","C-1225","sí"
"C-1161","C-1226","sí"
"C-1162","C-1227","sí"
"C-1163","C-1228","sí"
"C-1164","C-1229","sí"
"C-1165","C-1230","sí"
"C-1166","C-1231","sí"
"C-1167","C-1232","sí"
"C-1168","C-1233","sí"
"C-1169","C-1234","sí"
"C-1170","C-1235","sí"
"C-1171","C-1236","sí"
"C-1172","C-1237","sí"
"C-1173","C-1238","sí"
"C-1174","C-1239","sí"
"C-1175","C-1240","sí"
"C-1176","C-1241","sí"
"C-1177","C-1242","sí"
"C-1178","C-1243","sí"
"C-1179","C-1244","sí"
"C-1180","C-1245","sí"
"C-1181","C-1246","sí"
"C-1182","C-1247","sí"
"C-1183","C-1248","sí"
"C-1184","C-1249","sí"
"C-1185","C-1250","sí"
"C-1186","C-1251","sí"
"C-1187","C-1252","sí"
"C-1188","C-1253","sí"
"C-1189","C-1254","sí"
"C-1190","C-1255","sí"
"C-1191","C-1256","sí"
"C-1192","C-1257","sí"
"C-1193","C-1258","sí"
"C-1194","C-1259","sí"
"C-1195","C-1260","sí"
"C-1196","C-1261","sí"
"C-1197","C-1262","sí"
"C-1198","C-1263","sí"
"C-1199","C-1264","sí"
"C-1200","C-1265","sí"
"C-1201","C-1266","sí"
"C-1202","C-1267","sí"
"C-1203","C-1268","sí"
"C-1204","C-1269","sí"
"C-1205","C-1270","sí"
"C-1206","C-1271","sí"
"C-1207","C-1272","sí"
"C-1208","C-1273","sí"
"C-1209","C-1274","sí"
"C-1210","C-1275","sí"
"C-1211","C-1276","sí"
"C-1212","C-1277","sí"
"C-1213","C-1278","sí"
"C-1214","C-1279","sí"
"C-1215","C-1280","sí"
"C-1216","C-1281","sí"
"C-1217","C-1282","sí"
"C-1218","C-1283","sí"
"C-1219","C-1284","sí"
"C-1220","C-1285","sí"
"C-1221","C-1286","sí"
"C-1222","C-1287","sí"
"C-1223","C-1288","sí"
"C-1224","C-1289","sí"
"C-1225","C-1290","sí"
"C-1226","C-1291","sí"
"C-1227","C-1292","sí"
"C-1228","C-1293","sí"
"C-1229","C-1294","sí"
"C-1230","C-1295","sí"
"C-1231","C-1296","sí"
"C-1232","C-1297","sí"
"C-1233","C-1298","sí"
"C-1234","C-1299","sí"
"C-1235","C-1300","sí"
"C-1236","C-1301","sí"
"C-1237","C-1302","sí"
"C-1238","C-1303","sí"
"C-1239","C-1304","sí"
"C-1240","C-1305","sí"
"C-1241","C-1306","sí"
"C-1242","C-1307","sí"
"C-1243","C-1308","sí"
"C-1244","C-1309","sí"
"C-1245","C-1310","sí"
"C-1246","C-1311","sí"
"C-1247","C-1312","sí"
"C-1248","C-1313","sí"
"C-1249","C-1314","sí"
"C-1250","C-1315","sí"
"C-1251","C-1316","sí"
"C-1252","C-1317","sí"
"C-1253","C-1318","sí"
"C-1254","C-1319","sí"
"C-1255","C-1320","sí"
"C-1256","C-1321","sí"
"C-1257","C-1322","sí"
"C-1258","C-1323","sí"
"C-1259","C-1324","sí"
"C-1260","C-1325","sí"
"C-1261","C-1326","sí"
"C-1262","C-1327","sí"
"C-1263","C-1328","sí"
"C-1264","C-1329","sí"
"C-1265","C-1330","sí"
"C-1266","C-1331","sí"
"C-1267","C-1332","sí"
"C-1268","C-1333","sí"
"C-1269","C-1334","sí"
"C-1270","C-1335","sí"
"C-1271","C-1336","sí"
"C-1272","C-1337","sí"
"C-1273","C-1338","sí"
"C-1274","C-1339","sí"
"C-1275","C-1340","sí"
"C-1276","C-1341","sí"
"C-1277","C-1342","sí"
"C-1278","C-1343","sí"
"C-1279","C-1344","sí"
"C-1280","C-1345","sí"
"C-1281","C-1346","sí"
"C-1282","C-1347","sí"
"C-1283","C-1348","sí"
"C-1284","C-1349","sí"
"C-1285","C-1350","sí"
"C-1286","C-1351","sí"
"C-1287","C-1352","sí"
"C-1288","C-1353","sí"
"C-1289","C-1354","sí"
"C-1290","C-1355","sí"
"C-1291","C-1356","sí"
"C-1292","C-1357","sí"
"C-9100","C-1358","sí"
"C-9101","C-1359","sí"
"C-1293","C-1360","sí"
"C-1294","C-1361","sí"
"C-1295","C-1362","sí"
"C-1296","C-1363","sí"
"C-1297","C-1364","sí"
"C-1298","C-1365","sí"
"C-1299","C-1366","sí"
"C-1300","C-1367","sí"
"C-1301","C-1368","sí"
"C-1302","C-1369","sí"
"C-1303","C-1370","sí"
"C-1304","C-1371","sí"
"C-1305","C-1372","sí"
"C-1306","C-1373","sí"
"C-1307","C-1374","sí"
"C-1308","C-1375","sí"
"C-1309","C-1376","sí"
"C-1310","C-1377","sí"
"C-1311","C-1378","sí"
"C-1312","C-1379","sí"
"C-1313","C-1380","sí"
"C-1314","C-1381","sí"
"C-1315","C-1382","sí"
"C-1316","C-1383","sí"
"C-1317","C-1384","sí"
"C-1318","C-1385","sí"
"C-1319","C-1386","sí"
"C-1320","C-1387","sí"
"C-1321","C-1388","sí"
"C-1322","C-1389","sí"
"C-1323","C-1390","sí"
"C-1324","C-1391","sí"
"C-1325","C-1392","sí"
"C-1326","C-1393","sí"
"C-1327","C-1394","sí"
"C-1328","C-1395","sí"
"C-1329","C-1396","sí"
"C-1330","C-1397","sí"
"C-1331","C-1398","sí"
"C-1332","C-1399","sí"
"C-1333","C-1400","sí"
"C-1334","C-1401","sí"
"C-1335","C-1402","sí"
"C-1336","C-1403","sí"
"C-1337","C-1404","sí"
"C-1338","C-1405","sí"
"C-1339","C-1406","sí"
"C-1340","C-1407","sí"
"C-1341","C-1408","sí"
"C-1342","C-1409","sí"
"C-1343","C-1410","sí"
"C-1344","C-1411","sí"
"C-1345","C-1412","sí"
"C-1346","C-1413","sí"
"C-1347","C-1414","sí"
"C-1348","C-1415","sí"
"C-1349","C-1416","sí"
"C-1350","C-1417","sí"
"C-1351","C-1418","sí"
"C-1352","C-1419","sí"
"C-1353","C-1420","sí"
"C-1354","C-1421","sí"
"C-1355","C-1422","sí"
"C-1356","C-1423","sí"
"C-1357","C-1424","sí"
"C-1358","C-1425","sí"
"C-1359","C-1426","sí"
"C-1360","C-1427","sí"
"C-1361","C-1428","sí"
"C-1362","C-1429","sí"
"C-1363","C-1430","sí"
"C-1364","C-1431","sí"
"C-1365","C-1432","sí"
"C-1366","C-1433","sí"
"C-1367","C-1434","sí"
"C-1368","C-1435","sí"
"C-1369","C-1436","sí"
"C-1370","C-1437","sí"
"C-1371","C-1438","sí"
"C-1372","C-1439","sí"
"C-1373","C-1440","sí"
"C-1374","C-1441","sí"
"C-1375","C-1442","sí"
"C-1376","C-1443","sí"
"C-1377","C-1444","sí"
"C-1378","C-1445","sí"
"C-1379","C-1446","sí"
"C-1380","C-1447","sí"
"C-1381","C-1448","sí"
"C-1382","C-1449","sí"
"C-1383","C-1450","sí"
"C-1384","C-1451","sí"
"C-1385","C-1452","sí"
"C-1386","C-1453","sí"
"C-1387","C-1454","sí"
"C-1388","C-1455","sí"
"C-1389","C-1456","sí"
"C-1390","C-1457","sí"
"C-1391","C-1458","sí"
"C-1392","C-1459","sí"
"C-1393","C-1460","sí"
"C-1394","C-1461","sí"
"C-1395","C-1462","sí"
"C-1396","C-1463","sí"
"C-1397","C-1464","sí"
"C-1398","C-1465","sí"
"C-1399","C-1466","sí"
"C-1400","C-1467","sí"
"C-1401","C-1468","sí"
"C-1402","C-1469","sí"
"C-1403","C-1470","sí"
"C-1404","C-1471","sí"
"C-1405","C-1472","sí"
"C-1406","C-1473","sí"
"C-1407","C-1474","sí"
"C-1408","C-1475","sí"
"C-9108","C-1476","sí"
"C-9109","C-1477","sí"
"C-9110","C-1478","sí"
"C-9111","C-1479","sí"
"C-9112","C-1480","sí"
"C-9113","C-1481","sí"
"C-1409","C-1482","sí"
"C-1410","C-1483","sí"
"C-1411","C-1484","sí"
"C-1412","C-1485","sí"
"C-1413","C-1486","sí"
"C-1414","C-1487","sí"
"C-1415","C-1488","sí"
"C-1416","C-1489","sí"
"C-1417","C-1490","sí"
"C-1418","C-1491","sí"
"C-1419","C-1492","sí"
"C-1420","C-1493","sí"
"C-1421","C-1494","sí"
"C-1422","C-1495","sí"
"C-1423","C-1496","sí"
"C-1424","C-1497","sí"
"C-1425","C-1498","sí"
"C-1426","C-1499","sí"
"C-1427","C-1500","sí"
"C-1428","C-1501","sí"
"C-1429","C-1502","sí"
"C-1430","C-1503","sí"
"C-1431","C-1504","sí"
"C-1432","C-1505","sí"
"C-1433","C-1506","sí"
"C-1434","C-1507","sí"
"C-1435","C-1508","sí"
"C-1436","C-1509","sí"
"C-1437","C-1510","sí"
"C-1438","C-1511","sí"
"C-1439","C-1512","sí"
"C-1440","C-1513","sí"
"C-1441","C-1514","sí"
"C-1442","C-1515","sí"
"C-1443","C-1516","sí"
"C-1444","C-1517","sí"
"C-1445","C-1518","sí"
"C-1446","C-1519","sí"
"C-1447","C-1520","sí"
"C-1448","C-1521","sí"
"C-1449","C-1522","sí"
"C-1450","C-1523","sí"
"C-1451","C-1524","sí"
"C-1452","C-1525","sí"
"C-1453","C-1526","sí"
"C-1454","C-1527","sí"
"C-1455","C-1528","sí"
"C-1456","C-1529","sí"
"C-1457","C-1530","sí"
"C-1458","C-1531","sí"
"C-1459","C-1532","sí"
"C-1460","C-1533","sí"
"C-1461","C-1534","sí"
"C-1462","C-1535","sí"
"C-1463","C-1536","sí"
"C-1464","C-1537","sí"
"C-1465","C-1538","sí"
"C-1466","C-1539","sí"
"C-1467","C-1540","sí"
"C-1468","C-1541","sí"
"C-1469","C-1542","sí"
"C-1470","C-1543","sí"
"C-1471","C-1544","sí"
"C-1472","C-1545","sí"
"C-1473","C-1546","sí"
"C-1474","C-1547","sí"
"C-1475","C-1548","sí"
"C-1476","C-1549","sí"
"C-1477","C-1550","sí"
"C-1478","C-1551","sí"
"C-1479","C-1552","sí"
"C-1480","C-1553","sí"
"C-1481","C-1554","sí"
"C-1482","C-1555","sí"
"C-1483","C-1556","sí"
"C-1484","C-1557","sí"
"C-1485","C-1558","sí"
"C-1486","C-1559","sí"
"C-1487","C-1560","sí"
"C-1488","C-1561","sí"
"C-1489","C-1562","sí"
"C-1490","C-1563","sí"
"C-1491","C-1564","sí"
"C-1492","C-1565","sí"
"C-1493","C-1566","sí"
"C-1494","C-1567","sí"
"C-1495","C-1568","sí"
"C-1496","C-1569","sí"
"C-1497","C-1570","sí"
"C-1498","C-1571","sí"
"C-1499","C-1572","sí"
"C-1500","C-1573","sí"
"C-1501","C-1574","sí"
"C-1502","C-1575","sí"
"C-1503","C-1576","sí"
"C-1504","C-1577","sí"
"C-1505","C-1578","sí"
"C-1506","C-1579","sí"
"C-1507","C-1580","sí"
"C-1508","C-1581","sí"
"C-1509","C-1582","sí"
"C-1510","C-1583","sí"
"C-1511","C-1584","sí"
"C-1512","C-1585","sí"
"C-1513","C-1586","sí"
"C-1514","C-1587","sí"
"C-1515","C-1588","sí"
"C-1516","C-1589","sí"
"C-1517","C-1590","sí"
"C-1518","C-1591","sí"
"C-1519","C-1592","sí"
"C-1520","C-1593","sí"
"C-1521","C-1594","sí"
"C-1522","C-1595","sí"
"C-1523","C-1596","sí"
"C-1524","C-1597","sí"
"C-1525","C-1598","sí"
"C-1526","C-1599","sí"
"C-1527","C-1600","sí"
"C-1528","C-1601","sí"
"C-1529","C-1602","sí"
"C-1530","C-1603","sí"
"C-1531","C-1604","sí"
"C-1532","C-1605","sí"
"C-1533","C-1606","sí"
"C-1534","C-1607","sí"
"C-9102","C-1608","sí"
"C-9103","C-1609","sí"
"C-9104","C-1610","sí"
"C-9105","C-1611","sí"
"C-9106","C-1612","sí"
"C-9107","C-1613","sí"
"C-9114","C-1614","sí"
"C-9115","C-1615","sí"
"C-9116","C-1616","sí"
"C-1535","C-1617","sí"
"C-1536","C-1618","sí"
"C-1537","C-1619","sí"
"C-1538","C-1620","sí"
"C-1539","C-1621","sí"
"C-1540","C-1622","sí"
"C-1541","C-1623","sí"
"C-1542","C-1624","sí"
"C-1543","C-1625","sí"
"C-1544","C-1626","sí"
"C-1545","C-1627","sí"
"C-1546","C-1628","sí"
"C-1547","C-1629","sí"
"C-1548","C-1630","sí"
"C-1549","C-1631","sí"
"C-1550","C-1632","sí"
"C-1551","C-1633","sí"
"C-1552","C-1634","sí"
"C-1553","C-1635","sí"
"C-1554","C-1636","sí"
"C-1555","C-1637","sí"
"C-1556","C-1638","sí"
"C-1557","C-1639","sí"
"C-1558","C-1640","sí"
"C-1559","C-1641","sí"
"C-1560","C-1642","sí"
"C-1561","C-1643","sí"
"C-1562","C-1644","sí"
"C-1563","C-1645","sí"
"C-1564","C-1646","sí"
"C-1565","C-1647","sí"
"C-1566","C-1648","sí"
"C-1567","C-1649","sí"
"C-1568","C-1650","sí"
"C-1569","C-1651","sí"
"C-1570","C-1652","sí"
"C-1571","C-1653","sí"
"C-1572","C-1654","sí"
"C-1573","C-1655","sí"
"C-1574","C-1656","sí"
"C-1575","C-1657","sí"
"C-1576","C-1658","sí"
"C-1577","C-1659","sí"
"C-1578","C-1660","sí"
"C-1579","C-1661","sí"
"C-1580","C-1662","sí"
"C-1581","C-1663","sí"
"C-1582","C-1664","sí"
"C-1583","C-1665","sí"
"C-1584","C-1666","sí"
"C-9117","C-1667","sí"
"C-9120","C-1668","sí"
"C-9121","C-1669","sí"
"C-9122","C-1670","sí"
"C-9123","C-1671","sí"
"C-9124","C-1672","sí"
"C-9125","C-1673","sí"
"C-9126","C-1674","sí"
"C-9127","C-1675","sí"
"C-9128","C-1676","sí"
"C-9129","C-1677","sí"
"C-9130","C-1678","sí"
"C-9131","C-1679","sí"
"C-1585","C-1680","sí"
"C-1586","C-1681","sí"
"C-1587","C-1682","sí"
"C-1588","C-1683","sí"
"C-1589","C-1684","sí"
"C-1590","C-1685","sí"
"C-1591","C-1686","sí"
"C-1592","C-1687","sí"
"C-1593","C-1688","sí"
"C-1594","C-1689","sí"
"C-1595","C-1690","sí"
"C-1596","C-1691","sí"
"C-1597","C-1692","sí"
"C-1598","C-1693","sí"
"C-1599","C-1694","sí"
"C-1600","C-1695","sí"
"C-1601","C-1696","sí"
"C-1602","C-1697","sí"
"C-1603","C-1698","sí"
"C-1604","C-1699","sí"
"C-1605","C-1700","sí"
"C-1606","C-1701","sí"
"C-1607","C-1702","sí"
"C-1608","C-1703","sí"
"C-1609","C-1704","sí"
"C-1610","C-1705","sí"
"C-1611","C-1706","sí"
"C-1612","C-1707","sí"
"C-1613","C-1708","sí"
"C-1614","C-1709","sí"
"C-1615","C-1710","sí"
"C-1616","C-1711","sí"
"C-1617","C-1712","sí"
"C-1618","C-1713","sí"
"C-1619","C-1714","sí"
"C-1620","C-1715","sí"
"C-1621","C-1716","sí"
"C-1622","C-1717","sí"
"C-1623","C-1718","sí"
"C-1624","C-1719","sí"
"C-1625","C-1720","sí"
"C-1626","C-1721","sí"
"C-1627","C-1722","sí"
"C-1628","C-1723","sí"
"C-1629","C-1724","sí"
"C-1630","C-1725","sí"
"C-1631","C-1726","sí"
"C-1632","C-1727","sí"
"C-1633","C-1728","sí"
"C-1634","C-1729","sí"
"C-1635","C-1730","sí"
"C-1636","C-1731","sí"
"C-1637","C-1732","sí"
"C-1638","C-1733","sí"
"C-1639","C-1734","sí"
"C-1640","C-1735","sí"
"C-1641","C-1736","sí"
"C-1642","C-1737","sí"
"C-1643","C-1738","sí"
"C-1644","C-1739","sí"
"C-1645","C-1740","sí"
"C-1646","C-1741","sí"
"C-1647","C-1742","sí"
"C-1648","C-1743","sí"
"C-1649","C-1744","sí"
"C-1650","C-1745","sí"
"C-1651","C-1746","sí"
"C-1652","C-1747","sí"
"C-1653","C-1748","sí"
"C-1654","C-1749","sí"
"C-1655","C-1750","sí"
"C-1656","C-1751","sí"
"C-1657","C-1752","sí"
"C-1658","C-1753","sí"
"C-1659","C-1754","sí"
"C-1660","C-1755","sí"
"C-1661","C-1756","sí"
"C-1662","C-1757","sí"
"C-1663","C-1758","sí"
"C-1664","C-1759","sí"
"C-1665","C-1760","sí"
"C-1666","C-1761","sí"
"C-1667","C-1762","sí"
"C-1668","C-1763","sí"
"C-1669","C-1764","sí"
"C-1670","C-1765","sí"
"C-1671","C-1766","sí"
"C-1672","C-1767","sí"
"C-1673","C-1768","sí"
"C-1674","C-1769","sí"
"C-1675","C-1770","sí"
"C-1676","C-1771","sí"
"C-1677","C-1772","sí"
"C-1678","C-1773","sí"
"C-1679","C-1774","sí"
"C-1680","C-1775","sí"
"C-1681","C-1776","sí"
"C-1682","C-1777","sí"
"C-1683","C-1778","sí"
"C-1684","C-1779","sí"
"C-1685","C-1780","sí"
"C-1686","C-1781","sí"
"C-1687","C-1782","sí"
"C-1688","C-1783","sí"
"C-1689","C-1784","sí"
"C-1690","C-1785","sí"
"C-1691","C-1786","sí"
"C-1692","C-1787","sí"
"C-1693","C-1788","sí"
"C-1694","C-1789","sí"
"C-1695","C-1790","sí"
"C-1696","C-1791","sí"
"C-1697","C-1792","sí"
"C-1698","C-1793","sí"
"C-1699","C-1794","sí"
"C-1700","C-1795","sí"
"C-1701","C-1796","sí"
"C-1702","C-1797","sí"
"C-1703","C-1798","sí"
"C-1704","C-1799","sí"
"C-1705","C-1800","sí"
"C-1706","C-1801","sí"
"C-1707","C-1802","sí"
"C-1708","C-1803","sí"
"C-1709","C-1804","sí"
"C-1710","C-1805","sí"
"C-1711","C-1806","sí"
"C-1712","C-1807","sí"
"C-1713","C-1808","sí"
"C-1714","C-1809","sí"
"C-1715","C-1810","sí"
"C-1716","C-1811","sí"
"C-1717","C-1812","sí"
"C-1718","C-1813","sí"
"C-1719","C-1814","sí"
"C-1720","C-1815","sí"
"C-1721","C-1816","sí"
"C-1722","C-1817","sí"
"C-1723","C-1818","sí"
"C-1724","C-1819","sí"
"C-1725","C-1820","sí"
"C-1726","C-1821","sí"
"C-1727","C-1822","sí"
"C-1728","C-1823","sí"
"C-1729","C-1824","sí"
"C-1730","C-1825","sí"
"C-1731","C-1826","sí"
"C-1732","C-1827","sí"
"C-1733","C-1828","sí"
"C-1734","C-1829","sí"
"C-1735","C-1830","sí"
"C-1736","C-1831","sí"
"C-1737","C-1832","sí"
"C-1738","C-1833","sí"
"C-1739","C-1834","sí"
"C-1740","C-1835","sí"
"C-1741","C-1836","sí"
"C-1742","C-1837","sí"
"C-1743","C-1838","sí"
"C-1744","C-1839","sí"
"C-1745","C-1840","sí"
"C-1746","C-1841","sí"
"C-1747","C-1842","sí"
"C-1748","C-1843","sí"
"C-1749","C-1844","sí"
"C-1750","C-1845","sí"
"C-1751","C-1846","sí"
"C-1752","C-1847","sí"
"C-1753","C-1848","sí"
"C-1754","C-1849","sí"
"C-1755","C-1850","sí"
"C-1756","C-1851","sí"
"C-1757","C-1852","sí"
"C-1758","C-1853","sí"
"C-1759","C-1854","sí"
"C-1760","C-1855","sí"
"C-1761","C-1856","sí"
"C-1762","C-1857","sí"
"C-1763","C-1858","sí"
"C-1764","C-1859","sí"
"C-1765","C-1860","sí"
"C-1766","C-1861","sí"
"C-1767","C-1862","sí"
"C-1768","C-1863","sí"
"C-1769","C-1864","sí"
"C-1770","C-1865","sí"
"C-1771","C-1866","sí"
"C-1772","C-1867","sí"
"C-1773","C-1868","sí"
"C-1774","C-1869","sí"
"C-1775","C-1870","sí"
"C-1776","C-1871","sí"
"C-1777","C-1872","sí"
"C-1778","C-1873","sí"
"C-1779","C-1874","sí"
"C-1780","C-1875","sí"
"C-1781","C-1876","sí"
"C-1782","C-1877","sí"
"C-1783","C-1878","sí"
"C-1784","C-1879","sí"
"C-1785","C-1880","sí"
"C-1786","C-1881","sí"
"C-1787","C-1882","sí"
"C-1788","C-1883","sí"
"C-1789","C-1884","sí"
"C-1790","C-1885","sí"
"C-1791","C-1886","sí"
"C-1792","C-1887","sí"
"C-1793","C-1888","sí"
"C-1794","C-1889","sí"
"C-1795","C-1890","sí"
"C-1796","C-1891","sí"
"C-1797","C-1892","sí"
"C-1798","C-1893","sí"
"C-1799","C-1894","sí"
"C-1800","C-1895","sí"
"C-9118","C-1896","sí"
"C-9119","C-1897","sí"
"C-1801","C-1898","sí"
"C-1802","C-1899","sí"
"C-1803","C-1900","sí"
"C-1804","C-1901","sí"
"C-1805","C-1902","sí"
"C-1806","C-1903","sí"
"C-1807","C-1904","sí"
"C-1808","C-1905","sí"
"C-1809","C-1906","sí"
"C-1810","C-1907","sí"
"C-1811","C-1908","sí"
"C-1812","C-1909","sí"
"C-1813","C-1910","sí"
"C-1814","C-1911","sí"
"C-1815","C-1912","sí"
"C-1816","C-1913","sí"
"C-1817","C-1914","sí"
"C-1818","C-1915","sí"
"C-1819","C-1916","sí"
"C-1820","C-1917","sí"
"C-1821","C-1918","sí"
"C-1822","C-1919","sí"
"C-1823","C-1920","sí"
"C-1824","C-1921","sí"
"C-1825","C-1922","sí"
"C-1826","C-1923","sí"
"C-1827","C-1924","sí"
"C-1828","C-1925","sí"
"C-1829","C-1926","sí"
"C-1830","C-1927","sí"
"C-1831","C-1928","sí"
"C-1832","C-1929","sí"
"C-1833","C-1930","sí"
"C-1834","C-1931","sí"
"C-1835","C-1932","sí"
"C-1836","C-1933","sí"
"C-1837","C-1934","sí"
"C-1838","C-1935","sí"
"C-1839","C-1936","sí"
"C-1840","C-1937","sí"
"C-9905","C-1938","sí"
"C-9906","C-1939","sí"
"C-9907","C-1940","sí"
"C-9908","C-1941","sí"
"C-9909","C-1942","sí"
"C-9910","C-1943","sí"
"C-9911","C-1944","sí"
"C-9912","C-1945","sí"
"C-9913","C-1946","sí"
"C-9914","C-1947","sí"
"C-9915","C-1948","sí"
"C-9916","C-1949","sí"
"C-9917","C-1950","sí"
"C-9918","C-1951","sí"
"C-9919","C-1952","sí"
