"clave_original","bloque_original","disposición_final","resultado_documentado","evidencia_principal","destino_canónico","prioridad_final","desencadenante","delta_auditoria_2026_08_08","huella_inicial_sha256"
"BN-001","15.1","CONSERVADA_REFORMULADA","Existe defensa conceptual posterior a 2020 y señal planctomicetotal temprana; no prueba la variante neomurana planctobacteriana completa.","Devos 2021, 10.1093/molbev/msab186; Bernabeu et al. 2026, 10.1038/s41586-026-10639-9.","BN-001 estrechada a prueba primaria discriminante de la hipótesis completa.","P2","Fuente posterior al corte que satisfaga el blanco literal; vigilancia condicionada sin búsqueda intensiva en ausencia del desencadenante.","SIN_CAMBIO_EN_LA_FILA_HISTORICA; CAMBIO_CANONICO_DOCUMENTADO; campos=filas relacionadas; inicial_sha256=3344b27b88ffdf78fbe08f11f5b24c81051b3e302d94738507995507bd561b31; final_sha256=128c2ea25d4d1f0cfe1651cf216bb720d26b5380819adf2ee81e050e2f87b384","4516456bcfc95dda301c5eef8abd266620109e333b53b4b7a6ee6bfc0a6ad11d"
"BN-002","15.1","CONSERVADA_REFORMULADA","La función celular nativa de tubulinas Asgard está demostrada en Lokiarchaeia, no la localización y función de OdinTubulin en Odinarchaeota.","Akıl et al. 2022, S43; Wollweber et al. 2025, 10.1016/j.cell.2025.02.027.","BN-002 conserva solo el residual específico de Odinarchaeota.","P0","Nueva evidencia primaria que pueda resolver o reformular el blanco literal.","SIN_CAMBIO_EN_LA_FILA_HISTORICA; CAMBIO_CANONICO_DOCUMENTADO; campos=filas relacionadas; inicial_sha256=25a8a92cf2c81be345ec0ebbe70863d86853766294762a464542ca2c9bb26f1e; final_sha256=e143f2b795dcc0da5db22044a6b0f10cc22c386bbf0cbfd02aaaeb852ed20583","de37e89002faf5338411f681999790cc6a9449b71b106653c96d3c54d0dc4816"
"BN-003","15.1","CONSERVADA_REFORMULADA","Hay filogenia, bioquímica y función heteróloga de Arf/GTPasas Asgard y vesículas nativas; falta colocalización y perturbación causal en la misma célula Asgard.","Tran et al. 2024, S44; Vargová 2025; Zhu 2025; MacLeod 2025 preprint.","BN-003 convertida en escalera probatoria con residual causal nativo.","P0","Nueva evidencia primaria que pueda resolver o reformular el blanco literal.","SIN_CAMBIO_EN_LA_FILA_HISTORICA; CAMBIO_CANONICO_DOCUMENTADO; campos=filas relacionadas; inicial_sha256=4ef6616de17c2cc8ccd8404eb6b1b7c29bfb1985eca141fee7ad57be8d7ab3dc; final_sha256=bd4631d942ca85f9ba49c1f7b05869de606f1bc52ae018cd282ded32f7f85b25","0f4380823d52bbfb5f1bf640f29b9dc454c886d863c56c2419113a4e231eec1d"
"BN-004","15.1","CONSERVADA_REFORMULADA","Varias clases Asgard ya tienen MAG, procedencia y rutas inferidas, pero la cobertura y circunscripción no son uniformes y Shennonarchaeia sigue sin ficha primaria suficiente.","Fuentes clase por clase auditadas en el informe filogenético; SeqCode solo acredita el nombre.","BN-004 separada por clase, sin tratar ausencia registral como ausencia biológica.","P0","Nueva evidencia primaria que pueda resolver o reformular el blanco literal.","SIN_CAMBIO_EN_LA_FILA_HISTORICA; CAMBIO_CANONICO_DOCUMENTADO; campos=filas relacionadas; inicial_sha256=39dd73ca265b998bf8cf730b16f8ca2a9b2daa50226563def06eb4569e6b1cb0; final_sha256=bc977e5efb93810e8bbffe4a11656e69a1027b32b9dc924c35a0ff16013e6ada","f8bbab32cb97ae10522ea81512b1fb09762238997a92f2f07b3cb6cbd70e84b8"
"BN-005","15.1","CONSERVADA_CONFIRMADA","Ninguna familia alfaproteobacteriana extante muestreada es hermana inequívoca de las mitocondrias.","S46–S49 recuperan topologías o criterios incompatibles.","BN-005 conservada como incertidumbre topológica fechada.","P1","Nuevo protocolo o dataset comparable, o una síntesis causal pertinente.","SIN_CAMBIO_EN_LA_FILA_HISTORICA; CAMBIO_CANONICO_DOCUMENTADO; campos=filas relacionadas; inicial_sha256=e676e79475ae936f9a50bf1de6eb2805abcdf471c7003cd554b5d4c1e8325bbd; final_sha256=57286d864fc0d951c60a08b88a336319779ca8badc296c85f8756708dcbafbda","cda76ebf3a01a890ac67467b56bed71eef9e7f5a9c0cca284aca8b266b20ea27"
"BN-006","15.1","CONSERVADA_CONFIRMADA","Los cultivos Asgard localizados son cocultivos o enriquecimientos, no axénicos.","Promethearchaeum, Lokiarchaeum y Nerearchaeum mantienen socios o enriquecimiento incompleto.","BN-006 conserva fecha de corte y distingue cultivo puro de axenia.","P0","Nueva evidencia primaria que pueda resolver o reformular el blanco literal.","SIN_CAMBIO_EN_LA_FILA_HISTORICA; CAMBIO_CANONICO_DOCUMENTADO; campos=filas relacionadas; inicial_sha256=7c805d9c11ddac500aef93cff553cb50b56d2dda16a885f68ed28fcd467c332f; final_sha256=7b71e940e08b8babc014c3fb1ef0200bc92fd4841c9b14e77a56ac087af7c272","1e4b11ab3aa7e265c6426c1d3544dd20c22b8aa5f1336a8b7a7a24003b3d2f7b"
"BN-007","15.1","CONSERVADA_REFORMULADA","Existe una ruta cuantitativa físicamente plausible de fusión heteroquiral, pero no evidencia que la seleccione como ruta histórica única.","Mascotti et al. 2025, 10.1021/acs.jpcb.5c05957; S16, S17 y S21.","BN-007 estrechada a poder discriminante histórico.","P2","Fuente posterior al corte que satisfaga el blanco literal; vigilancia condicionada sin búsqueda intensiva en ausencia del desencadenante.","SIN_CAMBIO_EN_LA_FILA_HISTORICA; CAMBIO_CANONICO_DOCUMENTADO; campos=filas relacionadas; inicial_sha256=c7108b26c159fe107448c67168e16c4dbb10062c6ee66480c496e6b00f8469c0; final_sha256=8b134873f06b6b0d711880461d3c1b87c2567f506e8a3020547c601067453414","35e51b28f9260024c0821b0c199203285b2bc062f910ac696b711fd46b787304"
"BN-010","15.2","RETIRADA_RESUELTA","LBCA y LACA tienen introducción explícita localizada en Wächtershäuser; FECA en Makarova et al.","Wächtershäuser 2003, 10.1046/j.1365-2958.2003.03267.x; S51.","Prioridades acotadas integradas en C-155 y C-401.","RETIRADA","Solo reabrir si cambia la disposición histórica o aparece evidencia que invalida el cierre documentado.","SIN_CAMBIO_EN_LA_FILA_HISTORICA; SIN_FILA_CANONICA_EN_AMBOS_CORTES","03a125d06a061839c10bacb7b6858df6ba53fadd11dc65441dc45e55bc9829d9"
"BN-011","15.2","CONSERVADA_CONFIRMADA","FECA y LECA son nodos reconstruidos; toda duración publicada depende de reloj, calibraciones, topología y priors.","S56; Kay et al. 2026, S58.","BN-011 reformulada como límite de observabilidad, no fallo de buscador.","P2","Fuente posterior al corte que satisfaga el blanco literal; vigilancia condicionada sin búsqueda intensiva en ausencia del desencadenante.","SIN_CAMBIO_EN_LA_FILA_HISTORICA; CAMBIO_CANONICO_DOCUMENTADO; campos=filas o fuente; inicial_sha256=41265cdf8989d1fb5aa4817b36a6ab227ea244b667e37bfbfb4dc18c2b288fb3; final_sha256=e844369aee5beb228c9ab1c72e493f86b3a28b2118c1ba27e57ff95c0a9ab2f7","b08820200a801c2118c50fa73770b121eeaf45ee603b03f31d75c1edba562a38"
"BN-012","15.2","RETIRADA_DUPLICADA_FUSIONADA","El coste ancestral de envoltura nuclear es un componente del presupuesto de núcleo completo ya controlado.","S307 y C-1177; mismo objeto cuantitativo que BN-049.","Fusionada en BN-049 con componentes separados.","RETIRADA","Solo reabrir si cambia la disposición histórica o aparece evidencia que invalida el cierre documentado.","SIN_CAMBIO_EN_LA_FILA_HISTORICA; SIN_FILA_CANONICA_EN_AMBOS_CORTES","49a0619ec7729a6e434727d6f1a7c55db6b9417aff198abb5a18ba770f22c94c"
"BN-014","15.2","CONSERVADA_REFORMULADA","Kay et al. proponen una cronología parcial de duplicaciones para citoesqueleto, tráfico, núcleo y mitocondria; no un orden completo de innovaciones fenotípicas.","S58, figs. 1–4; Speijer 2026 objeta posibles sesgos de tasa.","BN-014 conserva el orden total residual y documenta la secuencia parcial.","P1","Nuevo protocolo o dataset comparable, o una síntesis causal pertinente.","SIN_CAMBIO_EN_LA_FILA_HISTORICA; CAMBIO_CANONICO_DOCUMENTADO; campos=filas o fuente; inicial_sha256=fbef9d4ff51d1a864d08db98b99b4e0e551631a4be434ef3750705d4dc18df03; final_sha256=c1f8bacc2f66c593163333ce4874ce7c266ee079edc4ef354386e504bb6925cd","1c4002e8ae384c7b7e490134d9946ba00835fa9f1b4084fc81e16086d71745cc"
"BN-015","15.2","CONSERVADA_CONFIRMADA","Los modelos de origen del núcleo explican subconjuntos distintos y ninguna evidencia selecciona un mecanismo completo.","S95; Vosseberg 2024; S21; S58.","BN-015 convertida en incertidumbre de campo con predicciones por modelo.","P2","Fuente posterior al corte que satisfaga el blanco literal; vigilancia condicionada sin búsqueda intensiva en ausencia del desencadenante.","SIN_CAMBIO_EN_LA_FILA_HISTORICA; CAMBIO_CANONICO_DOCUMENTADO; campos=filas o fuente; inicial_sha256=1889fb14069fc65be2b1fea799b4b94e53a420b55320f533ca141631c0980b8b; final_sha256=986803632f96c158b334d2702e3b9c33ba3d26a561cedc3a09abbe48d0f77dfe","171610320309c75726352ef99ff7c810349ab238f942268fa2d41f1b9c6acb0f"
"BN-016","15.2","CONSERVADA_REFORMULADA","Protrusiones, vesículas, nanotubos y contacto sintrofio son análogos observados; envolvimiento completo, internalización e integración no lo son.","S34; Nobs et al. 2026, 10.1016/j.cub.2026.03.041.","BN-016 desglosada por etapas E1, E2 y E3.","P1","Nuevo protocolo o dataset comparable, o una síntesis causal pertinente.","SIN_CAMBIO_EN_LA_FILA_HISTORICA; CAMBIO_CANONICO_DOCUMENTADO; campos=filas o fuente; inicial_sha256=431684c707829fb25004652b8386c62e18c869edae5403a54ebaed8accc52ae0; final_sha256=e2b0bbbc375ae3d0e3dc2eda8c617bb4c2cbef8e7c4db70cddfc59fff22f467a","436b96a275e09f930c3c91f92447d309b759e1158bae4d2ca4269929893a441e"
"BN-017","15.2","CONSERVADA_CONFIRMADA","Reconstrucciones apoyan maquinaria endocítica y fagosomal en LECA, pero no resuelven fagotrofia funcional como nutrición.","S79; S59; S58.","BN-017 separa maquinaria, ingestión y conducta trófica.","P1","Nuevo protocolo o dataset comparable, o una síntesis causal pertinente.","SIN_CAMBIO_EN_LA_FILA_HISTORICA; CAMBIO_CANONICO_DOCUMENTADO; campos=filas o fuente; inicial_sha256=dd58c50e3433532dd1796ef3cc954de935bfa9e2ea42907bb70fa4118b930b85; final_sha256=d306179063e5bf7c8a16ccffa82b6fe1cea9b9a4fe0048f9d796f62201ba3df1","923cdd4097f213f4faeb6284546806e150e3701dd0189b769b11d9637d89772c"
"BN-018","15.2","CONSERVADA_CONFIRMADA","Los análisis sitúan los linajes ancestrales respecto de taxones actuales, pero no identifican al hospedador arqueano ni al progenitor mitocondrial históricos.","S25–S27 y S46–S48.","BN-018 separada en matrices arqueana y mitocondrial.","P1","Nuevo protocolo o dataset comparable, o una síntesis causal pertinente.","SIN_CAMBIO_EN_LA_FILA_HISTORICA; CAMBIO_CANONICO_DOCUMENTADO; campos=filas o fuente; inicial_sha256=ffd0add94abc2555679686e906f342b6c9aac70c5fbc28f50ccdd4af17dd2d50; final_sha256=b1bf11fa52056ae286a9bb88a434167a572d64e35c59dbb55e097f4f71a67ed8","844541ac524902f3d0c891ab23f2b5caaf2e1860dd7ba9e1341a7710eb818e97"
"BN-019","15.2","CONSERVADA_REFORMULADA","Se reconstruyen múltiples oleadas de donantes y orden relativo; la huella génica sola no distingue contacto transitorio de tercer endosimbionte.","Bernabeu et al. 2026, 10.1038/s41586-026-10639-9.","BN-019 vinculada correctamente a C-388–C-389.","P1","Nuevo protocolo o dataset comparable, o una síntesis causal pertinente.","SIN_CAMBIO_EN_LA_FILA_HISTORICA; CAMBIO_CANONICO_DOCUMENTADO; campos=filas o fuente; inicial_sha256=0eba3aa16f9cffc9ae580d13d5254386e7646520e5682ac7e007a5a8535c0406; final_sha256=9301977adb5732a7a3ae3597bea435ef0349dea9b77c1846d29b137e184f5432","9179261d0072e36f544792c1e1e56609d7d70865f47072a6a91def5de582579e"
"BN-020","15.3","CONSERVADA_REFORMULADA","Amorphea se diagnostica por nodo y filogenómica; no se estableció una sinapomorfía morfológica universal y exclusiva.","Definiciones nodales y reconstrucciones ancestrales auditadas; rasgos candidatos no exclusivos.","BN-020 conserva la exclusividad morfológica residual.","P2","Fuente posterior al corte que satisfaga el blanco literal; vigilancia condicionada sin búsqueda intensiva en ausencia del desencadenante.","SIN_CAMBIO_EN_LA_FILA_HISTORICA; CAMBIO_CANONICO_DOCUMENTADO; campos=términos exactos o fundamento; inicial_sha256=4bc9357f7c3d8ea20bbfc30dcae9d92619b608674b3371e7e9f51f6ca6a1f47a; final_sha256=ae515128a8cf1b6829f934882529ec517367260ef155ab580fd27603eb829c54","a984bc537895ace39c0b7f08fbda85daee93ce4ddcfd42a8507cb824148893dd"
"BN-021","15.3","RETIRADA_RESUELTA","Edad auditada de Amorphea: intervalo publicado 1089,7–1361,5 Ma bajo el modelo de raíz 1,5 Ga; no se conserva un valor central no publicado.","Liu et al. 2024, 10.1371/journal.pbio.3002794, tabla S7 nodo 347.","Integrada como estimación estudio-específica, no consenso.","RETIRADA","Solo reabrir si cambia la disposición histórica o aparece evidencia que invalida el cierre documentado.","CORRECCION_EXPLICITA: resultado_documentado corregido; valor_inicial_sha256=9bc42123f0497a26b630e52d14bd05c786731c8910d91675c11c0976899c37f0; se retiró un valor central no publicado o un complemento aritmético y se conservaron solo magnitudes publicadas; SIN_FILA_CANONICA_EN_AMBOS_CORTES","964e36ac5251e1b5df28312bb5fec886a6a351eda44b45d27314cbf5d170719b"
"BN-022","15.3","RETIRADA_RESUELTA","Edad de corona Amoebozoa: intervalo publicado 872,9–1297,8 Ma; no se conserva un valor central no publicado.","Liu et al. 2024, tabla S7 nodo 5.","Integrada con muestreo y modelo explícitos.","RETIRADA","Solo reabrir si cambia la disposición histórica o aparece evidencia que invalida el cierre documentado.","CORRECCION_EXPLICITA: resultado_documentado corregido; valor_inicial_sha256=5ebc8920d33e0ac48f5ddf54f606d363835c8c956631fd295ad3f51645021d59; se retiró un valor central no publicado o un complemento aritmético y se conservaron solo magnitudes publicadas; SIN_FILA_CANONICA_EN_AMBOS_CORTES","e8b2c1d1effabac3bd6d6532f5c235d71d8ec42bc932a3081a4a09dee3485241"
"BN-023","15.3","RETIRADA_RESUELTA","Edad de Obazoa: intervalo publicado 1077,1–1334,8 Ma; no se conserva un valor central no publicado.","Liu et al. 2024, tabla S7 nodo 346.","Integrada como corona según la topología del estudio.","RETIRADA","Solo reabrir si cambia la disposición histórica o aparece evidencia que invalida el cierre documentado.","CORRECCION_EXPLICITA: resultado_documentado corregido; valor_inicial_sha256=24a2be1f0e3b329ec815154ccdac35eafec44be035db49134b363f5b3ce4224e; se retiró un valor central no publicado o un complemento aritmético y se conservaron solo magnitudes publicadas; SIN_FILA_CANONICA_EN_AMBOS_CORTES","55aa103b24865c7efb75002b7beeb7adf31d6bd276de1b4082fc7dfa619bbf3b"
"BN-024","15.3","CONSERVADA_REFORMULADA","Obazoa tiene reconstrucciones de rasgos ancestrales, pero no una sinapomorfía morfológica exclusiva demostrada.","Filogenómica y reconstrucción ancestral auditadas.","BN-024 separa carácter ancestral de diagnóstico exclusivo.","P2","Fuente posterior al corte que satisfaga el blanco literal; vigilancia condicionada sin búsqueda intensiva en ausencia del desencadenante.","SIN_CAMBIO_EN_LA_FILA_HISTORICA; CAMBIO_CANONICO_DOCUMENTADO; campos=términos exactos o fundamento; inicial_sha256=160a0bb96d426392ed2865dc829a1bf86cde4b819ad4ac00a49dbb22a3e4cae1; final_sha256=571423fee8b8e29d63d598fc61af5822d0a878b68e51115f65a34d658710db02","69e2a45e8a87d5ff53eadaaf92087e5e567195745774966b492baad97a9f3fa3"
"BN-025","15.3","CONSERVADA_REFORMULADA","El nodo disponible fecha la separación Apusomonadida–Opisthokonta, no la corona de Apusomonadida.","Liu et al. 2024, tabla S7 nodo 345: intervalo publicado 1036,8–1277,6 Ma; no se conserva un valor central no publicado.","BN-025 conserva la edad de corona con al menos dos linajes internos.","P0","Nueva evidencia primaria que pueda resolver o reformular el blanco literal.","CORRECCION_EXPLICITA: evidencia_principal corregida; valor_inicial_sha256=56e8a6fb928c963826c7b83a899252417947d3483d00c46d7f2d53246db80aae; se acotó la evidencia a la magnitud o clase de medición publicada; CAMBIO_CANONICO_DOCUMENTADO; campos=términos exactos o fundamento; inicial_sha256=f2d7387200a1a992593a613458fe4ae997e6cfbb8b481aaca653acf028555829; final_sha256=207ea3f5d8201c7d710534c07cb093e7770624382eb706262369eafd721f5024","329d4b97282f959fa2758ad4473fddad3e858c71b480385162354623ac3cdd05"
"BN-026","15.3","RETIRADA_RESUELTA","Edad de corona Breviatea: intervalo publicado 803,0–1237,6 Ma; no se conserva un valor central no publicado.","Liu et al. 2024, tabla S7 nodo 6.","Integrada para Nutomonas + Pygsuia.","RETIRADA","Solo reabrir si cambia la disposición histórica o aparece evidencia que invalida el cierre documentado.","CORRECCION_EXPLICITA: resultado_documentado corregido; valor_inicial_sha256=9aebb3e0fcd9a546f3028a3b4ea9a8cf6bbf962943ffca4593df6d9d4c1bbb19; se retiró un valor central no publicado o un complemento aritmético y se conservaron solo magnitudes publicadas; SIN_FILA_CANONICA_EN_AMBOS_CORTES","15e71b2bd5b0c88942f5c78733037015504ecaede19d67aa3f325d96e4aeb401"
"BN-027","15.3","CONSERVADA_REFORMULADA","Holomycota se diagnostica molecular y filogenómicamente; la morfología muestra mosaicos y pérdidas, no un carácter universal exclusivo.","Fuentes nodales y morfológicas auditadas.","BN-027 conserva solo el residual de exclusividad.","P2","Fuente posterior al corte que satisfaga el blanco literal; vigilancia condicionada sin búsqueda intensiva en ausencia del desencadenante.","SIN_CAMBIO_EN_LA_FILA_HISTORICA; CAMBIO_CANONICO_DOCUMENTADO; campos=términos exactos o fundamento; inicial_sha256=961eae2026e5409547b9e848b6e5e084e19c4795faa3b262ccf0a184ef4dee7e; final_sha256=fd24773bd114af3ff98d3984ef444de1dedf82f2aeb48d14939f0b242b0cb8dc","3033b5fe063a5ee84f8f71293d12cc5c12274f3f4dc6565b40e9f40ec1e5af91"
"BN-028","15.3","CONSERVADA_REFORMULADA","Holozoa tiene diagnóstico molecular y filogenómico, pero no sinapomorfía morfológica universal y exclusiva.","Literatura de circunscripción y fusión molecular auditada.","BN-028 conserva solo el residual morfológico.","P2","Fuente posterior al corte que satisfaga el blanco literal; vigilancia condicionada sin búsqueda intensiva en ausencia del desencadenante.","SIN_CAMBIO_EN_LA_FILA_HISTORICA; CAMBIO_CANONICO_DOCUMENTADO; campos=términos exactos o fundamento; inicial_sha256=026d264def7b956cb19441b864590c5bb7252c9f1bc63e42005c8075009ab832; final_sha256=ee19c5fd73f72bf9eee0257bdcb4c0632436746b18ce18fe6732db8bada2349c","5dce45dfda8e2dc745ccb45570371a56098c2fad97bcd03225c29072ac3c39a4"
"BN-029","15.3","RETIRADA_RESUELTA","Edad de corona Ichthyosporea: intervalo publicado 671,3–920,0 Ma; no se conserva un valor central no publicado.","Liu et al. 2024, tabla S7 nodo 124.","Integrada con diez taxones y método explícito.","RETIRADA","Solo reabrir si cambia la disposición histórica o aparece evidencia que invalida el cierre documentado.","CORRECCION_EXPLICITA: resultado_documentado corregido; valor_inicial_sha256=e6bbed6a0aa1347de0710a5e3c0172963e1b082f763842dcc6b166dd18676506; se retiró un valor central no publicado o un complemento aritmético y se conservaron solo magnitudes publicadas; SIN_FILA_CANONICA_EN_AMBOS_CORTES","e835c9cd7b998c5b5c396e5b51651725112c5797c88f9bcbdbca43aa58caec01"
"BN-030","15.3","RETIRADA_RESUELTA","Edad de corona Pluriformea: intervalo publicado 456,8–836,8 Ma; no se conserva un valor central no publicado.","Liu et al. 2024, tabla S7 nodo 115.","Integrada con advertencia de dos terminales y topología sensible.","RETIRADA","Solo reabrir si cambia la disposición histórica o aparece evidencia que invalida el cierre documentado.","CORRECCION_EXPLICITA: resultado_documentado corregido; valor_inicial_sha256=5993dc20b88c1f65ee419535d15a0e0c015b954a436756091b0355f45b7397f0; se retiró un valor central no publicado o un complemento aritmético y se conservaron solo magnitudes publicadas; SIN_FILA_CANONICA_EN_AMBOS_CORTES","30c42dde6bd5aaff899c8c29d5fe433a565deed71bddb29bed07b18f92b59d85"
"BN-031","15.3","CONSERVADA_REFORMULADA","La edad depende de la circunscripción de Corallochytrea: puede coincidir operacionalmente con Pluriformea o no ser estimable con un solo terminal.","Liu et al. 2024 y literatura de circunscripción.","BN-031 exige declarar la circunscripción antes de fechar.","P0","Nueva evidencia primaria que pueda resolver o reformular el blanco literal.","SIN_CAMBIO_EN_LA_FILA_HISTORICA; CAMBIO_CANONICO_DOCUMENTADO; campos=términos exactos o fundamento; inicial_sha256=43172af2dcb8bd0e56e44f5235bf955d12cb895218d43bb851addfe329edac82; final_sha256=368972d03dab6f43fb359ef2ba3f6c4ae76f5fe40e45cb93648853f11781729c","db15d516b4118cfff3d8542b3ba39c28abd2000764bc1ca22e619775e157116b"
"BN-032","15.3","RETIRADA_RESUELTA","Edad de corona Filasterea: intervalo publicado 544,8–882,8 Ma; no se conserva un valor central no publicado.","Liu et al. 2024, tabla S7 nodo 128.","Integrada con conjunto de taxones e intervalo.","RETIRADA","Solo reabrir si cambia la disposición histórica o aparece evidencia que invalida el cierre documentado.","CORRECCION_EXPLICITA: resultado_documentado corregido; valor_inicial_sha256=f8905f932ad3e662c6e68e1d3571867493c138bbc7010c19de64f9404c9886b5; se retiró un valor central no publicado o un complemento aritmético y se conservaron solo magnitudes publicadas; SIN_FILA_CANONICA_EN_AMBOS_CORTES","b14aa33bfa48389a73c6bb797a655cce3fa33fefe5e59722b3115e90e812bcd1"
"BN-033","15.3","RETIRADA_RESUELTA","Edad de Filozoa: intervalo publicado 844,8–1000,2 Ma; no se conserva un valor central no publicado.","Liu et al. 2024, tabla S7 nodo 341.","Integrada con circunscripción del árbol.","RETIRADA","Solo reabrir si cambia la disposición histórica o aparece evidencia que invalida el cierre documentado.","CORRECCION_EXPLICITA: resultado_documentado corregido; valor_inicial_sha256=39b32ae046aa57b67e69bae766bf7b501b4d3a0ea44163ff9d0cdd4500e24a84; se retiró un valor central no publicado o un complemento aritmético y se conservaron solo magnitudes publicadas; SIN_FILA_CANONICA_EN_AMBOS_CORTES","a41db0437dea629517021804e8328b1e8f38683247d35524435e2a1e228cbc4f"
"BN-034","15.3","CONSERVADA_CONFIRMADA","La raíz de Holozoa unicelular mantiene tres alternativas sensibles a matriz, modelo y concordancia génica.","S126, resultados y análisis de concordancia.","BN-034 conserva las topologías rivales sin forzar una.","P0","Nueva evidencia primaria que pueda resolver o reformular el blanco literal.","SIN_CAMBIO_EN_LA_FILA_HISTORICA; SIN_CAMBIO_CANONICO","20cccd6cd098e6a2e35f696f3b498ea83e48ed4fb772f749d82ffebeb19c1d8d"
"BN-035","15.3","RETIRADA_FUERA_DE_ALCANCE","Metazoa entra solo como terminal según el encargo original.","C01-PROMPT-INVESTIGACION, sección 1.","Retirada del denominador científico.","RETIRADA","Solo reabrir si cambia la disposición histórica o aparece evidencia que invalida el cierre documentado.","SIN_CAMBIO_EN_LA_FILA_HISTORICA; SIN_FILA_CANONICA_EN_AMBOS_CORTES","1f34a01653a367681518c0345c072851a49eb4d19ff0060cf135e5b08166d2e3"
"BN-036","15.3","RETIRADA_CONSULTA_MAL_FORMADA","Amorphea–Diaphoretickes no es sinónimo de Opimoda–Diphoda y los linajes profundos impiden la partición cerrada solicitada.","Literatura moderna de raíz eucariota y C-662–C-665.","La pregunta correcta queda explicada positivamente por estudio y taxonomía.","RETIRADA","Solo reabrir si cambia la disposición histórica o aparece evidencia que invalida el cierre documentado.","SIN_CAMBIO_EN_LA_FILA_HISTORICA; SIN_FILA_CANONICA_EN_AMBOS_CORTES","69ee6503be9568e6747e5cd6ee51bd6f12d5a00a6f96dfc1f5cbdae68b00dd0c"
"BN-091","15.4","RETIRADA_DUPLICADA_FUSIONADA","Repetía la búsqueda de sinapomorfía morfológica de Amorphea.","Coincidencia de objeto con BN-020.","Fusionada en BN-020.","RETIRADA","Solo reabrir si cambia la disposición histórica o aparece evidencia que invalida el cierre documentado.","SIN_CAMBIO_EN_LA_FILA_HISTORICA; SIN_FILA_CANONICA_EN_AMBOS_CORTES","afd63925b6da7dcdcff3808a14f6dd3399dc40b5ad87c20b1f6e73d17fcbc08e"
"BN-092","15.4","RETIRADA_DUPLICADA_FUSIONADA","Repetía la búsqueda de sinapomorfía morfológica de Obazoa.","Coincidencia de objeto con BN-024.","Fusionada en BN-024.","RETIRADA","Solo reabrir si cambia la disposición histórica o aparece evidencia que invalida el cierre documentado.","SIN_CAMBIO_EN_LA_FILA_HISTORICA; SIN_FILA_CANONICA_EN_AMBOS_CORTES","caf13070e25e53c0a8750969eb55695d384f1160d135b2190e2f49ef2d5a018c"
"BN-093","15.4","CONSERVADA_REFORMULADA","Existe un fósil putativo de choanoflagelado, pero carece del collar diagnóstico y no sirve aún como calibración nodal segura.","Fonseca et al. 2023, 10.1038/s41598-022-26972-8.","BN-093 conserva la asignación diagnóstica aceptada.","P1","Nuevo protocolo o dataset comparable, o una síntesis causal pertinente.","SIN_CAMBIO_EN_LA_FILA_HISTORICA; CAMBIO_CANONICO_DOCUMENTADO; campos=filas relacionadas; inicial_sha256=e9ee8dce3c207152da2ca79229c6d1898e16dec6f347e0190fc8e70c5c7d99bd; final_sha256=f209baa10b7469a1a472828e2bedc762816801da9b6d4666a7c06338a3bc8412","f63be3aba54213cd86cd5ba1640845f4ba70ebbd4c9f2760f94a9ec320ff99c5"
"BN-094","15.4","RETIRADA_DUPLICADA_FUSIONADA","La matriz nodal completa repetía edades controladas individualmente y mezclaba modelos no comparables.","BN-021, BN-023 y BN-033; Liu et al. 2024.","Fusionada en las fichas nodales, con NA donde corresponde.","RETIRADA","Solo reabrir si cambia la disposición histórica o aparece evidencia que invalida el cierre documentado.","SIN_CAMBIO_EN_LA_FILA_HISTORICA; SIN_FILA_CANONICA_EN_AMBOS_CORTES","bc001aae9d7ac597e128590448b9bbd5623fb593dc67a4a17cd277cf5124f373"
"BN-095","15.4","CONSERVADA_REFORMULADA","Hay una reconstrucción local de 26,9 ± 0,4 °C, no una temperatura media global comparable entre proxies.","Estudio de clumped isotopes de Xiamaling auditado en el informe ambiental.","BN-095 conserva el residual global y registra el valor local.","P2","Fuente posterior al corte que satisfaga el blanco literal; vigilancia condicionada sin búsqueda intensiva en ausencia del desencadenante.","SIN_CAMBIO_EN_LA_FILA_HISTORICA; CAMBIO_CANONICO_DOCUMENTADO; campos=filas relacionadas; inicial_sha256=b039ed33311993c1f6cc79bc0d3ef665db3f5d077d0b3f812890c7cb2bb15e07; final_sha256=136aca1cc9a1042eb1eb658c60d342a4b34a32f183d98e87f66fe0a733258bd3","5c8a7473bedf57d3a5f2c2d1605b696df860ed21a6fbae8574c5b3bc91cfd13c"
"BN-096","15.4","CONSERVADA_REFORMULADA","La base Sedimentary Geochemistry and Paleoenvironments reúne datos por elemento, muestra, litología y método, no una serie de agua de mar homogénea.","SGP Phase 2, base y métodos oficiales.","BN-096 conserva la homogeneización pan-Proterozoica no publicada.","P2","Fuente posterior al corte que satisfaga el blanco literal; vigilancia condicionada sin búsqueda intensiva en ausencia del desencadenante.","SIN_CAMBIO_EN_LA_FILA_HISTORICA; CAMBIO_CANONICO_DOCUMENTADO; campos=filas relacionadas; inicial_sha256=2977f21c3144a9603a43f014ed093a352b8d7b65d3ef36ef98e873a2906ccd31; final_sha256=2be542b5c8fcf75bd9161c7a90c58de6e0d59bcdb7b99836d5871160c2998304","2308a02acf6d8179b91fb1c87b8bf7e30110662a90bbcce0e879aad6e0039e4f"
"BN-097","15.4","CONSERVADA_REFORMULADA","Se modeló más de 54 % del área del fondo marino como oxigenada cerca de 1,57 Ga; no volumen, profundidad ni una partición global cerrada.","S189, resultados del modelo de área.","BN-097 separa área de fondo, volumen y profundidad.","P2","Fuente posterior al corte que satisfaga el blanco literal; vigilancia condicionada sin búsqueda intensiva en ausencia del desencadenante.","SIN_CAMBIO_EN_LA_FILA_HISTORICA; CAMBIO_CANONICO_DOCUMENTADO; campos=filas relacionadas; inicial_sha256=97d0166b4cb335c2350e74dbc1f25ccae1e67538f2435ea6ad0171008c4eff4e; final_sha256=4defed0c39ed59718bb05284003eac41708ed56c9c9a479b0019c7473836ae01","01b7ef78cb2c473b6a33e59e012bafbb7ad9d54ff4d8284b626015bf889af6ba"
"BN-098","15.4","CONSERVADA_REFORMULADA","Los inventarios estandarizan riqueza y ocurrencias fósiles, no densidad celular de comunidades del corredor.","Literatura paleobiológica auditada.","BN-098 conserva el denominador células por volumen o área.","P2","Fuente posterior al corte que satisfaga el blanco literal; vigilancia condicionada sin búsqueda intensiva en ausencia del desencadenante.","SIN_CAMBIO_EN_LA_FILA_HISTORICA; CAMBIO_CANONICO_DOCUMENTADO; campos=filas relacionadas; inicial_sha256=5bb032ea88e5249cd60ef3209513d7f498717c52bea7301a049f6333a80ef364; final_sha256=c9110a1edbcb449c268201b0488c199593560069020762c05149025ae46f0761","096d6c5e2b4dcdc4be51cb02423d569c95b1227fce1a2b3c8dca93e56a5b31a5"
"BN-099","15.4","CONSERVADA_REFORMULADA","La biogeografía recuperada es específica de marcador, especie, provincia y profundidad; no define una escala universal de dispersión.","Estudios poblacionales y ambientales auditados.","BN-099 conserva el residual universal.","P1","Nuevo protocolo o dataset comparable, o una síntesis causal pertinente.","SIN_CAMBIO_EN_LA_FILA_HISTORICA; CAMBIO_CANONICO_DOCUMENTADO; campos=filas relacionadas; inicial_sha256=4d4695ae97b99d71a62e9ffd751eb82967dd0ee0302541cec4f9dc1e8caaa2ba; final_sha256=dcdd15dfb5be87c30dd457354015b86ef87ab9ae7d94206a2262912b9e9c7231","4ac1e73cc13448dc5d072d7646c03f7f9556818bf874495819fb5b558d40d633"
"BN-100","15.4","CONSERVADA_REFORMULADA","Cinco pM es la menor concentración de EroS ensayada con actividad, no EC50 ni umbral universal.","Woznica et al. 2017, S203, figura de dosis.","BN-100 registra el punto ensayado y conserva EC50/umbral.","P0","Nueva evidencia primaria que pueda resolver o reformular el blanco literal.","SIN_CAMBIO_EN_LA_FILA_HISTORICA; CAMBIO_CANONICO_DOCUMENTADO; campos=filas relacionadas; inicial_sha256=64d3885c91132c9c6d9b2b82cd4dedb2be7282a17bab020ea076b3c57e86bbe4; final_sha256=a30614d885c843b06118e327711093ee73c842dd7e7792c863fce349bc091ebc","fcbb2fc8a5b260155a9c198e8cd1ea28806e3fc1c7c0aeda766cf15c40e32373"
"BN-101","15.4","CONSERVADA_REFORMULADA","RIF, EroS y agregación de Capsaspora tienen cinéticas específicas de protocolo y no una reversión directamente comparable.","S203, S427, S428 y protocolos respectivos.","BN-101 queda desglosada por inductor y endpoint.","P0","Nueva evidencia primaria que pueda resolver o reformular el blanco literal.","SIN_CAMBIO_EN_LA_FILA_HISTORICA; CAMBIO_CANONICO_DOCUMENTADO; campos=filas relacionadas; inicial_sha256=4fd1db801c3b63f45eecfb0c0e2ed30a84e61a6e1bf22cf3993f5339d47b5c5e; final_sha256=60e4cb1cc0ad5d0c77ad36974d229a48b93d94e170814af1f74a70831482bf59","111cea3626cafc6fabdd252f1282d5cce465d2c25d80e4ee87b2f472fae8031b"
"BN-102","15.4","CONSERVADA_REFORMULADA","Un ensayo de Salpingoeca publicó 35–65 bacterias por célula y hora; otros linajes y microesferas usan denominadores distintos.","Fuente primaria de alimentación auditada; S477 como comparando no equivalente.","BN-102 conserva la comparación multilinaje homogénea.","P0","Nueva evidencia primaria que pueda resolver o reformular el blanco literal.","SIN_CAMBIO_EN_LA_FILA_HISTORICA; CAMBIO_CANONICO_DOCUMENTADO; campos=filas relacionadas; inicial_sha256=2e99681668aea87eb97907c68f9dc9116949ebab108b51f2833ee2fa4ffd7067; final_sha256=bdbb7dbb81370580e23dbe70183e56531ee8d20a7525c59e02dff8ce44ad9108","601a4cf2f01c4e0a3e2aec3c451b6946dda035a6307c8c6052b59a28bce7dbdc"
"BN-103","15.4","RETIRADA_DUPLICADA_FUSIONADA","Repetía costes de rosetas, agregados y coenocitos ya controlados por arquitectura.","BN-077, BN-083 y BN-086 en el registro original.","Fusionada en la BN-083 maestra.","RETIRADA","Solo reabrir si cambia la disposición histórica o aparece evidencia que invalida el cierre documentado.","SIN_CAMBIO_EN_LA_FILA_HISTORICA; SIN_FILA_CANONICA_EN_AMBOS_CORTES","9ade6045d1c08ebb3988168f6186d42517a8e56bd7d9cd1f22d48df2cb9738de"
"BN-108","15.4","CONSERVADA_CONFIRMADA","No se localizó una curva de crecimiento o tiempo de generación publicado para Apusomonadida bajo condiciones cuantificadas.","Medios, temperaturas y repiques no equivalen a tasa de división.","BN-108 conserva búsqueda y fecha de corte.","P0","Nueva evidencia primaria que pueda resolver o reformular el blanco literal.","SIN_CAMBIO_EN_LA_FILA_HISTORICA; CAMBIO_CANONICO_DOCUMENTADO; campos=filas relacionadas; inicial_sha256=29bbaf16036a2867a83cf97ff982fa19835658c36480e2c2a4605e0830deb373; final_sha256=75cc898ac53685f2b143264bb5605033f5daa3c6eec09a2c98d77865b96027b6","348815ed44a8e7d2adb06264bfd4ffab485439a3d02c8ebb726a2949787c0505"
"BN-109","15.4","CONSERVADA_REFORMULADA","Las transiciones redox publicadas son intervalos estratigráficos locales dependientes de cuenca, proxy y resolución.","S459 solo aporta análogos cretácicos de alta resolución.","BN-109 conserva la constante Proterozoica universal no publicada.","P1","Nuevo protocolo o dataset comparable, o una síntesis causal pertinente.","SIN_CAMBIO_EN_LA_FILA_HISTORICA; CAMBIO_CANONICO_DOCUMENTADO; campos=filas relacionadas; inicial_sha256=a17f4fc928ba7b0270a9be7a8671a907df7cf3b12fd177d2784103de2f9661cc; final_sha256=759c05b2dc809404e9441a0478542a56652a5a735bf93a8075940c00f570ca3a","cae7442c60f832656ffee53cd464588c9bf04454259ff00c683194f1246de651"
"BN-112","15.4","CONSERVADA_REFORMULADA","Un estudio de 2026 reconstruyó cuatro transiciones a osmotrofia, no un recuento uniforme pan-eucariota de pérdidas de fagocitosis.","Estudio filogenómico 2026 auditado; S79 mide otros objetos.","BN-112 registra las cuatro transiciones y conserva el recuento global.","P2","Fuente posterior al corte que satisfaga el blanco literal; vigilancia condicionada sin búsqueda intensiva en ausencia del desencadenante.","SIN_CAMBIO_EN_LA_FILA_HISTORICA; CAMBIO_CANONICO_DOCUMENTADO; campos=filas relacionadas; inicial_sha256=580f0d9d041f167e3945e4f7543ea24642ddd51204d58c868cbc6b695c9d2d4f; final_sha256=e6bce7d3390f19b8b8b72f9d052289ccb30a5ef63dce6e94aee2e0f62181420e","251d00e55071ab2a5d20e19b0a142e6ea942fc722f705669ba38cf59d0af6c4f"
"BN-037","15.5","RETIRADA_RESUELTA","Exposiciones bacterianas concretas no indujeron rosetas detectables en el endpoint experimental.","Alegado et al., controles bacterianos del ensayo de inducción.","Resultado nulo integrado sin generalizar a toda consecuencia.","RETIRADA","Solo reabrir si cambia la disposición histórica o aparece evidencia que invalida el cierre documentado.","SIN_CAMBIO_EN_LA_FILA_HISTORICA; SIN_FILA_CANONICA_EN_AMBOS_CORTES","346db7ca4d60d3e0702705e8f83ea3ac196636f8c742de4a46a6497829cb0d1a"
"BN-038","15.5","CONSERVADA_CONFIRMADA","No se localizó retorno autónomo a vida libre del mismo endosimbionte obligado y genómicamente reducido.","Revisiones y casos de reemplazo, pérdida y persistencia.","BN-038 conserva el criterio de identidad del mismo linaje.","P2","Fuente posterior al corte que satisfaga el blanco literal; vigilancia condicionada sin búsqueda intensiva en ausencia del desencadenante.","SIN_CAMBIO_EN_LA_FILA_HISTORICA; SIN_CAMBIO_CANONICO","f5136fdb3ae3e413632300d0696013f0a3c58dbace85046919fa41beed775653"
"BN-039","15.5","RETIRADA_RESUELTA","La divergencia UCYN-A1/A2 de aproximadamente 91 Ma sirve como ancla inferida de asociación ancestral probable, no como fecha directa de captura.","Cornejo-Castillo et al. 2016, 10.1038/ncomms11071.","Edad integrada con caveat inferencial.","RETIRADA","Solo reabrir si cambia la disposición histórica o aparece evidencia que invalida el cierre documentado.","SIN_CAMBIO_EN_LA_FILA_HISTORICA; SIN_FILA_CANONICA_EN_AMBOS_CORTES","7f5de61a9045d664aa3c62f3f6ae12a7f138c8128989120639b16887220cf634"
"BN-040","15.5","CONSERVADA_REFORMULADA","Un informe KAKEN enumera 30 genes candidatos de posible EGT en Hatena; falta validación nuclear, filogenética y funcional publicada.","KAKEN 23117004, informe final.","BN-040 registra candidatos y conserva demostración de EGT.","P0","Nueva evidencia primaria que pueda resolver o reformular el blanco literal.","SIN_CAMBIO_EN_LA_FILA_HISTORICA; SIN_CAMBIO_CANONICO","d5655a2ff0e88a6580138606c2087402fbcd0f13123fce7a5d4335467a65db4a"
"BN-041","15.5","RETIRADA_DUPLICADA_FUSIONADA","La tabla de endosimbiosis recientes era un subconjunto de la cronología comparada maestra.","Coincidencia de campos con BN-111.","Fusionada en BN-111.","RETIRADA","Solo reabrir si cambia la disposición histórica o aparece evidencia que invalida el cierre documentado.","SIN_CAMBIO_EN_LA_FILA_HISTORICA; SIN_FILA_CANONICA_EN_AMBOS_CORTES","1785fc98d30c71712619cecd0aac3b47739f5e47a26fb4b44488abc85e0024d7"
"BN-042","15.5","RETIRADA_DUPLICADA_FUSIONADA","La ficha de endosimbiosis terciarias era otro bloque de la cronología comparada maestra.","Burki et al. 2014 y coincidencia de campos con BN-111.","Fusionada en BN-111.","RETIRADA","Solo reabrir si cambia la disposición histórica o aparece evidencia que invalida el cierre documentado.","SIN_CAMBIO_EN_LA_FILA_HISTORICA; SIN_FILA_CANONICA_EN_AMBOS_CORTES","0d8a3b5888a0195f3ffc363859debc671e14d9d12cd0c79624dce4bc5b5a0e31"
"BN-043","15.5","CONSERVADA_REFORMULADA","La pérdida génica muestra una fase intensa de transición y erosión posterior dependiente del linaje, no una tasa universal genes por Ma.","Forni et al. 2026, 10.1016/j.ympev.2026.108532; Tamas 2002.","BN-043 conserva solo la tasa temporal universal.","P1","Nuevo protocolo o dataset comparable, o una síntesis causal pertinente.","SIN_CAMBIO_EN_LA_FILA_HISTORICA; SIN_CAMBIO_CANONICO","1c376cb3edbfd3387d77a6173ab9cb6faa861f9547b4080b0fb353215b11244e"
"BN-044","15.5","CONSERVADA_REFORMULADA","Vitaminas B fue el correlato consistente de simbiosis obligada en el muestreo de insectos; no regla necesaria y suficiente pan-eucariota.","Cornwallis et al. 2023, 10.1038/s41559-023-02058-0.","BN-044 registra dominio y tamaño de muestra.","P0","Nueva evidencia primaria que pueda resolver o reformular el blanco literal.","SIN_CAMBIO_EN_LA_FILA_HISTORICA; SIN_CAMBIO_CANONICO","c2029680f3de3a63d2cc89dce52308e8264569bc111859c6ed14485775e060f3"
"BN-045","15.5","CONSERVADA_REFORMULADA","MRO aerobias, anaerobias, hidrogenosomas y mitosomas tienen vías distintas; los mitosomas no producen ATP organelar.","Müller et al. 2012; Lithgow y Schneider 2010.","BN-045 conserva un rendimiento bajo sustrato y denominador comunes.","P2","Fuente posterior al corte que satisfaga el blanco literal; vigilancia condicionada sin búsqueda intensiva en ausencia del desencadenante.","SIN_CAMBIO_EN_LA_FILA_HISTORICA; SIN_CAMBIO_CANONICO","ee7fd0e8ac98f1b7a6507063428a67ab61f3e468b52ae3ab3a91abef969ad75a"
"BN-046","15.5","CONSERVADA_REFORMULADA","Modelos de simbiontes de insectos estiman reciclaje de 30–80 % frente a 10–15 % del nitrógeno según tamaño genómico; no es coste neto universal.","Ankrah et al. 2018, 10.1128/mBio.01433-18; Clavé 2022.","BN-046 conserva cada sistema y denominador por separado.","P0","Nueva evidencia primaria que pueda resolver o reformular el blanco literal.","SIN_CAMBIO_EN_LA_FILA_HISTORICA; SIN_CAMBIO_CANONICO","2c22bde0217a7870f5ec6523906255c60226ac11147d3022cb87eeb02c51949e"
"BN-047","15.5","RETIRADA_DUPLICADA_FUSIONADA","La auditoría nominal de cada simbionte duplicaba la auditoría global y excedía el alcance mecanístico.","C01-PROMPT-INVESTIGACION y BN-073 original.","Retirada; se verifican solo nombres efectivamente usados.","RETIRADA","Solo reabrir si cambia la disposición histórica o aparece evidencia que invalida el cierre documentado.","SIN_CAMBIO_EN_LA_FILA_HISTORICA; SIN_FILA_CANONICA_EN_AMBOS_CORTES","908041eaaf420e12c74a545d7e6b833a5e0490d2f35c009e8e074f7f8ae98dec"
"BN-048","15.5","CONSERVADA_REFORMULADA","Hay fracciones de transposones de 5–9 % en varios holozoos y menos de 2,5 % en otros; TE más repeticiones alcanza 17 % y 34 % en dos ensamblajes fragmentados.","Grau-Bové et al. 2017, 10.7554/eLife.26036; Suga 2013.","BN-048 conserva cobertura pan-corredor con pipeline homogéneo.","P1","Nuevo protocolo o dataset comparable, o una síntesis causal pertinente.","SIN_CAMBIO_EN_LA_FILA_HISTORICA; SIN_CAMBIO_CANONICO","1ed4d5c05ed581f7045d89dc47be6053a2ea35499f9c0f2cd506363379fb789e"
"BN-110","15.5","CONSERVADA_CONFIRMADA","No existe un metaanálisis global actual con una sola filogenia y codificación para todas las reducciones mitocondriales.","Lithgow y Schneider: mínimos históricos de al menos 3 hidrogenosomas y 4 mitosomas; Butenko 2024.","BN-110 separa categorías y conserva mínimos históricos.","P2","Fuente posterior al corte que satisfaga el blanco literal; vigilancia condicionada sin búsqueda intensiva en ausencia del desencadenante.","SIN_CAMBIO_EN_LA_FILA_HISTORICA; SIN_CAMBIO_CANONICO","d357c66ecd2000c0053357d98c855b701bff4d72f8d5d4c06839ced4ad853409"
"BN-111","15.5","CONSERVADA_REFORMULADA","Las fuentes fechan divergencias, adquisiciones o clados distintos y demuestran estados presentes; no fechan todos los pasos de organelogénesis.","Paulinella, UCYN-A, diazoplastos, Hatena y plastidios terciarios auditados caso por caso.","BN-111 es la matriz maestra con NO FECHADO, NO MEDIDO y NO COMPARABLE.","P0","Nueva evidencia primaria que pueda resolver o reformular el blanco literal.","SIN_CAMBIO_EN_LA_FILA_HISTORICA; SIN_CAMBIO_CANONICO","ce4b0be8f2d7168082aa3610c5ebcb04cfbe4edb1d85d0d6d8414baf4c433c50"
"BN-113","15.5","CONSERVADA_REFORMULADA","Hay al menos 223 orígenes de parasitismo en 15 filos animales y al menos 16 orígenes de simbiosis obligada en el muestreo de insectos; no una frecuencia pan-eucariota.","Weinstein y Kuris 2016; Cornwallis et al. 2023.","BN-113 conserva universo, unidad y denominador.","P2","Fuente posterior al corte que satisfaga el blanco literal; vigilancia condicionada sin búsqueda intensiva en ausencia del desencadenante.","SIN_CAMBIO_EN_LA_FILA_HISTORICA; SIN_CAMBIO_CANONICO","c946d2705f22fef2c181eb51d777aa9512959e5730e37ad6bd9ff7033f18c828"
"BN-049","15.6","CONSERVADA_REFORMULADA","Membrana, poros y transporte Ran-GTP son componentes cuantificados; no existe una suma ancestral de núcleo completo.","S307; S312/S313; Scott et al. 2024, 10.1083/jcb.202308152.","BN-049 conserva el presupuesto integral y absorbe BN-012.","P1","Nuevo protocolo o dataset comparable, o una síntesis causal pertinente.","SIN_CAMBIO_EN_LA_FILA_HISTORICA; SIN_CAMBIO_CANONICO","fc3ab9c46705ebf4728f4fd072b18992c35e1b143d8475069195fcb71f9a0bc0"
"BN-050","15.6","CONSERVADA_REFORMULADA","El modelo publicado de proto-RE puede dar beneficio neto y la pinocitosis pequeña no lo da en los rangos examinados; no modela el sistema completo.","S342, 10.1016/j.celrep.2025.115533.","BN-050 conserva el presupuesto total de endomembranas.","P1","Nuevo protocolo o dataset comparable, o una síntesis causal pertinente.","SIN_CAMBIO_EN_LA_FILA_HISTORICA; SIN_CAMBIO_CANONICO","92fbccc0225f531caa6085ce492d54f748c8bace219c0fb7f80d6cda71ce4e75"
"BN-051","15.6","CONSERVADA_CONFIRMADA","La literatura mide ATP relativo o contenido celular durante fagocitosis, no ATP neto por presa en un holozoo unicelular.","S328, S329; Wang et al. 2023; Dayel y King 2014.","BN-051 conserva denominador y corrección por resíntesis.","P0","Nueva evidencia primaria que pueda resolver o reformular el blanco literal.","SIN_CAMBIO_EN_LA_FILA_HISTORICA; SIN_CAMBIO_CANONICO","411d4500228a09658d9b4a0daa90154fedde9323bb5d1d214925a9d04756f36f"
"BN-052","15.6","CONSERVADA_CONFIRMADA","PEX1/PEX6 demuestra pasos dependientes de ATP, pero no ATP por importación ni presupuesto de peroxisoma completo.","Pedrosa 2019; Gardner 2018; Rüttermann 2023.","BN-052 conserva construcción, operación y recambio.","P1","Nuevo protocolo o dataset comparable, o una síntesis causal pertinente.","SIN_CAMBIO_EN_LA_FILA_HISTORICA; SIN_CAMBIO_CANONICO","70fb9eb83128a9c231b117d41f1b1181191bbe0bde3ab189fa7aa03c4438acad"
"BN-053","15.6","CONSERVADA_CONFIRMADA","Arquitectura mitótica y calorimetría embrionaria no aíslan costes de mitosis abierta, cerrada y semiabierta en células comparables.","S333, S334; Rodenfels 2020.","BN-053 conserva comparación energética homogénea.","P0","Nueva evidencia primaria que pueda resolver o reformular el blanco literal.","SIN_CAMBIO_EN_LA_FILA_HISTORICA; SIN_CAMBIO_CANONICO","224949ced8db794c9415963611df3af469315df62e17a029a2c84af1892fbb5e"
"BN-054","15.6","CONSERVADA_CONFIRMADA","No hay balance que sume biogénesis y operación mitocondrial y reste ATP producido para el proto-orgánulo.","S307, S312/S313, S316 y S341.","BN-054 reformulada como balance neto integrado.","P1","Nuevo protocolo o dataset comparable, o una síntesis causal pertinente.","SIN_CAMBIO_EN_LA_FILA_HISTORICA; SIN_CAMBIO_CANONICO","877dd790b20e6c5ba9d38f7c308c8d8847b945a45bb039228d094db0d21b309b"
"BN-055","15.6","CONSERVADA_REFORMULADA","Perturbaciones cuantifican agregación, reversibilidad, reagrupamiento y proliferación; no ATP de adhesión.","S427, S428; S486, 10.64898/2026.06.27.734982, preprint.","BN-055 conserva el coste energético y registra proxies.","P0","Nueva evidencia primaria que pueda resolver o reformular el blanco literal.","SIN_CAMBIO_EN_LA_FILA_HISTORICA; CAMBIO_CANONICO_DOCUMENTADO; campos=resultado o motivo; inicial_sha256=afc68f8ec3cd7faefdd7fbae957075bc8217c88371a7dff3c4502bb9dbf2104b; final_sha256=fbb6a1a69565936fe5d0f996eb8e02594b163dd4f836a4b710e646292e4d36c2","76a95533213917992b76d3042e388653a9472066468bf6e23023e8d08761043f"
"BN-056","15.6","CONSERVADA_REFORMULADA","Rutas p38, Ca2+ y Cupidon tienen salidas funcionales, pero no presupuesto total de ATP/GTP de señalización.","Rutaganira 2025; Colgren y Burkhardt 2025; S486.","BN-056 conserva el total y separa rutas.","P1","Nuevo protocolo o dataset comparable, o una síntesis causal pertinente.","SIN_CAMBIO_EN_LA_FILA_HISTORICA; SIN_CAMBIO_CANONICO","9c15fdfe3a9dfe7e7faa13b472bc3933971723f62ccdf8268f6cf689d19867c6"
"BN-057","15.6","CONSERVADA_REFORMULADA","Trypanosoma brucei tiene un presupuesto publicado de 6,0 × 10^11 ATP por célula y ciclo y un residual publicado de aproximadamente 5,5 %; no desglosa exhaustivamente todos los rasgos pedidos.","S341 y corrección S487.","BN-057 conserva el cierre exhaustivo, ya no afirma que todo provenga de organismos distintos.","P2","Fuente posterior al corte que satisfaga el blanco literal; vigilancia condicionada sin búsqueda intensiva en ausencia del desencadenante.","CORRECCION_EXPLICITA: resultado_documentado corregido; valor_inicial_sha256=b2d916eb81088db8ac3a095ec565d73a38d74314e9ff6f3328cd7e8faa6e637d; se retiró un valor central no publicado o un complemento aritmético y se conservaron solo magnitudes publicadas; CAMBIO_CANONICO_DOCUMENTADO; campos=resultado o motivo; inicial_sha256=093771b26386331cbf239a3312cc52f25cdf2b2073bf7e24e5817cfa9beda55d; final_sha256=08259cb30e941c281d3b662955f745b992072ef889e2dfdb94940f76e02803d5","ccf6138cc4a29ea5beefe5f4a0b326acd93fb6b9c934cc92a1553c76effc4372"
"BN-058","15.6","CONSERVADA_REFORMULADA","Hay módulos cuantitativos para membranas, poros, proto-RE, mitocondria, flagelo y un protista moderno; no suma homogénea de FECA o LECA.","S307, S312, S342, S341.","BN-058 conserva el presupuesto ancestral integrador.","P2","Fuente posterior al corte que satisfaga el blanco literal; vigilancia condicionada sin búsqueda intensiva en ausencia del desencadenante.","SIN_CAMBIO_EN_LA_FILA_HISTORICA; SIN_CAMBIO_CANONICO","2a69dec1e40fa6dcb2ebf588598358633818da62e04b57745a9491e79774a520"
"BN-059","15.7","CONSERVADA_CONFIRMADA","Capsaspora tiene genes, agregación y respuestas conductuales documentadas, pero no plasmogamia, cariogamia, meiosis y progenie recombinante observadas.","S352, S427, S428; literatura 2023–2026.","BN-059 conserva el ciclo completo.","P0","Nueva evidencia primaria que pueda resolver o reformular el blanco literal.","SIN_CAMBIO_EN_LA_FILA_HISTORICA; SIN_CAMBIO_CANONICO","8f9a00034b188c2eafcf068d5a862740cf8fb8355e768be2c904dce370ee2c99"
"BN-060","15.7","CONSERVADA_REFORMULADA","Se publicaron ventanas de 11 días, menos de 2 %, 15–30 min, 16 h y 2 días; ninguna es ATP o flujo metabólico por episodio.","S349, S203 y S486.","BN-060 conserva el coste energético y registra proxies temporales.","P0","Nueva evidencia primaria que pueda resolver o reformular el blanco literal.","SIN_CAMBIO_EN_LA_FILA_HISTORICA; SIN_CAMBIO_CANONICO","b6a3e747c783452402ff48c275c4eae0355d8502b01ef5b23ded8968406fa6d0"
"BN-061","15.7","CONSERVADA_REFORMULADA","En cultivo se midieron densidad inductora, enjambres, contacto y fusión; no tasa natural de encuentro ni coste de oportunidad.","S203, S349 y S486.","BN-061 conserva el escenario natural.","P1","Nuevo protocolo o dataset comparable, o una síntesis causal pertinente.","SIN_CAMBIO_EN_LA_FILA_HISTORICA; SIN_CAMBIO_CANONICO","2e1b921f7445f8806885341d366a3ce3c66bc491a0c98340df6db38797c86f9b"
"BN-062","15.7","CONSERVADA_CONFIRMADA","Una revisión de 2024 declara incierta la meiosis de Ichthyosporea y no documenta el ciclo completo en los cuatro taxones solicitados.","S133, 10.1038/s42003-024-06608-5.","BN-062 pasa de búsqueda fallida a incertidumbre publicada.","P2","Fuente posterior al corte que satisfaga el blanco literal; vigilancia condicionada sin búsqueda intensiva en ausencia del desencadenante.","SIN_CAMBIO_EN_LA_FILA_HISTORICA; SIN_CAMBIO_CANONICO","b18817d52f2f29e0bc390e28033b4cd42efba42502e8b96f70eea3831a3675a2"
"BN-063","15.7","CONSERVADA_REFORMULADA","EroS se retiró tras 16 h con dos lavados para impedir nuevo apareamiento; falta la curva de desagregación y retorno basal.","S203, STAR Methods.","BN-063 conserva solo la cinética de recuperación.","P1","Nuevo protocolo o dataset comparable, o una síntesis causal pertinente.","SIN_CAMBIO_EN_LA_FILA_HISTORICA; SIN_CAMBIO_CANONICO","d897a57051d88d441eba49f698515a245152947facb6b84e7654ff2bd7f54e11"
"BN-064","15.7","CONSERVADA_REFORMULADA","Inanición, Cupidon, collar y anisogamia difieren de EroS, contacto cuerpo-cuerpo e isogamia; la señal nutricional aguas arriba sigue desconocida.","S486, preprint, figs. 2–5.","BN-064 conserva la entrada nutricional e integración completa.","P1","Nuevo protocolo o dataset comparable, o una síntesis causal pertinente.","SIN_CAMBIO_EN_LA_FILA_HISTORICA; SIN_CAMBIO_CANONICO","33a782226acc76e56b616fe1503b96032c6ac1951c5fe48ed29ae75e76b8776f"
"BN-065","15.7","CONSERVADA_CONFIRMADA","La maquinaria sexual de LECA es reconstruible; una señal ambiental concreta no se polariza a partir de desencadenantes modernos diversos.","S357 y S78.","BN-065 codificada como no identificabilidad filogenética.","P2","Fuente posterior al corte que satisfaga el blanco literal; vigilancia condicionada sin búsqueda intensiva en ausencia del desencadenante.","SIN_CAMBIO_EN_LA_FILA_HISTORICA; SIN_CAMBIO_CANONICO","17ef97f198895622289137820d579e72f5530f974df0acce1b62092404afac98"
"BN-066","15.7","CONSERVADA_REFORMULADA","Progenie haploide se detectó a los 2 días y el retorno poblacional dentro de 3 días; no es duración citológica de meiosis I y II.","S203 STAR Methods; S349 resultados.","BN-066 conserva la duración citológica y registra límites superiores.","P1","Nuevo protocolo o dataset comparable, o una síntesis causal pertinente.","SIN_CAMBIO_EN_LA_FILA_HISTORICA; SIN_CAMBIO_CANONICO","9d02d125fe90eb16bfcebecd3e003a65c31ee1bb76d665030c6277c05a72b292"
"BN-067","15.7","CONSERVADA_REFORMULADA","Se midieron dimorfismo, contacto y fusión; el preprint informa 61 % y 55 % de alargamiento, pero no biomasa, ATP o aptitud tamaño–número.","S349; S486.","BN-067 conserva el balance de recursos y fecundidad.","P1","Nuevo protocolo o dataset comparable, o una síntesis causal pertinente.","SIN_CAMBIO_EN_LA_FILA_HISTORICA; SIN_CAMBIO_CANONICO","ef1469fd883b29d0a2fe52fe18d771b8ce6e22a4d9c98472c9ea7fdf176f720a"
"BN-068","15.7","RETIRADA_FUERA_DE_ALCANCE","La topología y evolución de gametos dentro de Metazoa están excluidas porque Metazoa es terminal.","C01-PROMPT-INVESTIGACION, sección 1.","Retirada del denominador científico.","RETIRADA","Solo reabrir si cambia la disposición histórica o aparece evidencia que invalida el cierre documentado.","SIN_CAMBIO_EN_LA_FILA_HISTORICA; SIN_FILA_CANONICA_EN_AMBOS_CORTES","3e8c425002ef3f99887fc00659f60ee22d6449136c8ac00851f0c9914ae703e5"
"BN-069","15.8","RETIRADA_RESUELTA","RegNum no devolvió definiciones PhyloCode para siete nombres consultados al 2026-08-08; el resultado es una observación registral fechada.","Búsquedas oficiales individuales en RegNum.","Integrada como observación de base, no ausencia universal.","RETIRADA","Solo reabrir si cambia la disposición histórica o aparece evidencia que invalida el cierre documentado.","SIN_CAMBIO_EN_LA_FILA_HISTORICA; SIN_FILA_CANONICA_EN_AMBOS_CORTES","84322c1e006f0e2d905ede544bd417ae89748362d8b0649a8d3e51a386426fb8"
"BN-070","15.8","RETIRADA_RESUELTA","Lang et al. propusieron explícitamente Holozoa en 2002.","Lang et al. 2002, 10.1016/S0960-9822(02)01187-9.","Prioridad integrada en C-1663.","RETIRADA","Solo reabrir si cambia la disposición histórica o aparece evidencia que invalida el cierre documentado.","SIN_CAMBIO_EN_LA_FILA_HISTORICA; SIN_FILA_CANONICA_EN_AMBOS_CORTES","0b453d3b3ca3031079c6e30ee6a0a590c8831a82da9596b541d0a41ad71491aa"
"BN-071","15.8","CONSERVADA_REFORMULADA","El uso más antiguo verificado aquí de missing link es Chambers 1844, página 69; la prioridad absoluta sigue sin demostrarse.","S480, primera edición transcrita.","BN-071 conserva solo prioridad absoluta.","P2","Fuente posterior al corte que satisfaga el blanco literal; vigilancia condicionada sin búsqueda intensiva en ausencia del desencadenante.","SIN_CAMBIO_EN_LA_FILA_HISTORICA; SIN_CAMBIO_CANONICO","ebf0d3a95919be6889cdd33561f1107cf2d952b9e1cb331b2da8bd761c11a9ec"
"BN-072","15.8","RETIRADA_RESUELTA","Los protistas ambiregnales pueden tratarse bajo ICZN e ICN; no existe asignación universal a un solo código.","S482, FAQ oficial de ICZN.","Regla estructural integrada en C-1799.","RETIRADA","Solo reabrir si cambia la disposición histórica o aparece evidencia que invalida el cierre documentado.","SIN_CAMBIO_EN_LA_FILA_HISTORICA; SIN_FILA_CANONICA_EN_AMBOS_CORTES","2b4920a9d3674cd4902e662a08033067a4f269a787aff08660dd82cdbfa8f0c3"
"BN-073","15.8","RETIRADA_FUERA_DE_ALCANCE","Una auditoría nomenclatural exhaustiva de todos los organismos excede el catálogo pedido.","C01-PROMPT-INVESTIGACION y alcance declarado.","Retirada; se auditan nombres efectivamente usados.","RETIRADA","Solo reabrir si cambia la disposición histórica o aparece evidencia que invalida el cierre documentado.","SIN_CAMBIO_EN_LA_FILA_HISTORICA; SIN_FILA_CANONICA_EN_AMBOS_CORTES","32dc97794273348d0f81863b0d9e8fab9b8fb2c0881d01c068532d01d1e329f2"
"BN-074","15.8","RETIRADA_CONSULTA_MAL_FORMADA","El mismo artículo de Cavalier-Smith tiene dos DOI registrados, por lo que exigir un único DOI canónico borra una anomalía real.","Crossref: 10.1111/j.1469-185X.1998.tb00030.x y 10.1017/S0006323198005167.","La nota conserva ambos alias.","RETIRADA","Solo reabrir si cambia la disposición histórica o aparece evidencia que invalida el cierre documentado.","SIN_CAMBIO_EN_LA_FILA_HISTORICA; SIN_FILA_CANONICA_EN_AMBOS_CORTES","18ea5e21cfad181cb44f362c7cc1b83f4a15bc65bb60e5143a42c1f1533705eb"
"BN-075","15.8","CONSERVADA_REFORMULADA","El uso filogenético más antiguo verificado aquí de a basal lineage es McDade 1990; la prioridad absoluta sigue abierta.","S481, resumen y página 1685.","BN-075 conserva solo prioridad absoluta.","P2","Fuente posterior al corte que satisfaga el blanco literal; vigilancia condicionada sin búsqueda intensiva en ausencia del desencadenante.","SIN_CAMBIO_EN_LA_FILA_HISTORICA; SIN_CAMBIO_CANONICO","50bfd12888eecee44d09c37266d410e7423ed70585eecc9696a50735fffb3824"
"BN-076","15.8","RETIRADA_CONSULTA_MAL_FORMADA","Protista, protozoo, alga e invertebrado no son coextensivos y no admiten un único sinónimo formal de reemplazo.","Fuentes terminológicas y reemplazos específicos ya integrados.","Retirada; se conservan sustituciones por clado o función.","RETIRADA","Solo reabrir si cambia la disposición histórica o aparece evidencia que invalida el cierre documentado.","SIN_CAMBIO_EN_LA_FILA_HISTORICA; SIN_FILA_CANONICA_EN_AMBOS_CORTES","690e369d905d06ea4f8b4f73180fdee709fec877af2b60d7adb9b2dc84bd8176"
"BN-077","15.9","RETIRADA_DUPLICADA_FUSIONADA","El coste de rosetas es un subcaso del presupuesto comparativo de rutas multicelulares.","Literatura de Salpingoeca cuantifica geometría e inducción, no ATP.","Fusionada como subcampo explícito en BN-083.","RETIRADA","Solo reabrir si cambia la disposición histórica o aparece evidencia que invalida el cierre documentado.","SIN_CAMBIO_EN_LA_FILA_HISTORICA; SIN_FILA_CANONICA_EN_AMBOS_CORTES","191f224ec0fa570ca171bf18237e5333067f710f6dc4eb7e6994a0799f2fb676"
"BN-078","15.9","CONSERVADA_REFORMULADA","Mezclas de genotipos Capsaspora muestran integración de coYki nulo a 1:9, pero no evolución de tramposos ni castigo.","Phillips et al. 2022, 10.7554/eLife.77598, fig. 3A–D.","BN-078 conserva cheating y policing con resultado experimental adyacente.","P1","Nuevo protocolo o dataset comparable, o una síntesis causal pertinente.","SIN_CAMBIO_EN_LA_FILA_HISTORICA; SIN_CAMBIO_CANONICO","c37f534a920db8f061dc87c4b77f659b490db53d77cdcc2d2cef03a96894a102"
"BN-079","15.9","CONSERVADA_REFORMULADA","Dos cepas de Ministeria co-agregan, pero el ensayo no mide explotación, parentesco, castigo o conflicto.","Li et al. 2026, 10.1038/s41586-026-10748-5, Extended Data fig. 10q.","BN-079 conserva cheating y policing.","P1","Nuevo protocolo o dataset comparable, o una síntesis causal pertinente.","SIN_CAMBIO_EN_LA_FILA_HISTORICA; SIN_CAMBIO_CANONICO","de287f3472b428b5b40820cb09b9bbd871cb3fdc513fc33b24c31348c00dbd2b"
"BN-080","15.9","RETIRADA_RESUELTA","Ministeria 2022: 29,72 Mb, 12.151 genes, 3,67 intrones por gen y 133,34 bp por intrón; el estudio 2026 usa 12.127 antes de filtros.","S127, Extended Data figs. 2–3; S376 para versión 2026.","Métricas integradas con versión de anotación.","RETIRADA","Solo reabrir si cambia la disposición histórica o aparece evidencia que invalida el cierre documentado.","SIN_CAMBIO_EN_LA_FILA_HISTORICA; SIN_FILA_CANONICA_EN_AMBOS_CORTES","e6340bb3ea157456df9369cf94941df004c8c935b1481ecf82520e7e45d63ec2"
"BN-081","15.9","RETIRADA_RESUELTA","Thecamonas: 26,68 Mb, 10.544 péptidos predichos, 1,04 intrones por gen y 442,67 bp por intrón.","S483, Burns et al. 2015, tabla 3.","Métricas integradas sin convertir péptidos en genes.","RETIRADA","Solo reabrir si cambia la disposición histórica o aparece evidencia que invalida el cierre documentado.","SIN_CAMBIO_EN_LA_FILA_HISTORICA; SIN_FILA_CANONICA_EN_AMBOS_CORTES","d9e1a81877df49ca2320aba426517b773ce0ee0f6fff2387dabcd5ee14e2f6dd"
"BN-082","15.9","RETIRADA_DUPLICADA_FUSIONADA","El coste de matriz extracelular es otro término del presupuesto por ruta y no tiene cifra independiente.","Literatura funcional de ECM sin ATP comparable.","Fusionada como subcampo explícito en BN-083.","RETIRADA","Solo reabrir si cambia la disposición histórica o aparece evidencia que invalida el cierre documentado.","SIN_CAMBIO_EN_LA_FILA_HISTORICA; SIN_FILA_CANONICA_EN_AMBOS_CORTES","d592dffa6ea105ee69a86ba3582584aa714492c9df1cdeae68d5ea9978767bf4"
"BN-083","15.9","CONSERVADA_REFORMULADA","No existe una comparación de rutas clonal, agregativa y cenocítica en una unidad energética común.","Las fuentes de rosetas, Capsaspora, Choanoeca y Sphaeroforma usan endpoints distintos. S549 modela flujo y disipación hidrodinámica; no mide ATP, oxígeno, calor ni coste de crecimiento.","BN-083 es la ficha maestra e incluye los objetos de BN-077, BN-082, BN-085 y BN-086.","P0","Nueva evidencia primaria que pueda resolver o reformular el blanco literal.","CORRECCION_EXPLICITA: evidencia_principal corregida; valor_inicial_sha256=a59de9b2312b3352086d09bb5af85adb7d98d2a2c886e9577ab48a731422bef3; se acotó la evidencia a la magnitud o clase de medición publicada; CAMBIO_CANONICO_DOCUMENTADO; campos=resultado y motivo; términos exactos utilizados; inicial_sha256=25cd0f726220940029804b51951e12146096b2fb9c814b2ffa67abe2e410d23c; final_sha256=bc5344939f2920e9feabf408f6dd43d22f229e9e38a50d14b76d3d09bea175ce","43630b4b10d5bdfd2b02bbe47bd298acaedf0006e0498aefc57f50f6b182a924"
"BN-084","15.9","RETIRADA_RESUELTA","Un inventario operacional clasifica 23 casos por no separación, 9 por compartimentación plasmodial, 12 agregativos y 1 por gemación; no es total universal.","Lamża 2023, 10.1111/brv.13001, tablas 1–2.","Conteo integrado como inventario con criterio, no como número absoluto.","RETIRADA","Solo reabrir si cambia la disposición histórica o aparece evidencia que invalida el cierre documentado.","SIN_CAMBIO_EN_LA_FILA_HISTORICA; SIN_FILA_CANONICA_EN_AMBOS_CORTES","e4cc69f75ca0da04642cdc03afe932890b1e0d4601d680ecf546c7b0c927acd1"
"BN-085","15.9","RETIRADA_DUPLICADA_FUSIONADA","El coste de inversión y agregación de Choanoeca es un subcaso del presupuesto comparativo por ruta.","Ensayos publican salinidad, cinética y morfología, no ATP.","Fusionada como subcampo explícito en BN-083.","RETIRADA","Solo reabrir si cambia la disposición histórica o aparece evidencia que invalida el cierre documentado.","SIN_CAMBIO_EN_LA_FILA_HISTORICA; SIN_FILA_CANONICA_EN_AMBOS_CORTES","2afd1cff03b37bd67c391c729a7cec7979591aae6c773cc7f8ce3a859834f6e3"
"BN-086","15.9","RETIRADA_DUPLICADA_FUSIONADA","El coste de celularización de Sphaeroforma es un subcaso cenocítico del presupuesto comparativo.","Actomiosina y relación núcleo-citoplasma no dan ATP por ciclo.","Fusionada como subcampo explícito en BN-083.","RETIRADA","Solo reabrir si cambia la disposición histórica o aparece evidencia que invalida el cierre documentado.","SIN_CAMBIO_EN_LA_FILA_HISTORICA; SIN_FILA_CANONICA_EN_AMBOS_CORTES","90d82884d413e143b3e5ff464b873cbafe1d4d8602f89eb6ee2c2ecec766ea0b"
"BN-087","15.9","RETIRADA_RESUELTA","Salpingoeca rosetta tiene 7,44 intrones por gen bajo la definición de IntronDB.","S484, Záhonová et al. 2022; S485, Wang 2019.","Métrica y método integrados en C-1487 y tabla genómica.","RETIRADA","Solo reabrir si cambia la disposición histórica o aparece evidencia que invalida el cierre documentado.","SIN_CAMBIO_EN_LA_FILA_HISTORICA; SIN_FILA_CANONICA_EN_AMBOS_CORTES","c2d79c84c6983e940f67a382c2f4c3bd9a2ea39f652c60e3566ba26261d10400"
"BN-088","15.9","RETIRADA_FUERA_DE_ALCANCE","La topología y repertorios internos de Metazoa están excluidos.","C01-PROMPT-INVESTIGACION, sección 1.","Retirada del denominador científico.","RETIRADA","Solo reabrir si cambia la disposición histórica o aparece evidencia que invalida el cierre documentado.","SIN_CAMBIO_EN_LA_FILA_HISTORICA; SIN_FILA_CANONICA_EN_AMBOS_CORTES","2cb1a70022b9914dc8db5eeb89f60956ddec3363ae7fa9203c71d1e01d23fa37"
"BN-089","15.9","RETIRADA_REDUNDANTE","Las fuentes ya sostienen una transición temporal-a-espacial como hipótesis, no homologías uno a uno entre estadios de Capsaspora y tipos animales.","S441 y C-1523–C-1524.","Retirada porque el límite positivo ya estaba expresado.","RETIRADA","Solo reabrir si cambia la disposición histórica o aparece evidencia que invalida el cierre documentado.","SIN_CAMBIO_EN_LA_FILA_HISTORICA; SIN_FILA_CANONICA_EN_AMBOS_CORTES","4e1002c059fe629b2c469f5ec2ecace22c7811bde1366aa7ac9a4eee22023a22"
"BN-090","15.9","CONSERVADA_REFORMULADA","Impedir el mantenimiento de agregados mediante disrupción física redujo la replicación de Ministeria; falta competencia prolongada, aptitud relativa y coeficiente de selección.","S376, fig. 6c y Extended Data fig. 10b–d. El P igual a 0,0017 corresponde a doble tinción en fig. 6f, no a la disrupción.","BN-090 conserva aptitud evolutiva prolongada y registra evidencia causal de corto plazo con confusores explícitos.","P0","Nueva evidencia primaria que pueda resolver o reformular el blanco literal.","SIN_CAMBIO_EN_LA_FILA_HISTORICA; SIN_CAMBIO_CANONICO","1296ecbe473416f3919c5da604e1b6da97126b03936e3cdb6efba3cf5ae73371"
