clave,huella_fila_acceso_sha256,citas_recontadas,fuente_unica_recontada,dictamen_integracion,fecha_revision_utc,revisor
S01,76ee46645501993b8ea26534e62902572b558e4fd32cfae0074542cc6ecb0e5c,49,10,CONFORME,2026-09-26T22:04:26Z,/root/verificacion_fuentes_nuevas
S02,85e7e512cd67eddd1e5ea9368d0ef1d98d55256dfdbf7d200713f9490a282cb8,1,1,CONFORME,2026-09-26T22:04:26Z,/root/verificacion_fuentes_nuevas
S03,bbc29510179da6b66b9f188f7421783eb6675297480a23bc3618c68e7ba21138,1,1,CONFORME,2026-09-26T22:04:26Z,/root/verificacion_fuentes_nuevas
S04,62dfb4b915bc29e6e80239878931461f1435fd886c2c9dbea60eeeca49631dd8,1,1,CONFORME,2026-09-26T22:04:26Z,/root/verificacion_fuentes_nuevas
S05,f133e49a7cea1fd38b6c9aef1388df8cc16afc932974e589473bc2ba98e3e383,4,1,CONFORME,2026-09-26T22:04:26Z,/root/verificacion_fuentes_nuevas
S06,06e04bb4034ad8f32ff349b6db60fbf35e21b9a3734202a8d453314ae6f96339,5,2,CONFORME,2026-09-26T22:04:26Z,/root/verificacion_fuentes_nuevas
S07,eaa22fae0ffc6a2d0b731c1a2a4297f30cb8210db5345d66ec7d4f38bf3689a3,2,2,CONFORME,2026-09-26T22:04:26Z,/root/verificacion_fuentes_nuevas
S08,2c405b8a892043f60888cee64a4f44afd4d0353d6e9f04c1f1279b7eef2ff15c,8,6,CONFORME,2026-09-26T22:04:26Z,/root/verificacion_fuentes_nuevas
S09,80dbb212e9bd95819bf92596d95ae4c5711a54a6df415ffbf909fd8341ee57f5,2,0,CONFORME,2026-09-26T22:04:26Z,/root/verificacion_fuentes_nuevas
S10,4b605039a8ab56497d7e4cce92215dd8152624224db70e4548c0d3210d530b87,14,9,CONFORME,2026-09-26T22:04:26Z,/root/verificacion_fuentes_nuevas
S11,4134d870e6b4d3ad905d135b1797871088998485bd37df30a469b3619c461ea7,6,5,CONFORME,2026-09-26T22:04:26Z,/root/verificacion_fuentes_nuevas
S12,26726a424dad5c77c8bb2571b0c3316985632ac393a4adcb0982e067487839f5,4,3,CONFORME,2026-09-26T22:04:26Z,/root/verificacion_fuentes_nuevas
S13,b63e6e81297de4e24d4da82400516a9b6e3dce7c7c83ed0f8e4deab9396bdcd7,2,0,CONFORME,2026-09-26T22:04:26Z,/root/verificacion_fuentes_nuevas
S14,5b88e546c7809de0af4f6eb9842bd9389459df1c854012bfc2690858488604c3,3,2,CONFORME,2026-09-26T22:04:26Z,/root/verificacion_fuentes_nuevas
S15,ee1c23d4f75a1dd83468e405fd881e878b0d70a2ca6b4b93bd741376f8bd541f,9,8,CONFORME,2026-09-26T22:04:26Z,/root/verificacion_fuentes_nuevas
S16,f7bf69c3f0f19f6b791e3ef2ca0be7b059a1674c152d2e072c823803ed681a4f,7,3,CONFORME,2026-09-26T22:04:26Z,/root/verificacion_fuentes_nuevas
S17,78ce6f5b1b8ce3acc02ff74ee9a2664e30bbdd21a36210239c9843af71956972,6,2,CONFORME,2026-09-26T22:04:26Z,/root/verificacion_fuentes_nuevas
S18,71815f2bc7567b96f5828e2cdda271cf5341449b709fb18aa1665268b0ecbfa4,2,1,CONFORME,2026-09-26T22:04:26Z,/root/verificacion_fuentes_nuevas
S19,fcb2552e33c47943c81326915533a30c65f3c458d294198cbb14a9e2e92fa551,3,1,CONFORME,2026-09-26T22:04:26Z,/root/verificacion_fuentes_nuevas
S20,b34aedcd34aef0899e19f846beb988debf4962fed9e1b4bf9288a92e50ee0331,6,3,CONFORME,2026-09-26T22:04:26Z,/root/verificacion_fuentes_nuevas
S21,d04e737df17feda23479d8e6361071406a26aad2fb6b50ac53a64eabb96ddefe,4,3,CONFORME,2026-09-26T22:04:26Z,/root/verificacion_fuentes_nuevas
S22,23687ddf171e599598e07772f4a4b1d8cde2c802b901ef46e0e8d8455ffea168,3,2,CONFORME,2026-09-26T22:04:26Z,/root/verificacion_fuentes_nuevas
S23,ba6ae8fee13f4496da40ca0e5109849f394419b18bb7d5353619637774a894d6,2,1,CONFORME,2026-09-26T22:04:26Z,/root/verificacion_fuentes_nuevas
S24,8a2b03627ee70b8caec20f81fcd822678f2c8f9376e55f2c0da1e4c6f0f7f400,5,0,CONFORME,2026-09-26T22:04:26Z,/root/verificacion_fuentes_nuevas
S25,d826ae8bfede50a295d6f3425e199f09c2fd95805bec41feaff89d7c2fb4a088,13,6,CONFORME,2026-09-26T22:04:26Z,/root/verificacion_fuentes_nuevas
S26,1ba58160f75b0128c5cac529a820deb8a8253bfa1c9dc88836a1d158e4182dd2,18,10,CONFORME,2026-09-26T22:04:26Z,/root/verificacion_fuentes_nuevas
S27,003390892867c70e2320fec3e9ad64f82310d14e801243afd0db19b0fba94e94,9,5,CONFORME,2026-09-26T22:04:26Z,/root/verificacion_fuentes_nuevas
S28,aa56b3bcc407be85b6e607bb389aa5beed59db4ebf31fcc4cd43ee4658d61d4e,2,1,CONFORME,2026-09-26T22:04:26Z,/root/verificacion_fuentes_nuevas
S29,7c9886dd117f35e79a522d14c4adef5dc3e785426b23eb591e12b7cab6657abe,2,1,CONFORME,2026-09-26T22:04:26Z,/root/verificacion_fuentes_nuevas
S30,7464d06404062863849acaf2ef3a464cdca4a03037e1fbb4a3a064f372e35f85,2,1,CONFORME,2026-09-26T22:04:26Z,/root/verificacion_fuentes_nuevas
S31,927c557b6c942ca397e129baaf29410293ae4afb750a116245038ea6d8183c5f,2,1,CONFORME,2026-09-26T22:04:26Z,/root/verificacion_fuentes_nuevas
S32,a1c4218f00664dc0afdb9ce7248bc54cd97af4f5ffd77c93f58ed6838d3c8876,2,1,CONFORME,2026-09-26T22:04:26Z,/root/verificacion_fuentes_nuevas
S33,4f5923ca9f51fa4a766f260f58ef3a06946034d263b25e397c6b8db4b1ac629c,2,1,CONFORME,2026-09-26T22:04:26Z,/root/verificacion_fuentes_nuevas
S34,cf7eb7fb74ccccab2911f60c602b193593d58f02121f27111ae223e8d0cb3dc3,23,9,CONFORME,2026-09-26T22:04:26Z,/root/verificacion_fuentes_nuevas
S35,5d10549d29842a822c172034ea2f6e27ece3c777fe19e9d7d02f0fa6080aa0bb,8,6,CONFORME,2026-09-26T22:04:26Z,/root/verificacion_fuentes_nuevas
S36,82554d74c90fabdf42dc8c4b31ede32c40173ec3e6dd16b82572cc233d9790c8,5,4,CONFORME,2026-09-26T22:04:26Z,/root/verificacion_fuentes_nuevas
S37,7992f881212618bc10977fff604fd56c7a4d0ee62a95965b831b9af422d957b9,3,3,CONFORME,2026-09-26T22:04:26Z,/root/verificacion_fuentes_nuevas
S38,387323a0716ec8a25e282a86881ba215130ca010c810d2e480c0c06ead90bae1,5,5,CONFORME,2026-09-26T22:04:26Z,/root/verificacion_fuentes_nuevas
S39,2d2ad9ff4b41908fdce5efb4f9e064d2039fb990182f6147c00a2bde83054f7c,2,1,CONFORME,2026-09-26T22:04:26Z,/root/verificacion_fuentes_nuevas
S40,3707b734f8ddd0d26452a3f732d200a14ce3fa74aaad8a21a6b3e321e80e8d90,2,1,CONFORME,2026-09-26T22:04:26Z,/root/verificacion_fuentes_nuevas
S41,a0d60239d8de279bf2202588cd80962898447c387d94d738023aedaf665bf1e9,2,1,CONFORME,2026-09-26T22:04:26Z,/root/verificacion_fuentes_nuevas
S42,4fafec47e031e7cea773a8ceeec2bb32aa196910b237a047f3b7f5265fc82890,2,1,CONFORME,2026-09-26T22:04:26Z,/root/verificacion_fuentes_nuevas
S43,f0eb04c5a7b6a6661679e02686eebec49f3ebab28880194fc8e82ba8236a9e7e,4,1,CONFORME,2026-09-26T22:04:26Z,/root/verificacion_fuentes_nuevas
S44,f1c14e8ecae03b584193d13029c3fc8dba936744165072d51eb3a1b764a1519a,4,1,CONFORME,2026-09-26T22:04:26Z,/root/verificacion_fuentes_nuevas
S45,0c83c378623e92c96c2ea56d8c66eca576cf1942075a6be9acd8857b9b2f8ea2,2,1,CONFORME,2026-09-26T22:04:26Z,/root/verificacion_fuentes_nuevas
S46,da6176e5abb471088c013601e864295dcdc31d23aac3f5a8653fd8a19611033c,5,2,CONFORME,2026-09-26T22:04:26Z,/root/verificacion_fuentes_nuevas
S47,1b1e20097f662c8684353b26ef3a539343783bf85b3925913e10000c364608d3,5,2,CONFORME,2026-09-26T22:04:26Z,/root/verificacion_fuentes_nuevas
S48,39df42beb4a102056244e7bf7d2d3d46b4309b7124d4fa99c4ebd8ee3dddeb26,6,3,CONFORME,2026-09-26T22:04:26Z,/root/verificacion_fuentes_nuevas
S49,73582910da33a43af5b26764252917733925a2f36a5731e5afbde3788d760b38,294,293,CONFORME,2026-09-26T22:04:26Z,/root/verificacion_fuentes_nuevas
S50,3798024655a5962aa74aebc0d4cc2f2289c55a8bfece2ee99a24130395680441,5,4,CONFORME,2026-09-26T22:04:26Z,/root/verificacion_fuentes_nuevas
S51,9db8804ef5180136e0303a9fd2c4263c0c45bb05eac522ccbb8b2cb7708d89cc,4,2,CONFORME,2026-09-26T22:04:26Z,/root/verificacion_fuentes_nuevas
S52,e2008935f5b73aedd82b9234cabe5bca8f11ddb962d9ee63ecca61118d8014d7,4,2,CONFORME,2026-09-26T22:04:26Z,/root/verificacion_fuentes_nuevas
S53,73bac5b73a5bfd53e27b7eb319cf7202cf06a2d90ec9fbb1e38f630364ad0b7a,1,0,CONFORME,2026-09-26T22:04:26Z,/root/verificacion_fuentes_nuevas
S54,07409530c1345339b3bceb0002d4d098f804ccce1e13d3ded958ca03b266cf20,1,0,CONFORME,2026-09-26T22:04:26Z,/root/verificacion_fuentes_nuevas
S55,ab1867b1d1ff335e6fadec4940f980ce41295b2e3d5185811ff8db5f0b55b344,1,1,CONFORME,2026-09-26T22:04:26Z,/root/verificacion_fuentes_nuevas
S56,51d2c082c470427728b56ee641ab038efc091c90d1b32aa4c7c7cf14e5037a4c,38,14,CONFORME,2026-09-26T22:04:26Z,/root/verificacion_fuentes_nuevas
S57,fe611cfd058b1932d87f94e2f4fc1823c86099f180f5dbfe58de642475c51f1f,10,2,CONFORME,2026-09-26T22:04:26Z,/root/verificacion_fuentes_nuevas
S58,545ca4a775bd38cbc915c5e80dbc0b17fd9929a8f2c4bc658a88af3c1a9d5f08,24,16,CONFORME,2026-09-26T22:04:26Z,/root/verificacion_fuentes_nuevas
S59,0daaefcdf8fb30de1f04b2140c095b8761ad83d0439312340f8f8c0cf2655224,21,13,CONFORME,2026-09-26T22:04:26Z,/root/verificacion_fuentes_nuevas
S60,fb35ad2c49615ee3c9ea9ed3d3df9d72066b66ded221c38ffecd7f145c692357,4,0,CONFORME,2026-09-26T22:04:26Z,/root/verificacion_fuentes_nuevas
S61,52fe28e5be4243574781d99ded3fd10f332baf14aa6c538e62e644968d64267b,6,3,CONFORME,2026-09-26T22:04:26Z,/root/verificacion_fuentes_nuevas
S62,1426b627bbd78ad0f90e747aa06c21f4bed5e0ee37eba0527f7cdfe2549a0cc0,2,1,CONFORME,2026-09-26T22:04:26Z,/root/verificacion_fuentes_nuevas
S63,6cf10a215261425990f7771e02af6da0d7729c9717095171260b539c7332e1ed,1,1,CONFORME,2026-09-26T22:04:26Z,/root/verificacion_fuentes_nuevas
S64,e54516eb5170e0eaf05bb3726840b9f3a68c367bfe7b3723f2568961b22ddd65,1,1,CONFORME,2026-09-26T22:04:26Z,/root/verificacion_fuentes_nuevas
S65,dce8f73f638e50bda0ad9933963e8bd45af77d30a1ae6246965c332e1bf23ae0,3,1,CONFORME,2026-09-26T22:04:26Z,/root/verificacion_fuentes_nuevas
S66,19d80f966fd6a82fcba153be2d009da761bf828f83e15943a90e4039c67f64b4,4,2,CONFORME,2026-09-26T22:04:26Z,/root/verificacion_fuentes_nuevas
S67,f24d4d8be35a59da576a31185390af3ee8fd59c5cb9394c596b38aff73597a1c,3,1,CONFORME,2026-09-26T22:04:26Z,/root/verificacion_fuentes_nuevas
S68,023cc8d4f743fc2e453ab1e032b6c9b5840d5c893e70b834429fbe8197842547,14,2,CONFORME,2026-09-26T22:04:26Z,/root/verificacion_fuentes_nuevas
S69,4bd9c89b2c15cd5f6777ed6ae18e98b888b53dea32e188aad1d05b6eb524aebd,1,0,CONFORME,2026-09-26T22:04:26Z,/root/verificacion_fuentes_nuevas
S70,59d8341af4ff0a6fb97707748c1581175f8f4c00ed1bd3b55b0942e4f80b2f5a,1,0,CONFORME,2026-09-26T22:04:26Z,/root/verificacion_fuentes_nuevas
S71,cfacc5dd0f0417881343f41cecb53102950f36700d87cd5553cf2b9d19697847,14,3,CONFORME,2026-09-26T22:04:26Z,/root/verificacion_fuentes_nuevas
S72,d4133f82646277dd6c61b91090a28214e791e664d911a5a5af5289b3ba521e6d,3,2,CONFORME,2026-09-26T22:04:26Z,/root/verificacion_fuentes_nuevas
S73,f13c12831dfb0650b8b912fb1f27e36534e316d26accb1ae97b51aa0c2b67d4a,2,1,CONFORME,2026-09-26T22:04:26Z,/root/verificacion_fuentes_nuevas
S74,00f1a99740d399a2ba09f5e003b8a714cd5ac74c716fc6714d133d16a887acf5,3,2,CONFORME,2026-09-26T22:04:26Z,/root/verificacion_fuentes_nuevas
S75,c54c1715e87a7279faf09148bc7bc3330e944ff63bc6703d5a48b89585ec1078,3,1,CONFORME,2026-09-26T22:04:26Z,/root/verificacion_fuentes_nuevas
S76,dd7eb5394a24f025ace3e5c164ccbac9f0c3155e27e82fe949658cc13883a782,1,0,CONFORME,2026-09-26T22:04:26Z,/root/verificacion_fuentes_nuevas
S77,c317eb7664cd4715fe35b82c123624fd5e293605b6a4742a272e54811e88bc76,6,2,CONFORME,2026-09-26T22:04:26Z,/root/verificacion_fuentes_nuevas
S78,9f612681398079b271cded0dc7223b1fdd6aa0d7ca53611c07c8dcad2b94db3d,11,0,CONFORME,2026-09-26T22:04:26Z,/root/verificacion_fuentes_nuevas
S79,03f1781f6c22d4f7695654ec48705fc401e023a72c5c0ecd06eeb6849b69dccf,11,5,CONFORME,2026-09-26T22:04:26Z,/root/verificacion_fuentes_nuevas
S80,92f8928c4f6ae0cbc01274b9f4db2bef3aab1033a5f6ba2e3676761debd1bd9a,3,2,CONFORME,2026-09-26T22:04:26Z,/root/verificacion_fuentes_nuevas
S81,945b322e7b07bcbc871761daaa7dfff21c5bb7c58b634fa1e881ead897f48e62,4,3,CONFORME,2026-09-26T22:04:26Z,/root/verificacion_fuentes_nuevas
S82,1efa54b047eef7f0c36b10abd07e325f2281fd49137218602a943f629d7498ed,3,2,CONFORME,2026-09-26T22:04:26Z,/root/verificacion_fuentes_nuevas
S83,867976d7813e5c73f36557534143de175e7a6b6b5915beac16e3a89d55b42491,2,1,CONFORME,2026-09-26T22:04:26Z,/root/verificacion_fuentes_nuevas
S84,c587941a841cda013bf3ee511b8eae8c41634c474a2cf105465cf945c8d0fd6e,25,1,CONFORME,2026-09-26T22:04:26Z,/root/verificacion_fuentes_nuevas
S85,49f851c9af809b32fe403a5a95e47e54a5dc96e019716c5fc193ebd9de9c0238,19,5,CONFORME,2026-09-26T22:04:26Z,/root/verificacion_fuentes_nuevas
S86,a3f0d6400fec04c9a8fe51d17412515673758626b9dfad2eecf192283ca4d2ff,3,3,CONFORME,2026-09-26T22:04:26Z,/root/verificacion_fuentes_nuevas
S87,075c00708ca9202729b77bc067a8d5cceb0e51d8cf9cd28ec62b8168a4df09e4,17,4,CONFORME,2026-09-26T22:04:26Z,/root/verificacion_fuentes_nuevas
S88,9b7f97179c8dc060ed635bf028e0326772d2c6f6dfae6ac694ca1801da930b7c,34,9,CONFORME,2026-09-26T22:04:26Z,/root/verificacion_fuentes_nuevas
S89,9bee636f3790a753727d4e1f3790fba2f0844f406edcdb964f1a3551ea28b92e,19,3,CONFORME,2026-09-26T22:04:26Z,/root/verificacion_fuentes_nuevas
S90,5fc462e6ad6ffc86295d921b0214fb259bd1f36a98223b228728b2804f136089,17,5,CONFORME,2026-09-26T22:04:26Z,/root/verificacion_fuentes_nuevas
S91,2dc7bad467a906bdb8548e32d0a451814f8e1f1b4259153ad82292a6ff4fa6f0,19,6,CONFORME,2026-09-26T22:04:26Z,/root/verificacion_fuentes_nuevas
S92,410b88106b92721ffee4b11070012c965727b12f73f976d9ca24f6fa65f4afd8,14,2,CONFORME,2026-09-26T22:04:26Z,/root/verificacion_fuentes_nuevas
S93,644c1e9af51ed82c7ddfb72c819b8f1b93bcc3efd6f5a01e3398e3cc72239475,12,1,CONFORME,2026-09-26T22:04:26Z,/root/verificacion_fuentes_nuevas
S94,50f27814682e4fa18e9c1c256c4cd1a5e5120f3f9587c36c6b2b2d111349183c,16,1,CONFORME,2026-09-26T22:04:26Z,/root/verificacion_fuentes_nuevas
S95,0881f20331ab521110e60d1f0f16d539d5a8b6dcf732b7c78c756f0597bba0ae,16,2,CONFORME,2026-09-26T22:04:26Z,/root/verificacion_fuentes_nuevas
S96,206a1befd6f64ca5d1e5a75064fcb8a6fd6972e1b67f343edf7c921bd8a5c96e,17,2,CONFORME,2026-09-26T22:04:26Z,/root/verificacion_fuentes_nuevas
S97,9018184cc46d4508b629ee89fe987ac67e8beda0c9118300e1f6ccddc379b9c9,21,4,CONFORME,2026-09-26T22:04:26Z,/root/verificacion_fuentes_nuevas
S98,1916e35096c0ab465a3288b3196a817da0e92c28b877902e915b77d860921599,15,0,CONFORME,2026-09-26T22:04:26Z,/root/verificacion_fuentes_nuevas
S99,e8e35008d873b55134817e958b4bb9bc010d34385aef8afdc4165be868ee7a97,24,0,CONFORME,2026-09-26T22:04:26Z,/root/verificacion_fuentes_nuevas
S101,a3108a62b1ed2e94543ef84792c4e359f3bc4b0c9c1fddf550b8c54fcf6b050f,1,0,CONFORME,2026-09-26T22:04:26Z,/root/verificacion_fuentes_nuevas
S102,6ed611f57b240b6fc9b31087feb99a2daa3225759e4a72ece9c213bc6b03d1e5,18,7,CONFORME,2026-09-26T22:04:26Z,/root/verificacion_fuentes_nuevas
S103,dfbe935679b030a265f8039a9a746891341d4f438d80cdfa5882167548233d57,6,3,CONFORME,2026-09-26T22:04:26Z,/root/verificacion_fuentes_nuevas
S104,464d1aa0a2f3fcd2ac95081c85dfa4df6ddac5e78e367b40f6b663d9c77b6a0a,6,0,CONFORME,2026-09-26T22:04:26Z,/root/verificacion_fuentes_nuevas
S105,b3680697743c786179d04f56071076ee4bfdd251b6ac3753e786970974f641d5,8,4,CONFORME,2026-09-26T22:04:26Z,/root/verificacion_fuentes_nuevas
S106,1b734543a65d0e462a19ef84d6234248fc2063c62f72730db3fb4f2cc3a7a867,2,1,CONFORME,2026-09-26T22:04:26Z,/root/verificacion_fuentes_nuevas
S107,4920bc33a5026787fc47e25a6334ba297050872c3cf7672b4df1410ddc3763ad,3,2,CONFORME,2026-09-26T22:04:26Z,/root/verificacion_fuentes_nuevas
S108,46c87cf66ee345740e54b93668505a4ed58f623ffae9dfe956a1c049b5e615df,21,15,CONFORME,2026-09-26T22:04:26Z,/root/verificacion_fuentes_nuevas
S109,6d7ee6707b6d1e0abc5d9aac041a0eac1e45c7e1d0a1e93227fa0480c179f7f7,14,4,CONFORME,2026-09-26T22:04:26Z,/root/verificacion_fuentes_nuevas
S111,9d2501a5fdf2535136f11ab5ac5de1445f5791c1ba2aa05ee7308a40ffc79446,16,5,CONFORME,2026-09-26T22:04:26Z,/root/verificacion_fuentes_nuevas
S112,3daf447c5703b4d1016f525a9fd95996d23c7694ffdd86209189841b0902cc2d,7,5,CONFORME,2026-09-26T22:04:26Z,/root/verificacion_fuentes_nuevas
S113,d60c7f9cf2aa8b6d52cfb45559623b6ca4fa7de01de85e9e801b123ed6f5e2b2,4,2,CONFORME,2026-09-26T22:04:26Z,/root/verificacion_fuentes_nuevas
S114,57e0cb20020cc9a6878dda111e85346ff4852c3b56636ff0d3e7329cc1d17be2,4,2,CONFORME,2026-09-26T22:04:26Z,/root/verificacion_fuentes_nuevas
S115,f9ff862defb05547948c176402ea5546d353d5303d9a1d1685a3a88ee6eb348c,0,0,CONFORME,2026-09-26T22:04:26Z,/root/verificacion_fuentes_nuevas
S116,076f14db1da341c407361906a22473e34c5f39061b49b077d0e745efe5f6e58e,3,1,CONFORME,2026-09-26T22:04:26Z,/root/verificacion_fuentes_nuevas
S117,4456659f17fa1333d53e4d50d6f0161879d50bf2370640fc29537125fa9aa53c,5,3,CONFORME,2026-09-26T22:04:26Z,/root/verificacion_fuentes_nuevas
S118,64bbf54426d87d858a3d38878f66d0887781a64bc630d3cae824508ab18c300e,3,1,CONFORME,2026-09-26T22:04:26Z,/root/verificacion_fuentes_nuevas
S119,e228d595ff761eb729fa27278790bbd30ca7d4fa69953505c6796ebd0aacf861,6,3,CONFORME,2026-09-26T22:04:26Z,/root/verificacion_fuentes_nuevas
S120,c8648f1e830f03642797ac6a4b278b87d8b3d3460c6797774a5f63415872489a,5,1,CONFORME,2026-09-26T22:04:26Z,/root/verificacion_fuentes_nuevas
S121,9fcf0fb92e7148a57a64c121ee1204de9bf4d611359c1b4ba3c4774c823e2278,4,2,CONFORME,2026-09-26T22:04:26Z,/root/verificacion_fuentes_nuevas
S122,408b8038bb66f8f7c85adce130785b1db905ab8ba8a62d29d6a4de05def1a517,7,3,CONFORME,2026-09-26T22:04:26Z,/root/verificacion_fuentes_nuevas
S123,46a9f17f3ab7b00a43a9e7a00a2377f52b7a990194ad71c01b79e50d666ae9ad,3,0,CONFORME,2026-09-26T22:04:26Z,/root/verificacion_fuentes_nuevas
S124,a68992343598c542b3ef6ba576b500c0cb618f01d1819513b0e4465f23b73ef2,9,3,CONFORME,2026-09-26T22:04:26Z,/root/verificacion_fuentes_nuevas
S125,772ed5fa8907cc8b71783858cd93290cd7c97d9a0a871a77f6b85e4303135ef1,13,4,CONFORME,2026-09-26T22:04:26Z,/root/verificacion_fuentes_nuevas
S126,f22ae95091b4ffb88d8ffd546efa761b42bac6acbf50cc468bab62bf41dbf395,79,57,CONFORME,2026-09-26T22:04:26Z,/root/verificacion_fuentes_nuevas
S127,5fd132d80e515b044e56d62ce12138baf8c093264dbaa9016f401e30fac4b312,1,1,CONFORME,2026-09-26T22:04:26Z,/root/verificacion_fuentes_nuevas
S128,8c7fbd59926596724dfd42a60d28edb1054c5128ae68624a5095dbfc62b5844d,2,0,CONFORME,2026-09-26T22:04:26Z,/root/verificacion_fuentes_nuevas
S129,086a9b5a2cd6016c1f9cda4f425596511c26a085bda1ef2c57dbbd401e1e5ebb,30,9,CONFORME,2026-09-26T22:04:26Z,/root/verificacion_fuentes_nuevas
S130,edb39f5f44670e6d4f6cbef427721f209de2a5fe5064ebd6f09f3a77f26f8ba0,29,10,CONFORME,2026-09-26T22:04:26Z,/root/verificacion_fuentes_nuevas
S131,05adc64d651ad488e59921f35c170ec98e4c91c444644fdfd61784da249155c4,5,2,CONFORME,2026-09-26T22:04:26Z,/root/verificacion_fuentes_nuevas
S132,4f8cd52bce721b262145f80c4ea4ad5e9b00d25e61800b850166b0816b6d9048,6,3,CONFORME,2026-09-26T22:04:26Z,/root/verificacion_fuentes_nuevas
S133,b08a5061d47b28a975f065cef569f6a2e46326c3dc9b92ed9f4ebed2649e283c,8,3,CONFORME,2026-09-26T22:04:26Z,/root/verificacion_fuentes_nuevas
S134,866a970fc09475c4bfecdea9c904f34ad8dcff4d7a644773da8da2b159698f25,19,3,CONFORME,2026-09-26T22:04:26Z,/root/verificacion_fuentes_nuevas
S135,32ce8b02362465a50c64701d42451e0b77c03e7f19f8d666b88bb1105b60ee7b,10,3,CONFORME,2026-09-26T22:04:26Z,/root/verificacion_fuentes_nuevas
S136,9c1cc99d699104768e8cb48d2f7c942407566ec969c84c7c25b48fbb82cfea1f,11,0,CONFORME,2026-09-26T22:04:26Z,/root/verificacion_fuentes_nuevas
S137,857f45072869fa93b5fe23f4743415f3a68a07cf894f444a9d21de5e8949e2dd,26,2,CONFORME,2026-09-26T22:04:26Z,/root/verificacion_fuentes_nuevas
S138,51f099f490d0314718fdaca1f727a6738b7d5d5418245536e9ca4e64ca1a69da,2,0,CONFORME,2026-09-26T22:04:26Z,/root/verificacion_fuentes_nuevas
S139,4ee5a79ea78fecec51cde9d461d4fe7301d2377eaeb4d81139608037710330ed,7,2,CONFORME,2026-09-26T22:04:26Z,/root/verificacion_fuentes_nuevas
S140,d916fd140fa5e63145bef4f016dff3f9f09d5de5a86121f1a276c914939ce0c5,12,2,CONFORME,2026-09-26T22:04:26Z,/root/verificacion_fuentes_nuevas
S141,b1313227f8f46c93d56fb9230d395a6e7184631dd492c5c65fb419f00afd4799,22,7,CONFORME,2026-09-26T22:04:26Z,/root/verificacion_fuentes_nuevas
S142,969afc87f32b4a75ef69dc2158eca6741ddbc8ab177d8df6970931eac0aad81c,10,7,CONFORME,2026-09-26T22:04:26Z,/root/verificacion_fuentes_nuevas
S143,e1be4377949792044da139ec022bc16c65a228412d64b9e57299e4165b1ca68b,3,0,CONFORME,2026-09-26T22:04:26Z,/root/verificacion_fuentes_nuevas
S144,6e61f64d79fdaff140bc3da714ba3d1f84714efe5dc8285c1d5d4764f783026d,2,0,CONFORME,2026-09-26T22:04:26Z,/root/verificacion_fuentes_nuevas
S145,963eed2bf439bcb4eee17500f018fda16d54a58bab6bf4e24f66d7e9b993952e,1,0,CONFORME,2026-09-26T22:04:26Z,/root/verificacion_fuentes_nuevas
S146,eaee2e3ee2b5a7db5901eda2327dad5f2b8ca1d19b7a80b12b9e45b4ecb20bb9,1,0,CONFORME,2026-09-26T22:04:26Z,/root/verificacion_fuentes_nuevas
S147,419bc1a5985dd1d7d5ae65ae371456ba37e5cf15ff9275bf0c306f644d96d73b,14,7,CONFORME,2026-09-26T22:04:26Z,/root/verificacion_fuentes_nuevas
S150,62a6249f7531f0cf3ac1cd5cd3187a00ca0855f5595ee3629a40281f740b680f,6,3,CONFORME,2026-09-26T22:04:26Z,/root/verificacion_fuentes_nuevas
S151,2fe627e5cc9f92cda96af2640c22b463ae2cdb0d26e113dc6c826085c97bbf8f,6,1,CONFORME,2026-09-26T22:04:26Z,/root/verificacion_fuentes_nuevas
S152,bac9f5e89a771ac227267b9e20d6e475d96ec23d3ed3be4bd0bd8ed387a25f13,13,3,CONFORME,2026-09-26T22:04:26Z,/root/verificacion_fuentes_nuevas
S153,83ff32cc8d724714052603fa9c1fe596e0aa610845f04f2f53a36736a5dc6e6f,1,0,CONFORME,2026-09-26T22:04:26Z,/root/verificacion_fuentes_nuevas
S154,19cf052a6c28379dc129a7916edc886d716eb404cda0861d4f8d7bf3f26b7d9f,3,3,CONFORME,2026-09-26T22:04:26Z,/root/verificacion_fuentes_nuevas
S155,94645ff543799367b6e3bec7f768887789a6d3c042320267d91fb567baaf7225,1,1,CONFORME,2026-09-26T22:04:26Z,/root/verificacion_fuentes_nuevas
S156,87a47c42a5affd804439296a6c64819fb8e8a20a5a7a72a9a41e2de04bdf7e27,3,2,CONFORME,2026-09-26T22:04:26Z,/root/verificacion_fuentes_nuevas
S157,885a301a21017f21c94fc68a57baa382ba41e67dc360daa9591a85b37deac2bc,1,1,CONFORME,2026-09-26T22:04:26Z,/root/verificacion_fuentes_nuevas
S158,d2cf1e314513c24057e4ce3a9f92023ff90567b2f893bf7d3f8c7224ccbdebf0,12,8,CONFORME,2026-09-26T22:04:26Z,/root/verificacion_fuentes_nuevas
S159,fc1a15058d89b5a3f27297b3ca4ab2d2c1887fe1ea016bd87b7ade8198a48b25,7,5,CONFORME,2026-09-26T22:04:26Z,/root/verificacion_fuentes_nuevas
S160,48f4bb121811bd250ae5ab2c3051888ab9175f5a12a513b287c6eb325707c687,5,2,CONFORME,2026-09-26T22:04:26Z,/root/verificacion_fuentes_nuevas
S161,806c42c74f3b6273fa0af819be0d9d533902e4a003d332f1291a86a08b85086a,5,2,CONFORME,2026-09-26T22:04:26Z,/root/verificacion_fuentes_nuevas
S162,7543ff941166418ce497df2727ca06d159bbe3444ba6b8f604a5cf597864e110,5,4,CONFORME,2026-09-26T22:04:26Z,/root/verificacion_fuentes_nuevas
S163,33f844f39839adf621fd2ba635505df83158eb7c57eb6526281ddcc85ff4dcb0,2,1,CONFORME,2026-09-26T22:04:26Z,/root/verificacion_fuentes_nuevas
S164,9e0f337fa3c1b3a06e3b539e32520778325cf1fa3ff47b94548c1884fb5ffcda,3,2,CONFORME,2026-09-26T22:04:26Z,/root/verificacion_fuentes_nuevas
S165,8db01b63729f6f95256a3d2ae643a8005713defb5dc16018b25ba78932f96fcc,1,1,CONFORME,2026-09-26T22:04:26Z,/root/verificacion_fuentes_nuevas
S166,905ccc25def45cb00cfb91a0e02e0859633b9c8e20bceb8504b512c388dcaa7e,4,2,CONFORME,2026-09-26T22:04:26Z,/root/verificacion_fuentes_nuevas
S167,690cdcaa784bf048dd065391309f0960e846449ca66b7837e074bb75fed670c4,2,1,CONFORME,2026-09-26T22:04:26Z,/root/verificacion_fuentes_nuevas
S168,e72f53823de8da6e4dd8805b80dc8ab6086e9226706940214da95e7506a22588,4,3,CONFORME,2026-09-26T22:04:26Z,/root/verificacion_fuentes_nuevas
S169,e28f3504200859cef51dee3547d8fb710fd7492eb10ded22f1f375d5f67565f1,1,1,CONFORME,2026-09-26T22:04:26Z,/root/verificacion_fuentes_nuevas
S170,d317585d068fd0a83de1f718dfd0ab19e3d7beccd887af3c096c507af2a7bd0d,6,4,CONFORME,2026-09-26T22:04:26Z,/root/verificacion_fuentes_nuevas
S171,bd8ff2e66760d98b009ef6cd973a2df83e69dbc92b6c44398fa9e5060d1d09b6,6,3,CONFORME,2026-09-26T22:04:26Z,/root/verificacion_fuentes_nuevas
S172,cf19f4d590875b73e11b0130bd25167546e782ba508d5d491ba4f59557c9bd65,2,1,CONFORME,2026-09-26T22:04:26Z,/root/verificacion_fuentes_nuevas
S173,f5bcd70f31019277762f326d71cdeb0a35c088d80824bc86f620d41123ad8051,2,1,CONFORME,2026-09-26T22:04:26Z,/root/verificacion_fuentes_nuevas
S174,be2f9296c2b47ceae4902ac133e755d68b4872504b0032bf45e75815095f2263,5,1,CONFORME,2026-09-26T22:04:26Z,/root/verificacion_fuentes_nuevas
S176,341b21396cd2b3b6177c790fbc357c2ea65ae5538d3d3f22f1936b63cb6b73b5,4,4,CONFORME,2026-09-26T22:04:26Z,/root/verificacion_fuentes_nuevas
S177,29fbdad8b149829b9835e7ab476d0a8a50d0712f58f5cd72beb074045ed4e1b7,3,1,CONFORME,2026-09-26T22:04:26Z,/root/verificacion_fuentes_nuevas
S178,760dc6b6704650413d2bd383cb522c3d93db30ee8f0f70d0c513ea17f6c0c114,11,1,CONFORME,2026-09-26T22:04:26Z,/root/verificacion_fuentes_nuevas
S179,56abfc64bbda8bd2c87914d3c24212628d49f3a565e2ce15c969730b79a50bb3,1,0,CONFORME,2026-09-26T22:04:26Z,/root/verificacion_fuentes_nuevas
S181,ff3564ef9fdb59f595cdaecd22d6e32d2d394b1a15b859746773365f7835b0d2,1,1,CONFORME,2026-09-26T22:04:26Z,/root/verificacion_fuentes_nuevas
S182,0807c43f275d7dff7d69f3263cf1f1746b685c14ad4b5b931d6385220c4c88c2,3,1,CONFORME,2026-09-26T22:04:26Z,/root/verificacion_fuentes_nuevas
S183,044ab6b0fecefa306d1b280fc53b83af703a86c3a7516f968c28372a7f2cf58f,6,1,CONFORME,2026-09-26T22:04:26Z,/root/verificacion_fuentes_nuevas
S184,8c753e0d0e0cd14d545c0ff25d1480292e99f8309cf9422e855bb17278e2e47c,3,1,CONFORME,2026-09-26T22:04:26Z,/root/verificacion_fuentes_nuevas
S185,ad52ee8a8aaa2ef375efdd5679bff7c4f5bf0aa4689e5241428e7badd9cdd05d,3,1,CONFORME,2026-09-26T22:04:26Z,/root/verificacion_fuentes_nuevas
S186,6eaf3316bd977807b49017cbdbd145adda879f9d0da6ccdd96acc604203eb9d2,1,1,CONFORME,2026-09-26T22:04:26Z,/root/verificacion_fuentes_nuevas
S187,a7e2aa9fd749afea799b73b5c528f7f7fc45fd5e45de9ce3158803c9ed9cb49e,2,2,CONFORME,2026-09-26T22:04:26Z,/root/verificacion_fuentes_nuevas
S188,498c2c010903653e25acc9a7bc8341643b98af0ed341eb545ee4db61383aea30,2,2,CONFORME,2026-09-26T22:04:26Z,/root/verificacion_fuentes_nuevas
S189,e20670156d5a916d0fe387a0b8046a62059f623586bc95b103acbcb49012dec2,7,2,CONFORME,2026-09-26T22:04:26Z,/root/verificacion_fuentes_nuevas
S190,acec7580903f77676d938552d27f8fbf30f7e6648cce61bf5f97dd10c1b8ef07,1,1,CONFORME,2026-09-26T22:04:26Z,/root/verificacion_fuentes_nuevas
S191,42148d1fbb83517cf1df0aa9d91fe8135f2c15a90dacf63efb27b7f16f8cda80,4,1,CONFORME,2026-09-26T22:04:26Z,/root/verificacion_fuentes_nuevas
S192,ba69e246f0a4a73c7408f9a1a950026021348f86b99f0e16250227e35ca4e1c0,2,1,CONFORME,2026-09-26T22:04:26Z,/root/verificacion_fuentes_nuevas
S193,8ba6a0275125b6136e88c0b2b146130561753ef43805c96802afbccfb3545199,2,1,CONFORME,2026-09-26T22:04:26Z,/root/verificacion_fuentes_nuevas
S194,b7df151f899b6913efd1fbbc595eff03314bcad23ed0a3383ff4d61f55c9f637,2,1,CONFORME,2026-09-26T22:04:26Z,/root/verificacion_fuentes_nuevas
S195,a73518a5f41a306aee85832f8bc520c434df3f440138715e8150985d24cc1604,4,4,CONFORME,2026-09-26T22:04:26Z,/root/verificacion_fuentes_nuevas
S196,f17d4eb7f2e51602ded01cc172008f5b4004a7e727bc7451a1e4aad093978a5f,1,0,CONFORME,2026-09-26T22:04:26Z,/root/verificacion_fuentes_nuevas
S197,f80feb0aefed2660a174cae77f2126678257e39240d1afd72612ec522377edb1,3,2,CONFORME,2026-09-26T22:04:26Z,/root/verificacion_fuentes_nuevas
S198,faa57250047545a890baea5d314b08cdbe5d91a507cadad4210b0390564575ec,1,1,CONFORME,2026-09-26T22:04:26Z,/root/verificacion_fuentes_nuevas
S199,11c4cce3566299c24cbbb64889840a86991da51a0a9d9e82ddcd1887118d370e,3,3,CONFORME,2026-09-26T22:04:26Z,/root/verificacion_fuentes_nuevas
S200,5b2170f20774ea9947b2928babc4da98ae0660634f19c0da8a7661267a9988aa,9,5,CONFORME,2026-09-26T22:04:26Z,/root/verificacion_fuentes_nuevas
S201,b7d63358183f946b5cd5a7ca7fc451780374f1a41c651ba6abf3648e9e1e0ce4,8,5,CONFORME,2026-09-26T22:04:26Z,/root/verificacion_fuentes_nuevas
S202,ff0b643c9c0cf69236d532e3079836c118cf7bfcaa353595bdbd63096a5d8223,2,1,CONFORME,2026-09-26T22:04:26Z,/root/verificacion_fuentes_nuevas
S203,9a2df15ae53a9e3c47f74975f72965ddfd0697cbff88bf596f80f6a50d0c4216,23,14,CONFORME,2026-09-26T22:04:26Z,/root/verificacion_fuentes_nuevas
S204,07167a0dde0340deb274c33098ce90a7ce029536a61b8f64722a422da77d75ec,8,6,CONFORME,2026-09-26T22:04:26Z,/root/verificacion_fuentes_nuevas
S205,0bd940d87de6817374994dc5f0d934af09eb758e2a7444ff8e7b5a0a24771dcb,1,1,CONFORME,2026-09-26T22:04:26Z,/root/verificacion_fuentes_nuevas
S206,d3931350d710aaa763b18319c2759d509e2da1ed2e691c97527a0dfb45ee3bfa,23,12,CONFORME,2026-09-26T22:04:26Z,/root/verificacion_fuentes_nuevas
S207,b9f4b0fc64ccf561f17b632ed6dfd15a195e647130aadb5992625804ba27272f,10,5,CONFORME,2026-09-26T22:04:26Z,/root/verificacion_fuentes_nuevas
S208,e7e1ef9f42733c7e74e0de6ff9dcd3506df99b5188bdb6af05a93747e57f5467,9,5,CONFORME,2026-09-26T22:04:26Z,/root/verificacion_fuentes_nuevas
S209,700a07d6f4818636c7c99f8b7aa5aaa85c1396f99f2d8833559d96bb0f57b3b1,7,5,CONFORME,2026-09-26T22:04:26Z,/root/verificacion_fuentes_nuevas
S210,1fe735400e5c5262e131e3570250317748ed3d45ab054df0ce34236d58ff185e,19,14,CONFORME,2026-09-26T22:04:26Z,/root/verificacion_fuentes_nuevas
S211,69d13f059a3c3fe953660dc1f049c032bacb9a7471cdef63c1da3bad2437c105,6,4,CONFORME,2026-09-26T22:04:26Z,/root/verificacion_fuentes_nuevas
S212,7f6a8b08ef67ca3e199b48746fe1fb579e6a9c1d72beef5df31d0d7da1a57c91,4,3,CONFORME,2026-09-26T22:04:26Z,/root/verificacion_fuentes_nuevas
S213,179ec0faa052b9d87a8fd7e50fcc2aeb6f79ff0039b708d8dd494a87c692babe,5,2,CONFORME,2026-09-26T22:04:26Z,/root/verificacion_fuentes_nuevas
S214,bcdea3d2a913c8b26075a8dce8b183486a2a0d22cdb9c2b40b25d69497688c6e,5,4,CONFORME,2026-09-26T22:04:26Z,/root/verificacion_fuentes_nuevas
S215,c28838062f5d3317582e462447c0ac396d064a81cc75ba6de69646b3bea03a51,8,4,CONFORME,2026-09-26T22:04:26Z,/root/verificacion_fuentes_nuevas
S216,bd9c8b27436887fbb3217c5c19af14e8380ed8024f1df86fd79f4dacb615ddf1,1,1,CONFORME,2026-09-26T22:04:26Z,/root/verificacion_fuentes_nuevas
S217,ada280ebc2be4e4cbaa1e36230399e20ba172c130b024f38994891acd22b68dc,2,2,CONFORME,2026-09-26T22:04:26Z,/root/verificacion_fuentes_nuevas
S218,6446bd1a536651f74028ef02670c0083ed77814bae86716ba062c9957f10cd40,3,3,CONFORME,2026-09-26T22:04:26Z,/root/verificacion_fuentes_nuevas
S219,c46371257d2059a468bf38d240f8fbbf2e5f5dfa77e7404939a3e4189cdbbd02,2,2,CONFORME,2026-09-26T22:04:26Z,/root/verificacion_fuentes_nuevas
S220,0324cf1fddfef91ff1680ff53e700287e8c468475c2fe8da533201ed257a8286,2,2,CONFORME,2026-09-26T22:04:26Z,/root/verificacion_fuentes_nuevas
S221,d1376912a486e512e4fbbd80a860fd82f98ccaf8261cd80fce4713eb9b653b1b,2,2,CONFORME,2026-09-26T22:04:26Z,/root/verificacion_fuentes_nuevas
S222,e925d19537f28a193a42a7f85adce2bd266cdb5ddf26f7cc22037059e80b3ded,4,4,CONFORME,2026-09-26T22:04:26Z,/root/verificacion_fuentes_nuevas
S223,ae5e247a6e87e02331ed0b824603c3b79f6a597d10e84b7858f965dc8cebbd85,0,0,CONFORME,2026-09-26T22:04:26Z,/root/verificacion_fuentes_nuevas
S224,736410b38f9196f1899e6fc2fed7d5686a4fa160cf323248efdc6e32bf3041a0,3,2,CONFORME,2026-09-26T22:04:26Z,/root/verificacion_fuentes_nuevas
S225,1a8c495170adc24c9a3ab3c19043b8bea1d39810658cb60c2d0c86868417dc4f,7,4,CONFORME,2026-09-26T22:04:26Z,/root/verificacion_fuentes_nuevas
S226,24a3993eb7c88605c0d22c720f6c0d863c73bb8937622f7e5026ec8cdc2c0a26,6,4,CONFORME,2026-09-26T22:04:26Z,/root/verificacion_fuentes_nuevas
S227,c714072de3c0c82051665c8a790607af242b0064967903cf47c09bbe6deef57b,3,1,CONFORME,2026-09-26T22:04:26Z,/root/verificacion_fuentes_nuevas
S228,95f37d66f55c518011d86804bbd28e78b286002454eff3c9eff09852453dac8f,5,2,CONFORME,2026-09-26T22:04:26Z,/root/verificacion_fuentes_nuevas
S229,2baded2770c0863f1b13a4f995f99f3ce571be565cf9f8a20e6f2e1e8f8aab6f,4,1,CONFORME,2026-09-26T22:04:26Z,/root/verificacion_fuentes_nuevas
S230,a5c41f3daff21c625fe060aebf26102078afaa9ab7f365c8e6b43bd63ea048c1,5,0,CONFORME,2026-09-26T22:04:26Z,/root/verificacion_fuentes_nuevas
S231,821ddbffcd79d04e5f0e00bee149b7a6650e96dc21bacab357b99905f0104bec,8,2,CONFORME,2026-09-26T22:04:26Z,/root/verificacion_fuentes_nuevas
S232,90c36098817f8a772f33cb423fa6050951f2cdacfdaa6fe62034a2e05ddcb564,8,3,CONFORME,2026-09-26T22:04:26Z,/root/verificacion_fuentes_nuevas
S233,68f5aa6d9c0089a519833a770d582b31d60acb8002edc54cec8f28c4e2181787,5,1,CONFORME,2026-09-26T22:04:26Z,/root/verificacion_fuentes_nuevas
S234,ffd73a1747072956a62d1d20a3041480df5202e76fd5a2dee96a274c94483b45,2,2,CONFORME,2026-09-26T22:04:26Z,/root/verificacion_fuentes_nuevas
S235,5a2eee743d84dde6bde2ea210d4d1f1424787c6d1fbabfeeba73f2d23ecb5148,3,2,CONFORME,2026-09-26T22:04:26Z,/root/verificacion_fuentes_nuevas
S236,615b83f6a80ee2ce07b32581e0e91a8ffcd54ac263bbfda7d0814d1e92b491fa,3,2,CONFORME,2026-09-26T22:04:26Z,/root/verificacion_fuentes_nuevas
S237,ef59e34af6d98b41c9f2f7e5dba0f020d9edadac7baa6fdb8d530cbd9e149077,1,0,CONFORME,2026-09-26T22:04:26Z,/root/verificacion_fuentes_nuevas
S238,6cff8a96e48a3a6c9c9f1e5a0cc55288fb99d81dbe30c09e43939a12057e8e46,6,6,CONFORME,2026-09-26T22:04:26Z,/root/verificacion_fuentes_nuevas
S239,7816a8b49f335b162e2f10286a0e1a13311c97bae8a07d2a9accc2438541bb9c,2,1,CONFORME,2026-09-26T22:04:26Z,/root/verificacion_fuentes_nuevas
S240,2fc989b300caebcd411aae69d4d505b11cabdd0b01c0f473f7be96246a54802a,6,5,CONFORME,2026-09-26T22:04:26Z,/root/verificacion_fuentes_nuevas
S241,c7c1155c3a31f28660394fd8b36abf560cedc62e27b2096c10426520f9e390b8,1,1,CONFORME,2026-09-26T22:04:26Z,/root/verificacion_fuentes_nuevas
S242,925a6ffb05cd7ea5fd1d98bcee2d50c731494cda4bdcf7d42f770786902fde8a,5,2,CONFORME,2026-09-26T22:04:26Z,/root/verificacion_fuentes_nuevas
S243,cbb100fbf7eef8f52e79d66f00b28a2931a3f8b55ccd1dfcc5abe7a7c078e8b0,7,3,CONFORME,2026-09-26T22:04:26Z,/root/verificacion_fuentes_nuevas
S244,9517598a78fea68c8e64c3f0bae17209bb0563d502dbf18719805faee8a54d24,4,1,CONFORME,2026-09-26T22:04:26Z,/root/verificacion_fuentes_nuevas
S245,00cd8ca543d99b615e02ebd9126878ccc51b4214f78537095ac6c55d9d47c574,6,2,CONFORME,2026-09-26T22:04:26Z,/root/verificacion_fuentes_nuevas
S246,8bf8394c0df66f562021b5b55d9ca683ccc179822ba1d70ff980bce2dad68cf3,8,4,CONFORME,2026-09-26T22:04:26Z,/root/verificacion_fuentes_nuevas
S247,84003f2c288f8cb01c5a584dac9782a63a0b0d839b5ab80c5bfdfacb3d73962a,3,1,CONFORME,2026-09-26T22:04:26Z,/root/verificacion_fuentes_nuevas
S248,8e7086e93530ee0a98bc6381f29f3606a97bdc264c1707366bd62c03a3243bf4,1,1,CONFORME,2026-09-26T22:04:26Z,/root/verificacion_fuentes_nuevas
S249,7c7418f32eab17ab0c557a4205276313cef8dcc3f25a9ada0f909296ce5c2526,5,1,CONFORME,2026-09-26T22:04:26Z,/root/verificacion_fuentes_nuevas
S250,b842b98e89e4fae3b2288d0f3f15e574a44f626c32b1663f563bb4e8a82fd4b2,5,1,CONFORME,2026-09-26T22:04:26Z,/root/verificacion_fuentes_nuevas
S251,ef7aa54393301273f0fbd2a908c94edfe67277d3f05929f4876a9d7850a36443,2,1,CONFORME,2026-09-26T22:04:26Z,/root/verificacion_fuentes_nuevas
S252,d7dcca3c1c678349e58fdea507aaf385a58355809733c46e727cc4550cac6b90,2,1,CONFORME,2026-09-26T22:04:26Z,/root/verificacion_fuentes_nuevas
S253,d30506591d9b513aea1486a62e4ef826207a2c10ebf6da5d83f949ed98958887,4,3,CONFORME,2026-09-26T22:04:26Z,/root/verificacion_fuentes_nuevas
S254,137d1a82dfe5f44f63c3a9ef58403d97072c2829f2d86da258a4ff8c6612afa9,1,0,CONFORME,2026-09-26T22:04:26Z,/root/verificacion_fuentes_nuevas
S255,6245436f9ac752aa360c936fcc3ce7495e875a7acf0e272a4faf276e9b69f893,3,2,CONFORME,2026-09-26T22:04:26Z,/root/verificacion_fuentes_nuevas
S256,71b6aa4aa5033f823387ea76ba713c817b672e1b09e5e752c4080d2384686ea2,3,2,CONFORME,2026-09-26T22:04:26Z,/root/verificacion_fuentes_nuevas
S257,8b409f7a2bf19f04034590f6fea85a47e86260e6f425b044cee31a9ac9cd6de5,2,1,CONFORME,2026-09-26T22:04:26Z,/root/verificacion_fuentes_nuevas
S258,169f9ebb45df968aa1dbe943dc1d0d6316ae3e9b4d473e53b2c750b1fbb21eac,4,2,CONFORME,2026-09-26T22:04:26Z,/root/verificacion_fuentes_nuevas
S259,e5f86999754fadd60cc09baea5921ceeeca36830457c2b680dae8729f54728a8,4,2,CONFORME,2026-09-26T22:04:26Z,/root/verificacion_fuentes_nuevas
S260,25d35fa374842c17326a68f9a7084d7ac1782b8337f5c14ce875d337f0edeb5e,5,3,CONFORME,2026-09-26T22:04:26Z,/root/verificacion_fuentes_nuevas
S261,599c2badfef1986471d37112b2305ed1fa72cc6d3d4f7cc71b3b2a037dc6fe70,3,1,CONFORME,2026-09-26T22:04:26Z,/root/verificacion_fuentes_nuevas
S262,09e2b186bd4d639c0f332da502f089321472730edec16a2d18e6d4ba460be621,4,1,CONFORME,2026-09-26T22:04:26Z,/root/verificacion_fuentes_nuevas
S263,27ecc4d4f065573dccc66373c2a3ed2cdf0e0aeacdeb64793901af6a226e3a1f,2,1,CONFORME,2026-09-26T22:04:26Z,/root/verificacion_fuentes_nuevas
S264,e0e7becc7e1398f9ba66f8c0e9740a9f06cfb8d138b376ed426631972dd093f2,1,1,CONFORME,2026-09-26T22:04:26Z,/root/verificacion_fuentes_nuevas
S265,d462ce808dcd0b13082f61baaa84c9465bfacafa8f71e45d06d8d9c7acc91d4e,4,3,CONFORME,2026-09-26T22:04:26Z,/root/verificacion_fuentes_nuevas
S266,8adecedf2d98dc678a3fcf4025f07987eaa44b9a2d1e9e03fc1c5903b829eac3,3,2,CONFORME,2026-09-26T22:04:26Z,/root/verificacion_fuentes_nuevas
S267,dbc456c65a7569a65b045187ac8037d4ef6b9f38225670e9f8bb86dde9855e14,5,3,CONFORME,2026-09-26T22:04:26Z,/root/verificacion_fuentes_nuevas
S268,9bc6f83bc5b4ff6f77c51ace54b4e76f596a8ead79292032bbaf57990cdb205a,4,1,CONFORME,2026-09-26T22:04:26Z,/root/verificacion_fuentes_nuevas
S269,4fc4970be198fb39c2310663944a66fd80322049281df43530b145631a6d2a57,5,3,CONFORME,2026-09-26T22:04:26Z,/root/verificacion_fuentes_nuevas
S270,3820ea21ff05b681c1b9469d9fe205e49bf73e37206cdb946ad596f3f9e3c378,11,8,CONFORME,2026-09-26T22:04:26Z,/root/verificacion_fuentes_nuevas
S271,172b485f75b2702eb73c6fab24f71a0b7c9879e65a038e7ed55f0f613c6ba794,5,5,CONFORME,2026-09-26T22:04:26Z,/root/verificacion_fuentes_nuevas
S272,462da93b6b631cc9238db58513f16039b92fde67f32254b4b49fac694e08ab41,4,1,CONFORME,2026-09-26T22:04:26Z,/root/verificacion_fuentes_nuevas
S273,d02e914a9173f77678e0da58722fef193232f553e7fae1e61a6bb981543b8f27,3,2,CONFORME,2026-09-26T22:04:26Z,/root/verificacion_fuentes_nuevas
S274,dc322f7fcd6faa68c814957707b5f2fb61b732ce4654a3dd865273b451dcacff,2,1,CONFORME,2026-09-26T22:04:26Z,/root/verificacion_fuentes_nuevas
S275,593181a53d8b64785ad2e31d36d4f64a16fc73726510dbc79f728efe3c7fb9e3,7,0,CONFORME,2026-09-26T22:04:26Z,/root/verificacion_fuentes_nuevas
S276,e472bbc1da877a55909aa810a034bb0c07fc059b9368d557d642b1f045d4aef8,5,0,CONFORME,2026-09-26T22:04:26Z,/root/verificacion_fuentes_nuevas
S277,03a418efe9a06db47a70d61fa04c663bd1fc751da6058471041431154388cbfc,3,1,CONFORME,2026-09-26T22:04:26Z,/root/verificacion_fuentes_nuevas
S278,a3b623c088ce376f958a42de7586dce417764df68319e3deb2ea30412cc80153,5,3,CONFORME,2026-09-26T22:04:26Z,/root/verificacion_fuentes_nuevas
S279,5190a8a18f42415ccfe2d5947670445142911c17421b6cfdf074750e11a049ee,2,1,CONFORME,2026-09-26T22:04:26Z,/root/verificacion_fuentes_nuevas
S280,578cdfa6b07f4fb1330db589ab3338308331741dcab5fd25b15cf9884d3cb148,3,1,CONFORME,2026-09-26T22:04:26Z,/root/verificacion_fuentes_nuevas
S281,6bb87acc988adcb039966d6b8c65ea03c193b8ea64dae867273b698c6e4a0fd0,11,4,CONFORME,2026-09-26T22:04:26Z,/root/verificacion_fuentes_nuevas
S282,36188d8ea8d23d4a2d87c42c6eabbb299cfefd8c2f62758c6bd5f294badeb7e7,6,2,CONFORME,2026-09-26T22:04:26Z,/root/verificacion_fuentes_nuevas
S283,7c8804e77c84f92dbca05e44ba379b521b9fc0fb19330806637fa1e3d5977fdb,2,1,CONFORME,2026-09-26T22:04:26Z,/root/verificacion_fuentes_nuevas
S284,cdb1683ed2d0c8b98dc8808055e373453ffcc1225079d7acfc8360b662364d59,1,0,CONFORME,2026-09-26T22:04:26Z,/root/verificacion_fuentes_nuevas
S285,17ac1ab177a1f91514d48a27b434a2865b7eb40285485edd46bda6d2c5f8314d,3,2,CONFORME,2026-09-26T22:04:26Z,/root/verificacion_fuentes_nuevas
S286,932115c7f35870014907f10c6738bca7d9a543d82f04eef3d89d16a4e57aa677,3,0,CONFORME,2026-09-26T22:04:26Z,/root/verificacion_fuentes_nuevas
S287,ec502a3297acde7ab3d1309084f04c865fd8cf487a6120f9958d925cee7173f7,3,1,CONFORME,2026-09-26T22:04:26Z,/root/verificacion_fuentes_nuevas
S288,4ec3f00797d14aadd6d5da15e1e79e504d5c2acb9a3208e688b6bf2bde4a47f1,5,3,CONFORME,2026-09-26T22:04:26Z,/root/verificacion_fuentes_nuevas
S289,f7b917af6fe29ab7ecb64ac95e7b49705cbe26db5753f10cab7b28b11fa5704e,3,1,CONFORME,2026-09-26T22:04:26Z,/root/verificacion_fuentes_nuevas
S290,e9002e09ef9fbce871814ef700dc7b65523e9f7ac11810fec130747f6f8e8240,5,3,CONFORME,2026-09-26T22:04:26Z,/root/verificacion_fuentes_nuevas
S291,e91c1892bc9622eb753da27325afa3066b7c73bdad9dea5ba60576b469b90e79,8,2,CONFORME,2026-09-26T22:04:26Z,/root/verificacion_fuentes_nuevas
S292,7daa06223d6b16d20f523b3764256d26e873c96200b635c0c91c7941d0772757,2,1,CONFORME,2026-09-26T22:04:26Z,/root/verificacion_fuentes_nuevas
S293,9cb3cf418248c08cfdc446de5d46c82098b3934230ebe29cf993e21b954ff986,4,1,CONFORME,2026-09-26T22:04:26Z,/root/verificacion_fuentes_nuevas
S294,cb4fb0769c0503eb4c457e878a4a7a16789baf5e1ae1fc9fb72b0e28ca4377f9,2,1,CONFORME,2026-09-26T22:04:26Z,/root/verificacion_fuentes_nuevas
S295,1ee4040df66169a1fb4d668c46b8ac673fb52b511cc4b4a5b3773171a6836b68,4,1,CONFORME,2026-09-26T22:04:26Z,/root/verificacion_fuentes_nuevas
S296,8f9f6eaefa055be06505a296e3d95ded984dd0ca7218f927e1b769a12a764c5c,5,1,CONFORME,2026-09-26T22:04:26Z,/root/verificacion_fuentes_nuevas
S297,c24ca451111e5cd6a71cd03a19fa99e8cb5257ad5b93d2f6bfb15202958ff65c,2,0,CONFORME,2026-09-26T22:04:26Z,/root/verificacion_fuentes_nuevas
S298,faaf4e0b07b642a5677e013a471b66fd72e74662ae7a3e82c04410c421785dc1,3,2,CONFORME,2026-09-26T22:04:26Z,/root/verificacion_fuentes_nuevas
S299,8d68353ef75a9c90ae5924181c4d83c2302534be9fbeff6e1acfcc065125edfb,2,1,CONFORME,2026-09-26T22:04:26Z,/root/verificacion_fuentes_nuevas
S300,6887b58790bbdf881145bedb4a9e1c4e5257a192f01f37a05a039920831c067c,4,3,CONFORME,2026-09-26T22:04:26Z,/root/verificacion_fuentes_nuevas
S301,985bd90e8625e732968e6dae32f861f5195e43f8653b4d4dc6eac2fff903a137,4,4,CONFORME,2026-09-26T22:04:26Z,/root/verificacion_fuentes_nuevas
S302,9c6fff91abe9805baa6f2a2cca1c526effab68e57c071acf3804e175eb0361d8,3,3,CONFORME,2026-09-26T22:04:26Z,/root/verificacion_fuentes_nuevas
S303,eb07694d85482658f71644a0ae575d40644dabc66d5fd12530d150087e1bf493,2,2,CONFORME,2026-09-26T22:04:26Z,/root/verificacion_fuentes_nuevas
S304,c8ee5e9a0be7a4cb5b0c1a78e1ff5998a0dd30e481bef78475a0aaac4ce61005,3,2,CONFORME,2026-09-26T22:04:26Z,/root/verificacion_fuentes_nuevas
S305,633e282004a71c9708ef3c3c3462a194e14b8092be9100f380fa3a5c2cd3bf2d,2,1,CONFORME,2026-09-26T22:04:26Z,/root/verificacion_fuentes_nuevas
S306,36335d153656ab3634b82f29e87930b2452f5f66a7e698ab4d9c28210e459e4e,3,2,CONFORME,2026-09-26T22:04:26Z,/root/verificacion_fuentes_nuevas
S307,d30eaa0375cf77159651f1cef6875db00f21f93395584d56d5e2592d7543a5a0,48,35,CONFORME,2026-09-26T22:04:26Z,/root/verificacion_fuentes_nuevas
S308,afae7bbfe3a6fee74b39c563427e2c420aa6f7ed8ff73b24cb56421595a09743,14,9,CONFORME,2026-09-26T22:04:26Z,/root/verificacion_fuentes_nuevas
S309,9cc962db4494692c85b3cfc5523c23695e9683b470f4c452305733a605a6a361,8,2,CONFORME,2026-09-26T22:04:26Z,/root/verificacion_fuentes_nuevas
S310,55941f45c7876f0c9e41ae54eb198cf12ad7dca77edc3c2a60584117e804a618,4,1,CONFORME,2026-09-26T22:04:26Z,/root/verificacion_fuentes_nuevas
S311,d993f181364472bd925c5f278dbe911cac40bef96ec6b9b08d272154ed53e7c7,7,1,CONFORME,2026-09-26T22:04:26Z,/root/verificacion_fuentes_nuevas
S312,0f64b78c0e36ff048423d08751c3dd0a260c1af68aea8bbf95ccf6aafae7b765,6,0,CONFORME,2026-09-26T22:04:26Z,/root/verificacion_fuentes_nuevas
S313,25dfd071db025c12a12dd0a7af574edbfc8fc8f0fd3c62e183004f3c96e92a5b,5,1,CONFORME,2026-09-26T22:04:26Z,/root/verificacion_fuentes_nuevas
S314,199224b250c8fe7e8044c1c80ef3017615a4dff190754b7f96e96ee64fac6a71,3,1,CONFORME,2026-09-26T22:04:26Z,/root/verificacion_fuentes_nuevas
S315,fc6a3c136c205c4321bdca05d6d8de9b9261f648b140d782bf03a707ef30a21f,2,0,CONFORME,2026-09-26T22:04:26Z,/root/verificacion_fuentes_nuevas
S316,570c73d5dd0d515eb91749cd1d6f98f08b4791c7c6cdb1073114949cda2c042b,5,2,CONFORME,2026-09-26T22:04:26Z,/root/verificacion_fuentes_nuevas
S317,641b62310ea4e2bfef241e11fcd6972ca3b2d421fd40b2490c161889db39d920,3,1,CONFORME,2026-09-26T22:04:26Z,/root/verificacion_fuentes_nuevas
S318,b2b096f35aa1576d5c8ae6acfb486d0fa34252acbf87552e6910cc54a01eb07c,2,0,CONFORME,2026-09-26T22:04:26Z,/root/verificacion_fuentes_nuevas
S319,9ea2246aa51d4ad3cd875b19b2d324ac9e64c14706627bd4d68c6801392dc894,13,7,CONFORME,2026-09-26T22:04:26Z,/root/verificacion_fuentes_nuevas
S320,071ee3f7ad0e7e0465a395e754444bc9f2131dab094bdd4f76dc3788cd7e4dad,7,1,CONFORME,2026-09-26T22:04:26Z,/root/verificacion_fuentes_nuevas
S321,c5c00752c3e885a66252bfa9e1d99a65048dfc29a508d318edc8b99e9ff9673b,2,0,CONFORME,2026-09-26T22:04:26Z,/root/verificacion_fuentes_nuevas
S322,694a7bf8c16969974ca83d1651735a5c31f6f6700bb31413de66223d2c713a5e,6,3,CONFORME,2026-09-26T22:04:26Z,/root/verificacion_fuentes_nuevas
S323,d96425928d9a057618e3d1359258214bdd99e49ca0454cbf654483b4e08c9299,4,2,CONFORME,2026-09-26T22:04:26Z,/root/verificacion_fuentes_nuevas
S324,3f6f8cc1ae80e83d675bd5685594e2e2ff408e438695e87622d286cd42f52fe1,9,5,CONFORME,2026-09-26T22:04:26Z,/root/verificacion_fuentes_nuevas
S326,9d6ca28d720791674c1bb025b88ff7d7aac78c2eccb08c3280a26873ecb4a9b3,2,1,CONFORME,2026-09-26T22:04:26Z,/root/verificacion_fuentes_nuevas
S327,01c5529d69f39a57ffd3cd5c595005e73032862452ff0527e19bb76e2cb18e95,2,1,CONFORME,2026-09-26T22:04:26Z,/root/verificacion_fuentes_nuevas
S328,8ef741e3957525541f8072b3ede5c2ef429d1eb13f88d25e80b7b21d11bdc738,3,3,CONFORME,2026-09-26T22:04:26Z,/root/verificacion_fuentes_nuevas
S329,52d5ea0b23ac08b3724c2ed0351d0d091489812a1d3826dad2095481643885fa,2,2,CONFORME,2026-09-26T22:04:26Z,/root/verificacion_fuentes_nuevas
S330,3003dfca98bbdd51af8a9f183457e0e38f2c2611cf1a805b92976c6233b90255,1,0,CONFORME,2026-09-26T22:04:26Z,/root/verificacion_fuentes_nuevas
S331,d9b1f8dffea00ab0a5116f0d1e756c60d389b74c9028b4d04784f2a490502960,2,1,CONFORME,2026-09-26T22:04:26Z,/root/verificacion_fuentes_nuevas
S332,81d819fd911c7e115faa8f2bf64448e5c89754ed435f6e37f614d7fc24bbc9cc,1,0,CONFORME,2026-09-26T22:04:26Z,/root/verificacion_fuentes_nuevas
S333,76aa3b0ef44c8aafaff82c3e11e70df67cefd5c83530dec257a6fc71056615ef,3,3,CONFORME,2026-09-26T22:04:26Z,/root/verificacion_fuentes_nuevas
S334,c13ff21af48850e560701659320cf12b603b34dbb524afe09e1d5a562a01d627,3,2,CONFORME,2026-09-26T22:04:26Z,/root/verificacion_fuentes_nuevas
S336,ed1cb78db62378b365c6e46c4807e93b4637ca2d34d63053ca4872312f944f6f,3,2,CONFORME,2026-09-26T22:04:26Z,/root/verificacion_fuentes_nuevas
S337,1baef2527c545397f033eef2f63b01a6b4bd10c906a035aaeac9c2edc70c8258,1,1,CONFORME,2026-09-26T22:04:26Z,/root/verificacion_fuentes_nuevas
S338,83282b4a7aacb3970e036b93df372ff0e38b95acbc3fb097591560f4848f5f2c,1,1,CONFORME,2026-09-26T22:04:26Z,/root/verificacion_fuentes_nuevas
S339,8d56e9e70da75ca9658f98e3e7eeb6d88f80c9d02f1533d9288abe707e5e663a,2,2,CONFORME,2026-09-26T22:04:26Z,/root/verificacion_fuentes_nuevas
S340,63ada9468ed971fc3cfb656a183785254ec1d10c85c04c227e1c006bcf05b43f,3,0,CONFORME,2026-09-26T22:04:26Z,/root/verificacion_fuentes_nuevas
S341,c47130ccc645d658b011fa80455ace27a15f86000238c64e74dfdc688cceecf5,1,0,CONFORME,2026-09-26T22:04:26Z,/root/verificacion_fuentes_nuevas
S342,504cc851c8d304f0f725d039c8d5d585749624081be9f662644757e9c01f6515,2,0,CONFORME,2026-09-26T22:04:26Z,/root/verificacion_fuentes_nuevas
S344,f71cd5a9a4390838541a8d24cfa09965691640712a041a4d7475bd5d0a425c5e,2,0,CONFORME,2026-09-26T22:04:26Z,/root/verificacion_fuentes_nuevas
S346,357767aa3ed8d9da63e89ae968de862e0ddc433d8e43295662eee5b5a99a9c9f,14,3,CONFORME,2026-09-26T22:04:26Z,/root/verificacion_fuentes_nuevas
S347,4f6d96e9085062af9722aa3e1f261f085c7333d53bc1e233e6dabb3c09c355de,5,0,CONFORME,2026-09-26T22:04:26Z,/root/verificacion_fuentes_nuevas
S348,8168994ab039db47dc36c333bdfdc6bace934cdc0d4f1c0b85861d5832e61229,4,1,CONFORME,2026-09-26T22:04:26Z,/root/verificacion_fuentes_nuevas
S349,37004cca96e036dbb8d87d9ca419e82fcd8d03b69cf3c28518cf15f229e0a7e4,11,3,CONFORME,2026-09-26T22:04:26Z,/root/verificacion_fuentes_nuevas
S350,116f3633e626234ee8c1d9e6569ed46f645716715fd45b829742777cdf8820f2,1,0,CONFORME,2026-09-26T22:04:26Z,/root/verificacion_fuentes_nuevas
S351,8bdbc5be50225b9490b5246064280f393a340f72a356d89f0a662fb2f3885442,2,2,CONFORME,2026-09-26T22:04:26Z,/root/verificacion_fuentes_nuevas
S352,cbce31c2855d63eb5a5fb19d8ff7f9a860aef44f9fa2b5d57dd2e55bcf0d08ad,11,5,CONFORME,2026-09-26T22:04:26Z,/root/verificacion_fuentes_nuevas
S353,7f68df2b0e887e057033f4938c2641c65562f9390dc8e907f845e3faad629339,5,0,CONFORME,2026-09-26T22:04:26Z,/root/verificacion_fuentes_nuevas
S354,5ea6758a535fbe06a16bb1f687396529a15096ef097a1f788f26da88114ddb4e,5,0,CONFORME,2026-09-26T22:04:26Z,/root/verificacion_fuentes_nuevas
S355,546b251334941c60da5685bb89937ace27a8bfe89a3d9bb5750f2cff481d505f,7,1,CONFORME,2026-09-26T22:04:26Z,/root/verificacion_fuentes_nuevas
S356,631ee3c3df6e2c9961e15b74875a27c6734a1e6c2d38440203b038d6c98ca128,5,0,CONFORME,2026-09-26T22:04:26Z,/root/verificacion_fuentes_nuevas
S357,4236cb93f9a42085ff657cbd80411c8da16b08680bc60f7726809041e259c377,32,6,CONFORME,2026-09-26T22:04:26Z,/root/verificacion_fuentes_nuevas
S358,3da31d770c39300c9574bcf96125ca123ffe029f29b7f3aeb1cb3387c24207db,13,0,CONFORME,2026-09-26T22:04:26Z,/root/verificacion_fuentes_nuevas
S359,ae68e72f8970cb0ae002e61b8283865cb2e450b00b89e50ee7e1b9df55b72a69,7,2,CONFORME,2026-09-26T22:04:26Z,/root/verificacion_fuentes_nuevas
S360,613ff97b1605638db8b20e62b12a04469bd2c93b0ca511021778f61c19468814,5,0,CONFORME,2026-09-26T22:04:26Z,/root/verificacion_fuentes_nuevas
S361,5adb4a39b15f29895f1e75382eddd3f91f4371464afb9fb63b7d2152fa262a4b,10,5,CONFORME,2026-09-26T22:04:26Z,/root/verificacion_fuentes_nuevas
S362,4d1d8128b79589108b768ff4e2621cb194ce7db4a0c4694a6232b39b881a8266,5,1,CONFORME,2026-09-26T22:04:26Z,/root/verificacion_fuentes_nuevas
S363,41af9f53e768a7efad0d41d2d1d88c0dcc99d38dd7ad8bdad635280e3e0f06c0,2,0,CONFORME,2026-09-26T22:04:26Z,/root/verificacion_fuentes_nuevas
S364,8275be7fa539168eb6ad703406a48426c5a0cbb917f3382f80e6196e2c751367,4,2,CONFORME,2026-09-26T22:04:26Z,/root/verificacion_fuentes_nuevas
S365,58aaa439b066184f65746dcc7b72e57e8b2e8870161b8d48bf3f7bba51f19e93,3,2,CONFORME,2026-09-26T22:04:26Z,/root/verificacion_fuentes_nuevas
S366,b971232b579b688e327d9d3d2aadfd09855e36de8bc3c04f967780b096ca7d63,1,0,CONFORME,2026-09-26T22:04:26Z,/root/verificacion_fuentes_nuevas
S367,539aeda3f685270703657e2450df2102cbbc046fe016861f6e60c3b81794333a,7,4,CONFORME,2026-09-26T22:04:26Z,/root/verificacion_fuentes_nuevas
S368,c135d086dfb83d3d7a3b3b829e511689fda7aff17aae78dddbf60196f5f92572,4,0,CONFORME,2026-09-26T22:04:26Z,/root/verificacion_fuentes_nuevas
S369,c3f7559f2ea92c10108ac91205c628b2b71c04c48f261db37ff012e66f042071,6,0,CONFORME,2026-09-26T22:04:26Z,/root/verificacion_fuentes_nuevas
S370,8801eaf7e5a449005ce3838ae5e8b0fd0e0adde9fdfa9475cde5d8e3385e262c,5,2,CONFORME,2026-09-26T22:04:26Z,/root/verificacion_fuentes_nuevas
S371,74381a85d452cc02a190b5f32da08ac5803db2657fe7dbbb8a867cfdc3afc20b,1,1,CONFORME,2026-09-26T22:04:26Z,/root/verificacion_fuentes_nuevas
S372,144010904adad4c4fd2fb70f7898c34753bc1414728ca6f3cf8f99f481c856f5,2,2,CONFORME,2026-09-26T22:04:26Z,/root/verificacion_fuentes_nuevas
S374,0113f5e180eb5e75f7eca6effe8daa7683a45f76404f032a41b986c532fa54c0,1,0,CONFORME,2026-09-26T22:04:26Z,/root/verificacion_fuentes_nuevas
S375,f3235aa2f3439c3d93849b7b2d76ebd7fad4c19e3e6b59b83b8d0524a61abb82,1,0,CONFORME,2026-09-26T22:04:26Z,/root/verificacion_fuentes_nuevas
S376,d13956846c9330f4ce656ce6e4d64230567b4f3019786da57e6786a1558fbbdc,18,16,CONFORME,2026-09-26T22:04:26Z,/root/verificacion_fuentes_nuevas
S378,488a87480b1e24c7f169f58ca83f604d5bfab6665f4157616279dd91492826fd,12,5,CONFORME,2026-09-26T22:04:26Z,/root/verificacion_fuentes_nuevas
S379,8ac4a546258a41a568d5354dfc38e47ea6caead92c6de76c2ef15172556e714e,9,3,CONFORME,2026-09-26T22:04:26Z,/root/verificacion_fuentes_nuevas
S380,f632555a6b8f4c069fa437add64fb762d38d1a38956411aa934123c5d6741ea0,7,3,CONFORME,2026-09-26T22:04:26Z,/root/verificacion_fuentes_nuevas
S381,60af843987a6cdfb4657181a2f05c8a6a506eaded2214163eae661a874224d15,10,5,CONFORME,2026-09-26T22:04:26Z,/root/verificacion_fuentes_nuevas
S382,1869417960bbfd088ab150e4ca0acb7840204ce3ff3d2e5fa60e86d37acc4747,3,0,CONFORME,2026-09-26T22:04:26Z,/root/verificacion_fuentes_nuevas
S383,3225f59a8a5060c1add656f822d12823d76846a376e3c943088e15fb36ec0760,14,10,CONFORME,2026-09-26T22:04:26Z,/root/verificacion_fuentes_nuevas
S384,97713ab7a227c53cbd5975ac98cd1525232cb79b640092b432a1f214e92c242c,3,1,CONFORME,2026-09-26T22:04:26Z,/root/verificacion_fuentes_nuevas
S385,d00f3e6cdb14ef37d57c4035c5b8c36ac56058b217d271bb2c51e617daac471b,9,3,CONFORME,2026-09-26T22:04:26Z,/root/verificacion_fuentes_nuevas
S386,fb55d5df34460c1780828d70aaab91bd88a45cadc7bf40869017c1eddc413b5e,5,0,CONFORME,2026-09-26T22:04:26Z,/root/verificacion_fuentes_nuevas
S387,ee93e776005f2eb6da7a03e6293272755fbfea54f12fa54c0904c82b49318c82,4,1,CONFORME,2026-09-26T22:04:26Z,/root/verificacion_fuentes_nuevas
S388,c447d62ae469bb3b66ba63efbfdb5ecfb034ae9a2cab843026b6fac6f2b393e0,13,5,CONFORME,2026-09-26T22:04:26Z,/root/verificacion_fuentes_nuevas
S389,bb5180f527ca1bfe0912ebcde3478be97b181af4f21dc31d1871b514cdf4ca87,3,1,CONFORME,2026-09-26T22:04:26Z,/root/verificacion_fuentes_nuevas
S390,f67d8c2afa919f27d64b0bbb940c6117c5709fba01a464ddd9688dc1371b6d78,7,2,CONFORME,2026-09-26T22:04:26Z,/root/verificacion_fuentes_nuevas
S391,a06a5d1b7c13f2a9a8bf8cd57160001b5d6ca50f77d8a56e8e6503a0557735f3,3,0,CONFORME,2026-09-26T22:04:26Z,/root/verificacion_fuentes_nuevas
S392,4403ff4b901e7b110942ab1751b4f09c2b65481af3189de2fa86b9d3bfaa24db,6,1,CONFORME,2026-09-26T22:04:26Z,/root/verificacion_fuentes_nuevas
S393,25bafdb5d3c557133e9a868567053f4c2610492cbb8d78b4a83c6abbd6d1ff2d,7,4,CONFORME,2026-09-26T22:04:26Z,/root/verificacion_fuentes_nuevas
S394,3dac21250b850d8087e76080cad4d67023fe835b79175cae5d3411a72cbf077f,3,0,CONFORME,2026-09-26T22:04:26Z,/root/verificacion_fuentes_nuevas
S395,6f8d779f2ab2e7f59f4f810e4e1120ae80fc3e4f577c3745a452d70de157e8b9,4,1,CONFORME,2026-09-26T22:04:26Z,/root/verificacion_fuentes_nuevas
S396,93d38fe97e9f0032029aaf9b6f791dd8227ff1343c8281914a51475e0ca74922,4,1,CONFORME,2026-09-26T22:04:26Z,/root/verificacion_fuentes_nuevas
S397,6c24243c9ba68e716525eb9403728c9f726491583c48545a8b4336ddcba33e13,2,1,CONFORME,2026-09-26T22:04:26Z,/root/verificacion_fuentes_nuevas
S398,cf62c1caa5c0ab12d4fc119b0c8c8465d550363ae0e369078f428e2677c9472a,6,1,CONFORME,2026-09-26T22:04:26Z,/root/verificacion_fuentes_nuevas
S399,fa6466a30efe5af681bdcad9f46522c0656cd8aeee81402d6f3543b69fdd9a21,7,1,CONFORME,2026-09-26T22:04:26Z,/root/verificacion_fuentes_nuevas
S400,b518f974664d65b0ffa4267ed2dd80c34a044197cc8785a65c4bdba2c84f96f9,4,1,CONFORME,2026-09-26T22:04:26Z,/root/verificacion_fuentes_nuevas
S401,cc9d5cdb8cb4bda9a9dbe8b3cce6862968c14f814c90a2c72ee8c4b98e1bfe02,4,1,CONFORME,2026-09-26T22:04:26Z,/root/verificacion_fuentes_nuevas
S402,5841250e80e14d32abd087f3b969882b3990ba4b36b39ffd3b60a6406e42f855,1,0,CONFORME,2026-09-26T22:04:26Z,/root/verificacion_fuentes_nuevas
S403,054005f3d2a79154137869db59dcec147ee93a3233cb1671d3c1b10dfd0de52b,5,0,CONFORME,2026-09-26T22:04:26Z,/root/verificacion_fuentes_nuevas
S404,681f38fb0b49f4be0617b3207374e8ea0062f811cbc515b61814340912c83bdf,5,1,CONFORME,2026-09-26T22:04:26Z,/root/verificacion_fuentes_nuevas
S405,aeaa1a575f5bb82dfebe339688443e74796970dd85928ec32209c3cd135c814d,6,1,CONFORME,2026-09-26T22:04:26Z,/root/verificacion_fuentes_nuevas
S406,bce00b4204420ba762661349c6568f1841be5e0f2dc2b6e431f0a78cdf22af1b,5,0,CONFORME,2026-09-26T22:04:26Z,/root/verificacion_fuentes_nuevas
S407,2c9429829a76d61292cd589fa414714c164bd513a1141480d42a092443b0dca7,4,0,CONFORME,2026-09-26T22:04:26Z,/root/verificacion_fuentes_nuevas
S408,56683c1fa556762638bd9f4e402bafe9c1e0f16239248135c65bb5a4d27cda9e,4,4,CONFORME,2026-09-26T22:04:26Z,/root/verificacion_fuentes_nuevas
S409,c610cdcc781c465eacdf2123e34c492797609cd52a270030d16084484a33de95,4,4,CONFORME,2026-09-26T22:04:26Z,/root/verificacion_fuentes_nuevas
S410,bfe0d63d344ddd5ad3398d5faa9ee0b947782fad85980ee40fbddcb983763c90,3,1,CONFORME,2026-09-26T22:04:26Z,/root/verificacion_fuentes_nuevas
S411,dc041fbae523468d5d9b9698d81f67da1d479567f48563142383f0cab3476569,7,4,CONFORME,2026-09-26T22:04:26Z,/root/verificacion_fuentes_nuevas
S412,3b43d509699997c3b8168cf1c5a7e7797e614eaecb407e120a315a613694fafa,12,2,CONFORME,2026-09-26T22:04:26Z,/root/verificacion_fuentes_nuevas
S413,84e3ec66dea7226093ccb86110f7d8c850c11257a3a0631fd25ffc9b72969b6b,7,0,CONFORME,2026-09-26T22:04:26Z,/root/verificacion_fuentes_nuevas
S414,59c85aeeed3273f21f82f1271e8cfe8a4315f18c4aa9e9a2830ea87f6e783d49,5,4,CONFORME,2026-09-26T22:04:26Z,/root/verificacion_fuentes_nuevas
S415,cebc01bec73e02744221568512b8745aa77e7b71c21709a3196e4fe7e5544032,5,1,CONFORME,2026-09-26T22:04:26Z,/root/verificacion_fuentes_nuevas
S416,12ad5ecf0270c8baae612c138d166cb930b16f6029b306b6d4a85cc0404157a8,4,0,CONFORME,2026-09-26T22:04:26Z,/root/verificacion_fuentes_nuevas
S417,cb7bb89a0e3f0d96eb89539de89be7146b844ddc36ee1dea331613a5d8542754,5,1,CONFORME,2026-09-26T22:04:26Z,/root/verificacion_fuentes_nuevas
S418,2e06ab85f5149e47d760e09bc3d8a4018547c15dfdaef5ce6d129ce65ed74d5f,1,0,CONFORME,2026-09-26T22:04:26Z,/root/verificacion_fuentes_nuevas
S419,26e2ebcd449effeb23d0d5f7c59780206c2793f99991a829a5517f81b079494a,3,1,CONFORME,2026-09-26T22:04:26Z,/root/verificacion_fuentes_nuevas
S421,1016c064c37e1151e45313a50e12694720427f4e44405b0081e801bc9cf6505a,2,1,CONFORME,2026-09-26T22:04:26Z,/root/verificacion_fuentes_nuevas
S422,2c3293cd8fd0c2ea2fd190d29fb27dba84f3e7bb85134c26ab8d48c7e057be20,5,0,CONFORME,2026-09-26T22:04:26Z,/root/verificacion_fuentes_nuevas
S423,d40f394f0fdd51d0bad0e50f58066406aa898423313f02e37f0676690610f139,4,0,CONFORME,2026-09-26T22:04:26Z,/root/verificacion_fuentes_nuevas
S424,0da238ead003a0a38f8dd3459aa64bc411fbadad45a51ceb037be583c0125bc8,15,11,CONFORME,2026-09-26T22:04:26Z,/root/verificacion_fuentes_nuevas
S425,2d45a574a335a768c8a8523b44c69067a79bb8810d3ffbffade9dd662935dce5,2,1,CONFORME,2026-09-26T22:04:26Z,/root/verificacion_fuentes_nuevas
S426,a06186602e81992222db36f4a61b78db17fb858028102ecb31b743f576f3f4cd,1,0,CONFORME,2026-09-26T22:04:26Z,/root/verificacion_fuentes_nuevas
S427,92a88c9ff59b155a406a1c8d18925f637897ea622e17d4ae0213e1747a354b78,7,5,CONFORME,2026-09-26T22:04:26Z,/root/verificacion_fuentes_nuevas
S428,c548f7f3ed48a05fa6c669f737101956954ef518cc98bf1ac146ecef719a59b3,4,2,CONFORME,2026-09-26T22:04:26Z,/root/verificacion_fuentes_nuevas
S429,d917809cfb5f0dc8c96f260b35231dae8fe88b6cdcb3a7acadd5f043d618a081,2,1,CONFORME,2026-09-26T22:04:26Z,/root/verificacion_fuentes_nuevas
S430,88712c1543b25617fddee4f6bd2beb3fb906f4b0f745e3f05948a97b9a15e8b0,4,2,CONFORME,2026-09-26T22:04:26Z,/root/verificacion_fuentes_nuevas
S431,b40322f717d99b46079dc79ab2b0fe3954abb2bbe0f75b1676a7e8c9d5cb0538,3,1,CONFORME,2026-09-26T22:04:26Z,/root/verificacion_fuentes_nuevas
S432,c55c10b6be12734d9078d23476f0bfd4acc16587ea096718df465831c9b1d7a7,7,4,CONFORME,2026-09-26T22:04:26Z,/root/verificacion_fuentes_nuevas
S433,0dd4bbb03b42e26ddafd606ca48da94352d53c6ce2809591dc55618170e85173,9,5,CONFORME,2026-09-26T22:04:26Z,/root/verificacion_fuentes_nuevas
S434,653eb817f97ab784f7f307d8609a0938d2895e9008ffaf580cb764f4b6da26a8,7,4,CONFORME,2026-09-26T22:04:26Z,/root/verificacion_fuentes_nuevas
S435,5d066d3a58457e179a27f5a27b4c8331213e8e241d6730b9ea725dffca64df44,6,3,CONFORME,2026-09-26T22:04:26Z,/root/verificacion_fuentes_nuevas
S436,25d8cfba3a1b1427ecace60733ad0dbdb3fcd4ad13840f50863c2100b1c3261b,2,1,CONFORME,2026-09-26T22:04:26Z,/root/verificacion_fuentes_nuevas
S437,c5f76e53dbf0627d63f0ab6100a5f69c213ba0394005a831072f7c99bec71807,5,4,CONFORME,2026-09-26T22:04:26Z,/root/verificacion_fuentes_nuevas
S438,57da5cbd0842091962a7810600d3bf6f4bad3d9e528ca32ae5a5d3a360196cce,2,1,CONFORME,2026-09-26T22:04:26Z,/root/verificacion_fuentes_nuevas
S439,2e715246c5a2c386dff01fd02fc253145ba61e44f6cbcafaa9174a4d7886a19c,2,2,CONFORME,2026-09-26T22:04:26Z,/root/verificacion_fuentes_nuevas
S440,f793d3c4f17c8ff67b959e86186f831eec63635d16c306ab3d73e49efaf164d6,1,0,CONFORME,2026-09-26T22:04:26Z,/root/verificacion_fuentes_nuevas
S441,2bcd6c371405ed8bdb3db4ad5f070e6b6195930304aab84c74d0ac722445c866,8,2,CONFORME,2026-09-26T22:04:26Z,/root/verificacion_fuentes_nuevas
S442,a9ec808fa8e05da36e76012370c4bce5d80695f190e7d0f19650bb7bfe1667b6,1,1,CONFORME,2026-09-26T22:04:26Z,/root/verificacion_fuentes_nuevas
S443,04e03e6988b158de4185ad8ca6a557dfb2736859f8bee25aab862f887cd31705,3,0,CONFORME,2026-09-26T22:04:26Z,/root/verificacion_fuentes_nuevas
S445,ddc6f798635d1c1e7b271cfd9b2b88cdf9d0edf346e573a5d0f79a74413f0619,3,1,CONFORME,2026-09-26T22:04:26Z,/root/verificacion_fuentes_nuevas
S446,bcf5aded9d6838dc37a651e1442c02892cac40221f44be70e63d0aea301fb103,1,1,CONFORME,2026-09-26T22:04:26Z,/root/verificacion_fuentes_nuevas
S447,93ca1d53b23c5fd724618ca504917801e072777abdbc4e28f9cfae3bdbc75a63,6,3,CONFORME,2026-09-26T22:04:26Z,/root/verificacion_fuentes_nuevas
S448,9ef743973ec03132e170e3998f54914ce13df1a0bcc94b303e434c7f03e99dfc,6,4,CONFORME,2026-09-26T22:04:26Z,/root/verificacion_fuentes_nuevas
S449,ec64b848c5baca812981ff798dba3bf94e5cfceb546e5a4451e42ce61da99aa0,4,2,CONFORME,2026-09-26T22:04:26Z,/root/verificacion_fuentes_nuevas
S450,88bb9dc174d8aac4ccccb50dbece5c696ab24f05376e4176ed33cc7a9e6d66b2,5,3,CONFORME,2026-09-26T22:04:26Z,/root/verificacion_fuentes_nuevas
S451,336a51284cef02224c89fb0ab0db7262884f5fe539d33662eb7875203e77cf8b,4,2,CONFORME,2026-09-26T22:04:26Z,/root/verificacion_fuentes_nuevas
S452,152efdf6ca60e725fbfaacef176a6bf4cea7aae90b7ce3f11c8a106c9a189fd5,5,3,CONFORME,2026-09-26T22:04:26Z,/root/verificacion_fuentes_nuevas
S453,ea12fbae618d024bcc394922c23ae0d319eb84cd61af528381ab92e75e1fd18c,3,1,CONFORME,2026-09-26T22:04:26Z,/root/verificacion_fuentes_nuevas
S454,2d3ce2ea8483527750d2b116042da8534bb552f8d1acd4db1f9f6a228f65f993,3,1,CONFORME,2026-09-26T22:04:26Z,/root/verificacion_fuentes_nuevas
S455,6b8e3dfe234ccf2fa5fb556c62c507ba071938573206e39f991deb7cfe34ec43,4,3,CONFORME,2026-09-26T22:04:26Z,/root/verificacion_fuentes_nuevas
S456,1a7e04635e4894db27caad6607173337eab9ffb53973cd57eb8d3135ef907490,5,3,CONFORME,2026-09-26T22:04:26Z,/root/verificacion_fuentes_nuevas
S457,ad2c5ee946483175748bbd210bed93a5e358f75f476660c4de4333dcea8a6fd6,4,2,CONFORME,2026-09-26T22:04:26Z,/root/verificacion_fuentes_nuevas
S458,b28296b2151521a623912a96ed33b6d76028aa0990514fc541645aba08239c04,7,4,CONFORME,2026-09-26T22:04:26Z,/root/verificacion_fuentes_nuevas
S459,79ce11c2a880a9dcda7f678efee2fdd9e850cd6773a7d21cad3e6bd95777f0e2,6,4,CONFORME,2026-09-26T22:04:26Z,/root/verificacion_fuentes_nuevas
S460,533c67d6154fb5aee07121332f32feb207cf607d21f2c158640170c60d1cb49c,2,1,CONFORME,2026-09-26T22:04:26Z,/root/verificacion_fuentes_nuevas
S461,732d6a18a0ca26f62f44aa660b17fd9c76ceda472ca6d3cb29d969cd691d7014,2,2,CONFORME,2026-09-26T22:04:26Z,/root/verificacion_fuentes_nuevas
S462,9214ff2616f7787b9eed984c75bec087f6284cd76ee88e81e96307ec06509c68,2,1,CONFORME,2026-09-26T22:04:26Z,/root/verificacion_fuentes_nuevas
S463,f82cd6c2f10dd0cb49ef5bd91175409f57838eafd924eeaff7d3486587320729,1,1,CONFORME,2026-09-26T22:04:26Z,/root/verificacion_fuentes_nuevas
S464,f145a16f09998fc984cb0b12132326be3d1eafb42964f1857a8169cd8e42a586,2,2,CONFORME,2026-09-26T22:04:26Z,/root/verificacion_fuentes_nuevas
S465,00d9aeed6d21944641fff624ae64970e06631e3ed8271f7539adc6a05298ffba,2,2,CONFORME,2026-09-26T22:04:26Z,/root/verificacion_fuentes_nuevas
S466,7279bee4e8213fb0ef3f46087b06f3af380de9cc68da793d85d2f4c84fae3512,1,1,CONFORME,2026-09-26T22:04:26Z,/root/verificacion_fuentes_nuevas
S467,1e370a0194ce23263dafe4c2acf581579627f54fb4569e6a449de7fd350ea00a,1,1,CONFORME,2026-09-26T22:04:26Z,/root/verificacion_fuentes_nuevas
S468,f5260c807298b9416f98e4af3ccca223c2f69f87b5ec4925df605341a88a95bc,3,2,CONFORME,2026-09-26T22:04:26Z,/root/verificacion_fuentes_nuevas
S469,1258a2c012f93ca9b8ca6cdaf004ec00b813058400a8f0fe17379029d0d8a3fa,2,0,CONFORME,2026-09-26T22:04:26Z,/root/verificacion_fuentes_nuevas
S470,f2481c1ca353999c0a91ad8c3581beaaf3f0117c04fa3513dfa3533f0e813ee7,2,1,CONFORME,2026-09-26T22:04:26Z,/root/verificacion_fuentes_nuevas
S471,b04875d0fcb5f938cbe7056976d67ad3d8679c89b4c70c8818062016dc72daf7,3,2,CONFORME,2026-09-26T22:04:26Z,/root/verificacion_fuentes_nuevas
S472,fa756f88c4aeca24971b411327f1b0259e8f7bc0e42b1cc155e86dfa4a1bfc5b,3,3,CONFORME,2026-09-26T22:04:26Z,/root/verificacion_fuentes_nuevas
S473,42f4d863f20389ab758a388f1e143916aa16e61f3e8cb40eaa1a016e6f48b304,1,1,CONFORME,2026-09-26T22:04:26Z,/root/verificacion_fuentes_nuevas
S474,8521687bee04e50193969e8c51aa762db589938f0e98d9bec472444036d6c798,3,3,CONFORME,2026-09-26T22:04:26Z,/root/verificacion_fuentes_nuevas
S475,f2c0b16b144a571c34067eea46870028e483145df58ba0626308be2b0ebb8567,5,3,CONFORME,2026-09-26T22:04:26Z,/root/verificacion_fuentes_nuevas
S476,76b6809c8b89378629696296ff2dc22b4a1b6a977896e854f79fdf5250b9962c,6,6,CONFORME,2026-09-26T22:04:26Z,/root/verificacion_fuentes_nuevas
S477,22e8bc633c97ddcc79c2572bc958f5e115ccc4b2f0525b3cba32103e8a742015,2,2,CONFORME,2026-09-26T22:04:26Z,/root/verificacion_fuentes_nuevas
S478,347c48faafd66f73406cfa038e014972e6df2092cc69ce4345d5954a2dbab482,1,1,CONFORME,2026-09-26T22:04:26Z,/root/verificacion_fuentes_nuevas
S479,e9a1d451e930388b861c8663090bdad41355b3de878e81253299b0df0d8508bb,3,3,CONFORME,2026-09-26T22:04:26Z,/root/verificacion_fuentes_nuevas
S480,02e6b268c175a004633e34df8af42b21eeebaa31f97c16f13ddefe95822cea87,1,1,CONFORME,2026-09-26T22:04:26Z,/root/verificacion_fuentes_nuevas
S481,7aa60cabbe70833f6dc6670d50a9016e58c1eae5a7cbf3e07992471e92661000,1,1,CONFORME,2026-09-26T22:04:26Z,/root/verificacion_fuentes_nuevas
S482,8fd24e8e254da1a56dfbc652693645089ec136cc5f79ab7a2b70135a82b5d218,2,1,CONFORME,2026-09-26T22:04:26Z,/root/verificacion_fuentes_nuevas
S483,5c08f9e10269616a5ef6ab6f29cc65fe6eb355519f5ea10a74764338d620ec98,1,1,CONFORME,2026-09-26T22:04:26Z,/root/verificacion_fuentes_nuevas
S484,bd7cf97dc23554ff0361befd399430a6c13d6e10b3ad11a7350961e573523348,1,0,CONFORME,2026-09-26T22:04:26Z,/root/verificacion_fuentes_nuevas
S485,296152dca9588f0308fb1b3e8c41f06e5e70f661498d4fa39aac302e2f80bb89,1,0,CONFORME,2026-09-26T22:04:26Z,/root/verificacion_fuentes_nuevas
S530,89cab3efc4d3a380f5295e54bebe8e4b591ed93f2eec2717a8b3ee09a3543a39,2,1,CONFORME,2026-09-26T22:04:26Z,/root/verificacion_fuentes_nuevas
S531,3772a16fbe8917fcac887513a1789c59e3d47b5545fa9564a10a133993205e25,2,1,CONFORME,2026-09-26T22:04:26Z,/root/verificacion_fuentes_nuevas
S532,34971b46bdb2e6b30fce0e675a7ac5a3561029496e91bb0f894f5f9bb690f30e,2,1,CONFORME,2026-09-26T22:04:26Z,/root/verificacion_fuentes_nuevas
S533,688307b493bcda5a5c1de0b315efd4ba90f309f9371e5c6e9e477aedda5823a5,2,1,CONFORME,2026-09-26T22:04:26Z,/root/verificacion_fuentes_nuevas
S534,4b82a993ac76c9624504349e327d1235d88e7479e80cdd26c881b2c1df65a7dc,2,1,CONFORME,2026-09-26T22:04:26Z,/root/verificacion_fuentes_nuevas
S535,8368ba46b45b56c34b7dea20ea17020392f97136186926c1efb7c17e4de7e099,2,1,CONFORME,2026-09-26T22:04:26Z,/root/verificacion_fuentes_nuevas
S536,276e166918ec2ce61f847321a7749c471b62ff50640eb0fd1565aba177e42347,3,2,CONFORME,2026-09-26T22:04:26Z,/root/verificacion_fuentes_nuevas
S537,bf8095f3c8ca1e4383a9dd2e9bd6a936571ee7c6cd821f090a956718f07c5a1f,4,0,CONFORME,2026-09-26T22:04:26Z,/root/verificacion_fuentes_nuevas
S538,e33a24e7a595256ebbfad332ca013903f8e69f05e4549abfc1b8d7f8d8360638,2,1,CONFORME,2026-09-26T22:04:26Z,/root/verificacion_fuentes_nuevas
S539,1eb944fc56fd9ad2020c5fb062120fd445084522f6ff8b58432f5b3559ce91e8,2,1,CONFORME,2026-09-26T22:04:26Z,/root/verificacion_fuentes_nuevas
S540,9ff68a8cc4f00af4f951c9017e9647a26c17f96c21399753da4e6a40c7067b18,1,1,CONFORME,2026-09-26T22:04:26Z,/root/verificacion_fuentes_nuevas
S541,23739f3979fb77bc695175f173f3962c74db8f746161fc2e4e26fe48b8c8dde9,1,0,CONFORME,2026-09-26T22:04:26Z,/root/verificacion_fuentes_nuevas
S542,66c21a7011ddbf7395a19b8096ba8405b265db57eff792712cf7e6c2ea76e1a5,2,0,CONFORME,2026-09-26T22:04:26Z,/root/verificacion_fuentes_nuevas
S543,a0b144d3ef823c06675d58c14a553a8b73d2af39f419c53ddad39378e72671e5,2,0,CONFORME,2026-09-26T22:04:26Z,/root/verificacion_fuentes_nuevas
S544,e0da6291d1870cb4402e8f12df11b40f57da398057ee41f9e5a536792ccbb90e,0,0,CONFORME,2026-09-26T22:04:26Z,/root/verificacion_fuentes_nuevas
S545,f46f3a6447e8d2c79d6a21464799fed0a3eebae75f513bb99c300a3e98560ab3,0,0,CONFORME,2026-09-26T22:04:26Z,/root/verificacion_fuentes_nuevas
S546,7b6c4a0cd4c5fcebcd59cbf04aa165d70f40d6fd3655deabcede68f1b131a472,0,0,CONFORME,2026-09-26T22:04:26Z,/root/verificacion_fuentes_nuevas
S486,a780daffdaf755d9727987a5f9e79984b0e63ceb1d23e4233b2b0744aac9791a,6,2,CONFORME,2026-09-26T22:04:26Z,/root/verificacion_fuentes_nuevas
S500,a5f1a15ae7129a4117ff81df6a7d51a5fa68e2df297fe1b2169004f7055d297a,1,1,CONFORME,2026-09-26T22:04:26Z,/root/verificacion_fuentes_nuevas
S501,0d6a5de87295bebca90cc9767742510af8644efcaa890355b0ad359d0c49b81a,1,1,CONFORME,2026-09-26T22:04:26Z,/root/verificacion_fuentes_nuevas
S502,81cf99a84aa713e6363993bc09ffc885ce4c4b6ac3b5cafc4ca07a030beffa32,1,1,CONFORME,2026-09-26T22:04:26Z,/root/verificacion_fuentes_nuevas
S503,e79563b10fe6dcfab8d6ddef7abc4432b2fd2f2da1814f996b364ea5bdd3c4ac,1,1,CONFORME,2026-09-26T22:04:26Z,/root/verificacion_fuentes_nuevas
S504,35e8e26470cc7b16727fe1f1005e93e213fd2db5fecc35a0fe358f50d5b16a2a,1,1,CONFORME,2026-09-26T22:04:26Z,/root/verificacion_fuentes_nuevas
S505,6b7462ddd97871fab00a852ccab5f0dda07695aa15fae890449d3286c56aac26,1,1,CONFORME,2026-09-26T22:04:26Z,/root/verificacion_fuentes_nuevas
S506,3ec770ba7f07e272df4a9e067f6f26b54f0fe7304eae20fd7bedbc098f36ca73,1,1,CONFORME,2026-09-26T22:04:26Z,/root/verificacion_fuentes_nuevas
S507,9398b0ab6555f89c22c3184a22b872569f6fd0de1bdbfdf2ca8f2abadcd874ee,1,1,CONFORME,2026-09-26T22:04:26Z,/root/verificacion_fuentes_nuevas
S508,5206589880f9145dca04a3985d74aa8cbfe8825b0c166560132f8c09835181d3,0,0,CONFORME,2026-09-26T22:04:26Z,/root/verificacion_fuentes_nuevas
S509,b68311e0f16bccc25226b836b767c1db34a4f1431a06eaa576ede8713f86aa0b,2,1,CONFORME,2026-09-26T22:04:26Z,/root/verificacion_fuentes_nuevas
S510,25c89928c4300ad23dbbf2a798a5c1b303d21259c6571037cad4725e1a1f9016,0,0,CONFORME,2026-09-26T22:04:26Z,/root/verificacion_fuentes_nuevas
S511,a2087b98fff71136e13400260e5fdb309f6e3cd53fadc62d256ff4fddb4c2c99,1,1,CONFORME,2026-09-26T22:04:26Z,/root/verificacion_fuentes_nuevas
S512,9c33e35b2e4a26b7e270f97a65c3044b6423af87fe6d9e216a13a96205154c80,2,2,CONFORME,2026-09-26T22:04:26Z,/root/verificacion_fuentes_nuevas
S513,47870bc652f55c3f27f8a48c57ce258fc188003c93054074934497969b7d4a43,3,1,CONFORME,2026-09-26T22:04:26Z,/root/verificacion_fuentes_nuevas
S514,156cad10428c483942b7d16ca8eb32a588271893fb57a2b6ebc80e54dbfdbfa6,0,0,CONFORME,2026-09-26T22:04:26Z,/root/verificacion_fuentes_nuevas
S515,e4fa9d2b90ee8261f305ad769cf9ced49b0b02e4da8e42881b21d4c7f4e7b0f5,1,1,CONFORME,2026-09-26T22:04:26Z,/root/verificacion_fuentes_nuevas
S516,dcfa9803612d8d6218fc78577131ace433e895109ba2218901fe0c867365c4bf,0,0,CONFORME,2026-09-26T22:04:26Z,/root/verificacion_fuentes_nuevas
S517,202ac46b671ec80336edeef2c03869aa5fefd9027a663bcfb6ac27a698615d8c,1,0,CONFORME,2026-09-26T22:04:26Z,/root/verificacion_fuentes_nuevas
S519,6d3b2704df224eb79e372e86f4dbc9b7a9a814a3258c9ed4dc0e83e5cb328104,1,1,CONFORME,2026-09-26T22:04:26Z,/root/verificacion_fuentes_nuevas
S520,ef04db7cb6bb2beff55a2076d0f30d9c4ee8ce1bfc604cb20375c1da6fb4cc5a,0,0,CONFORME,2026-09-26T22:04:26Z,/root/verificacion_fuentes_nuevas
S521,d3019a4730a021394dd7bab6422bf623509e32cacb4626d32ac738e7db4fd9b4,0,0,CONFORME,2026-09-26T22:04:26Z,/root/verificacion_fuentes_nuevas
S487,6d746a1d405e52d60af8a6f5db822045140b08f530bb7c49505528fe2ebac70b,1,0,CONFORME,2026-09-26T22:04:26Z,/root/verificacion_fuentes_nuevas
S547,4267c6595a0d9c7a4d13c0976831723dd473793104a70a9abf82297fc3a3a4c5,4,4,CONFORME,2026-09-26T22:04:26Z,/root/verificacion_fuentes_nuevas
S548,b4db4ea631307da759462a90122fe36b89be95429c9e6de8da0c360965e29028,8,8,CONFORME,2026-09-26T22:04:26Z,/root/verificacion_fuentes_nuevas
S549,d6f470379c27c8121267cfe38a1a53765da7bebf7576cf6614f10cbbbdae6c49,1,1,CONFORME,2026-09-26T22:04:26Z,/root/verificacion_fuentes_nuevas
S550,8afde80993e259908c7a547364db679bd007ddeafabcd96165f09ba7f950a24a,5,5,CONFORME,2026-09-26T22:04:26Z,/root/verificacion_fuentes_nuevas
S551,783ed8754ebe996b5bcf04c09da3fb6ae76df48b7c8eed202aa060be19306e5e,1,0,CONFORME,2026-09-26T22:04:26Z,/root/verificacion_fuentes_nuevas
S552,e85ea4bcb0912cd9461ea04222a76415a915a15e15c1a0a0cc1b123d021b9c6c,2,2,CONFORME,2026-09-26T22:04:26Z,/root/verificacion_fuentes_nuevas
S553,eb72af43d54c1f613c7dc18ef6b23e9596aa94ebeb0d7b8f48cb44ff5bacd70d,1,1,CONFORME,2026-09-26T22:04:26Z,/root/verificacion_fuentes_nuevas
S554,097d720ebf5cfddb72c3fe7fe2d8bd86bba5155ad382ec8efdd1189b5532d86e,1,1,CONFORME,2026-09-26T22:04:26Z,/root/verificacion_fuentes_nuevas
S555,e5b531df93869280dc2405827b7ef7a1463b2fb5b5dd2c8ce97a4a3f4a591639,1,1,CONFORME,2026-09-26T22:04:26Z,/root/verificacion_fuentes_nuevas
S556,3f44996e7312012df7cbd65389a0301e05367e70798a621ad35872ca33e87e63,1,1,CONFORME,2026-09-26T22:04:26Z,/root/verificacion_fuentes_nuevas
S557,d73bbfa9253b516bdc9907357116b88563d27508be8252c68fa656d6192e12ad,1,1,CONFORME,2026-09-26T22:04:26Z,/root/verificacion_fuentes_nuevas
S558,df902409ad937cd1295abfaf5c0a53cce44e0cd71e58b46cd12325a24a494053,1,1,CONFORME,2026-09-26T22:04:26Z,/root/verificacion_fuentes_nuevas
S559,0bc2235c257aead943d9a7ea02a5c38348ca600f383d105b15d10ecf5bedfe5a,1,1,CONFORME,2026-09-26T22:04:26Z,/root/verificacion_fuentes_nuevas
