clave_fuente,huella_fila_A_sha256,fecha_verificacion_utc,revisor,alcance,autores_observados,anio_publicacion_observado,titulo_observado,publicacion_observada,doi_url_observado,tipo_documental_observado,evidencia_local,huella_evidencia_sha256,localizador_evidencia,urls_consultadas_o_procedencia_local,comprobaciones,limitaciones,dictamen
S547,36ca9f59b132164882cc6ebf50a5da0553b6e5f53326aa74019831b4d2180285,2026-09-26T21:27:59Z,agente independiente /root/verificacion_fuentes_nuevas,IDENTIDAD_BIBLIOGRAFICA_Y_TIPO_DOCUMENTADO,Maxwell A. Lechte; Leigh Anne Riedman; Susannah M. Porter; Galen P. Halverson; Margaret Whelan,2026,Early fossil eukaryotes were benthic aerobes,Nature 655:670-675,https://doi.org/10.1038/s41586-026-10533-4,Article en el editor; resumen describe investigación empírica original.,docs/auditorias/evidencia_identidad_fuentes_nuevas_2026-09-26.json,4e50ba6b291c7e6554e053549432403a761c21396adf602da5cf8a448c14d3da,"fuentes[clave_fuente=S547]; metadatos_observados, consulta_Crossref y artefactos_inspeccionados",https://api.crossref.org/works/10.1038%2Fs41586-026-10533-4 | https://www.nature.com/articles/s41586-026-10533-4,"Título, cinco autores en orden, año 2026, Nature 655:670–675 y DOI coinciden entre A, registro Crossref y cabecera editorial.",La cabecera y el resumen del editor fueron accesibles; no se inspeccionó el texto completo de pago. No acredita soporte científico ni revisión editorial exhaustiva; no verifica ni modifica la consulta original de A.,CONFORME
S548,d84a75032699d0a2af2a7cb4239e171619ee21d1261eae1f93dbd3042544e329,2026-09-26T21:27:59Z,agente independiente /root/verificacion_fuentes_nuevas,IDENTIDAD_BIBLIOGRAFICA_Y_TIPO_DOCUMENTADO,Miguel M. Sandin; Phoebe A. Cohen; Hélène Morlon; Fabien Burki,2026,Environmental phylogenetics supports a steady diversification of crown eukaryotes starting from the mid-Proterozoic,Proceedings of the National Academy of Sciences 123:e2600283123,https://doi.org/10.1073/pnas.2600283123,research-article en JATS de PNAS 2026.,docs/auditorias/evidencia_identidad_fuentes_nuevas_2026-09-26.json,4e50ba6b291c7e6554e053549432403a761c21396adf602da5cf8a448c14d3da,"fuentes[clave_fuente=S548]; metadatos_observados, consulta_Crossref y artefactos_inspeccionados",https://api.crossref.org/works/10.1073%2Fpnas.2600283123 | https://www.ebi.ac.uk/europepmc/webservices/rest/PMC13389600/fullTextXML | https://pubmed.ncbi.nlm.nih.gov/42461763/,"Título, cuatro autores, año 2026, PNAS 123:e2600283123 y DOI coinciden en A, Crossref y JATS publicado. JATS declara is-manuscript=no e is-preprint=no.","El PDF ya existente en fuentes/ es bioRxiv 10.64898/2025.12.12.693929, versión 14-12-2025, y no es la versión PNAS. La concordancia bibliográfica no acredita identidad de datos, intervalos ni resultados entre versiones; ese cotejo queda separado. No acredita soporte científico ni revisión editorial exhaustiva; no verifica ni modifica la consulta original de A.",CONFORME
S549,097ed000f73c2b1da41fd1d90ddfcfeb5dd625525d89c3b5a5c811e94d54f540,2026-09-26T21:27:59Z,agente independiente /root/verificacion_fuentes_nuevas,IDENTIDAD_BIBLIOGRAFICA_Y_TIPO_DOCUMENTADO,Tasawar Iqbal; Catherine Penington; Christian Thomas; Lyndon Koens,2026,Hydrodynamics constrain choanoflagellate collar geometry,Physical Review Fluids 11:063102,https://doi.org/10.1103/vzxt-rpf8,Artículo de Physical Review Fluids; resumen editorial describe un modelo original.,docs/auditorias/evidencia_identidad_fuentes_nuevas_2026-09-26.json,4e50ba6b291c7e6554e053549432403a761c21396adf602da5cf8a448c14d3da,"fuentes[clave_fuente=S549]; metadatos_observados, consulta_Crossref y artefactos_inspeccionados",https://api.crossref.org/works/10.1103%2Fvzxt-rpf8 | https://journals.aps.org/prfluids/abstract/10.1103/vzxt-rpf8,"Título, cuatro autores en orden, año 2026, volumen 11, artículo 063102 y DOI coinciden en A, Crossref y cabecera APS.",El PDF local es arXiv:2605.25337v1 de 25-05-2026. La publicación APS es de 18-06-2026. No se afirma equivalencia completa entre ambas versiones. No acredita soporte científico ni revisión editorial exhaustiva; no verifica ni modifica la consulta original de A.,CONFORME
S550,b0d0a739d8de062c19cb562be38065435b7ac24ca01eb7be18f56f7494f56aca,2026-09-26T21:27:59Z,agente independiente /root/verificacion_fuentes_nuevas,IDENTIDAD_BIBLIOGRAFICA_Y_TIPO_DOCUMENTADO,Kira P. Schultheiss; Hiroshi Suga; Iñaki Ruiz-Trillo; W. Todd Miller,2012,Lack of Csk-Mediated Negative Regulation in a Unicellular Src Kinase,Biochemistry 51:8267-8277,https://doi.org/10.1021/bi300965h,journal-article en Crossref; manuscrito local describe ensayos originales.,docs/auditorias/evidencia_identidad_fuentes_nuevas_2026-09-26.json,4e50ba6b291c7e6554e053549432403a761c21396adf602da5cf8a448c14d3da,"fuentes[clave_fuente=S550]; metadatos_observados, consulta_Crossref y artefactos_inspeccionados",https://api.crossref.org/works/10.1021%2Fbi300965h | https://pubs.acs.org/doi/10.1021/bi300965h,"Título, cuatro autores en orden, año 2012, Biochemistry 51:8267–8277 y DOI concordantes. Capitalización del título no cambia la identidad.",El PDF local es un manuscrito de autor; el endpoint editorial directo devolvió 403. No se atribuye al PDF local la paginación tipográfica de la versión publicada. No acredita soporte científico ni revisión editorial exhaustiva; no verifica ni modifica la consulta original de A.,CONFORME
S551,07e661ea5630cc6055742b38df5f79f606a8e3c0eced4cedc64103df9a72c9a1,2026-09-26T21:27:59Z,agente independiente /root/verificacion_fuentes_nuevas,IDENTIDAD_BIBLIOGRAFICA_Y_TIPO_DOCUMENTADO,"Uschmann, Georg",1964,"Goldfuß, Georg August","Neue Deutsche Biographie 6 (1964), S. 605 [Online-Version]",https://www.deutsche-biographie.de/gnd100151310.html#ndbcontent,NDB-Artikel; entrada biográfica firmada.,docs/auditorias/evidencia_identidad_fuentes_nuevas_2026-09-26.json,4e50ba6b291c7e6554e053549432403a761c21396adf602da5cf8a448c14d3da,fuentes[clave_fuente=S551]; metadatos_observados.NDB y artefactos_inspeccionados,https://www.deutsche-biographie.de/gnd100151310.html#ndbcontent,"Título y URL identifican la entrada correcta, pero Autor/in y Zitierweise identifican a Georg Uschmann y Neue Deutsche Biographie 6 (1964), p. 605. A registra Neue Deutsche Biographie como autor y 2026, consulta como año.","La fecha de consulta histórica 2026-08-08 no se verificó ni se modifica. La página también contiene una entrada ADB distinta, Victor Carus (1879), que no debe mezclarse con NDB. No acredita soporte científico ni revisión editorial exhaustiva; no verifica ni modifica la consulta original de A.",NO_CONFORME
S552,0790d59e5dc70057fdc065956adbbfbebf96064c34d07f296b96db77a24f3295,2026-09-26T21:27:59Z,agente independiente /root/verificacion_fuentes_nuevas,IDENTIDAD_BIBLIOGRAFICA_Y_TIPO_DOCUMENTADO,Mahwash Jamy; Charlie Biwer; Daniel Vaulot; Aleix Obiol; Hongmei Jing; Sari Peura; Ramon Massana; Fabien Burki,2022,Global patterns and rates of habitat transitions across the eukaryotic tree of life,Nature Ecology & Evolution 6:1458-1470,https://doi.org/10.1038/s41559-022-01838-4,research-article en JATS local.,docs/auditorias/evidencia_identidad_fuentes_nuevas_2026-09-26.json,4e50ba6b291c7e6554e053549432403a761c21396adf602da5cf8a448c14d3da,"fuentes[clave_fuente=S552]; metadatos_observados, consulta_Crossref y artefactos_inspeccionados",https://api.crossref.org/works/10.1038%2Fs41559-022-01838-4 | https://www.ebi.ac.uk/europepmc/webservices/rest/PMC9525238/fullTextXML,"Título, primer autor Mahwash Jamy y coautoría, año 2022, Nature Ecology & Evolution 6:1458–1470 y DOI coinciden. La abreviatura Jamy, M. et al. de A es compatible con la lista nominal.",El JATS fue inspeccionado localmente; no se atribuye a esta inspección una nueva descarga del endpoint mencionado como procedencia. No acredita soporte científico ni revisión editorial exhaustiva; no verifica ni modifica la consulta original de A.,CONFORME
S553,64ccd2be0240f22363055251f8b7a9d30cf53d80902edb05a53571f189068d35,2026-09-26T21:27:59Z,agente independiente /root/verificacion_fuentes_nuevas,IDENTIDAD_BIBLIOGRAFICA_Y_TIPO_DOCUMENTADO,Y Kikuchi; Y Suzuki; N Tamiya,1983,The source of oxygen in the reaction catalysed by collagen lysyl hydroxylase,Biochemical Journal 213:507-512,https://doi.org/10.1042/bj2130507,journal-article en Crossref; PDF tipográfico contiene Materials and methods y ensayo original.,docs/auditorias/evidencia_identidad_fuentes_nuevas_2026-09-26.json,4e50ba6b291c7e6554e053549432403a761c21396adf602da5cf8a448c14d3da,"fuentes[clave_fuente=S553]; metadatos_observados, consulta_Crossref y artefactos_inspeccionados",https://api.crossref.org/works/10.1042%2Fbj2130507 | https://portlandpress.com/biochemj/article/213/2/507/14903/The-source-of-oxygen-in-the-reaction-catalysed-by,"Título, Yasuo Kikuchi, Yoshihiro Suzuki y Nobuo Tamiya, año 1983, Biochemical Journal 213:507–512 coinciden en PDF y A; DOI confirmado en registro Crossref.",El DOI no aparece en la cabecera del PDF histórico; se enlaza por identidad bibliográfica completa con Crossref. La consulta al editor no produjo una página utilizable. No acredita soporte científico ni revisión editorial exhaustiva; no verifica ni modifica la consulta original de A.,CONFORME
S554,f31c4b56bdd9a2cf341eff0d7c6559b73585ac77fec316536cb086ba0fe89577,2026-09-26T21:27:59Z,agente independiente /root/verificacion_fuentes_nuevas,IDENTIDAD_BIBLIOGRAFICA_Y_TIPO_DOCUMENTADO,Eric J. Bellefroid; Ashleigh v. S. Hood; Paul F. Hoffman; Matthew D. Thomas; Christopher T. Reinhard; Noah J. Planavsky,2018,Constraints on Paleoproterozoic atmospheric oxygen levels,Proceedings of the National Academy of Sciences 115:8104-8109,https://doi.org/10.1073/pnas.1806216115,Artículo PNAS; la página del artículo describe investigación original y contribuciones empíricas.,docs/auditorias/evidencia_identidad_fuentes_nuevas_2026-09-26.json,4e50ba6b291c7e6554e053549432403a761c21396adf602da5cf8a448c14d3da,"fuentes[clave_fuente=S554]; metadatos_observados, consulta_Crossref y artefactos_inspeccionados",https://api.crossref.org/works/10.1073%2Fpnas.1806216115 | https://pmc.ncbi.nlm.nih.gov/articles/PMC6094116/,"Título, seis autores en orden, año 2018, PNAS 115:8104–8109 y DOI coinciden entre A, Crossref y cabecera del artículo en PMC.",Se inspeccionó la página PMC; la descarga JATS alternativa de Europe PMC devolvió HTTP 500. No hay archivo nuevo de S554 en fuentes/. No acredita soporte científico ni revisión editorial exhaustiva; no verifica ni modifica la consulta original de A.,CONFORME
S555,7a886ec11363ba2df8a3c6e62b489f3245776b4dfc79b1310e0077b1719edf93,2026-09-26T21:27:59Z,agente independiente /root/verificacion_fuentes_nuevas,IDENTIDAD_BIBLIOGRAFICA_Y_TIPO_DOCUMENTADO,Alexander J. Krause; Benjamin J. W. Mills; Andrew S. Merdith; Timothy M. Lenton; Simon W. Poulton,2022,Extreme variability in atmospheric oxygen levels in the late Precambrian,Science Advances 8:eabm8191,https://doi.org/10.1126/sciadv.abm8191,research-article en JATS local.,docs/auditorias/evidencia_identidad_fuentes_nuevas_2026-09-26.json,4e50ba6b291c7e6554e053549432403a761c21396adf602da5cf8a448c14d3da,"fuentes[clave_fuente=S555]; metadatos_observados, consulta_Crossref y artefactos_inspeccionados",https://api.crossref.org/works/10.1126%2Fsciadv.abm8191 | https://www.ebi.ac.uk/europepmc/webservices/rest/PMC9565794/fullTextXML,"Título, cinco autores en orden, año 2022, Science Advances 8:eabm8191 y DOI coinciden entre A, JATS y registro Crossref.","El JATS fue inspeccionado localmente; la URL identifica su procedencia, no una nueva descarga en esta ejecución. No acredita soporte científico ni revisión editorial exhaustiva; no verifica ni modifica la consulta original de A.",CONFORME
S556,fb9789d639edc86a71e4a3b7156687810b0ba67ccbc0908b60a61b6184738650,2026-09-26T21:27:59Z,agente independiente /root/verificacion_fuentes_nuevas,IDENTIDAD_BIBLIOGRAFICA_Y_TIPO_DOCUMENTADO,Richard G. Stockey; Devon B. Cole; Una C. Farrell; Heda Agić; Thomas H. Boag; Jochen J. Brocks; Don E. Canfield; Meng Cheng; Peter W. Crockford; Huan Cui; Tais W. Dahl; Lucas Del Mouro; Keith Dewing; Stephen Q. Dornbos; Joseph F. Emmings; Robert R. Gaines; Timothy M. Gibson; Benjamin C. Gill; Geoffrey J. Gilleaudeau; Karin Goldberg; Romain Guilbaud; Galen Halverson; Emma U. Hammarlund; Kalev Hantsoo; Miles A. Henderson; Charles M. Henderson; Malcolm S. W. Hodgskiss; Amber J. M. Jarrett; David T. Johnston; Pavel Kabanov; Julien Kimmig; Andrew H. Knoll; Marcus Kunzmann; Matthew A. LeRoy; Chao Li; David K. Loydell; Francis A. Macdonald; Joseph M. Magnall; N. Tanner Mills; Lawrence M. Och; Brennan O’Connell; Anais Pagès; Shanan E. Peters; Susannah M. Porter; Simon W. Poulton; Samantha R. Ritzer; Alan D. Rooney; Shane Schoepfer; Emily F. Smith; Justin V. Strauss; Gabriel Jubé Uhlein; Tristan White; Rachel A. Wood; Christina R. Woltz; Inessa Yurchenko; Noah J. Planavsky; Erik A. Sperling,2024,Sustained increases in atmospheric oxygen and marine productivity in the Neoproterozoic and Palaeozoic eras,Nature Geoscience 17:667-674,https://doi.org/10.1038/s41561-024-01479-1,Article impreso en la versión publicada; presenta investigación original.,docs/auditorias/evidencia_identidad_fuentes_nuevas_2026-09-26.json,4e50ba6b291c7e6554e053549432403a761c21396adf602da5cf8a448c14d3da,"fuentes[clave_fuente=S556]; metadatos_observados, consulta_Crossref y artefactos_inspeccionados",https://api.crossref.org/works/10.1038%2Fs41561-024-01479-1 | https://www.nature.com/articles/s41561-024-01479-1,"Título, Richard G. Stockey y lista de coautores, año 2024, Nature Geoscience 17:667–674 y DOI coinciden en A, PDF publicado y Crossref. Autores al final del artículo, página 674.","Se comprobó la abreviatura Stockey, R. G. et al. contra la lista, sin ampliar A ni evaluar la contribución científica de cada autor. No acredita soporte científico ni revisión editorial exhaustiva; no verifica ni modifica la consulta original de A.",CONFORME
S557,56b3527b5b21d0c0df4445539e3d7998421833223e1a7d1666d560af31b344a0,2026-09-26T21:27:59Z,agente independiente /root/verificacion_fuentes_nuevas,IDENTIDAD_BIBLIOGRAFICA_Y_TIPO_DOCUMENTADO,Dongjie Tang; Xiaoying Shi; Xinqiang Wang; Ganqing Jiang,2016,Extremely low oxygen concentration in mid-Proterozoic shallow seawaters,Precambrian Research 276:145-157,https://doi.org/10.1016/j.precamres.2016.02.005,Artículo de investigación; PDF editorial depositado por un coautor en UNLV.,docs/auditorias/evidencia_identidad_fuentes_nuevas_2026-09-26.json,4e50ba6b291c7e6554e053549432403a761c21396adf602da5cf8a448c14d3da,"fuentes[clave_fuente=S557]; metadatos_observados, consulta_Crossref y artefactos_inspeccionados",https://api.crossref.org/works/10.1016%2Fj.precamres.2016.02.005 | https://ganqing.faculty.unlv.edu/Publications/Tang-Shi-Jiang-2016-Precambrian-Research-Mesoproterozoic-REE.pdf,"Título singular concentration, cuatro autores en orden, año 2016, Precambrian Research 276:145–157 y DOI coinciden en A, primera página del PDF y Crossref.",PDF descargado solo a /tmp; no se añadió a fuentes/ durante la observación BN. No se cotejó aquí soporte de cifras del corpus. No acredita soporte científico ni revisión editorial exhaustiva; no verifica ni modifica la consulta original de A.,CONFORME
S558,bccc2d0aad5071c2321d3efe605db49088d852813af2cfbd966f825124789a97,2026-09-26T21:27:59Z,agente independiente /root/verificacion_fuentes_nuevas,IDENTIDAD_BIBLIOGRAFICA_Y_TIPO_DOCUMENTADO,Dalton S. Hardisty; Zunli Lu; Noah J. Planavsky; Andrey Bekker; Pascal Philippot; Xiaoli Zhou; Timothy W. Lyons,2014,An iodine record of Paleoproterozoic surface ocean oxygenation,Geology 42:619-622,https://doi.org/10.1130/g35439.1,Article según ficha institucional; Crossref journal-article.,docs/auditorias/evidencia_identidad_fuentes_nuevas_2026-09-26.json,4e50ba6b291c7e6554e053549432403a761c21396adf602da5cf8a448c14d3da,"fuentes[clave_fuente=S558]; metadatos_observados, consulta_Crossref y artefactos_inspeccionados",https://api.crossref.org/works/10.1130%2Fg35439.1 | https://pure.uj.ac.za/en/publications/an-iodine-record-of-paleoproterozoic-surface-ocean-oxygenation/,"Título, siete autores en orden, año 2014, Geology 42:619–622 y DOI coinciden entre A, registro Crossref y ficha institucional de un coautor. DOI se compara sin sensibilidad a mayúsculas.","No se obtuvo texto completo ni cabecera editorial directa; la ficha institucional y Crossref verifican identidad, no por sí solos apoyo científico ni clasificación más fina que Article. No acredita soporte científico ni revisión editorial exhaustiva; no verifica ni modifica la consulta original de A.",CONFORME
S559,ed319894dca58f3d3ec9ab3e1e7e045ec5bdd21f191f8a66cc9cc741a6ac4e94,2026-09-26T21:27:59Z,agente independiente /root/verificacion_fuentes_nuevas,IDENTIDAD_BIBLIOGRAFICA_Y_TIPO_DOCUMENTADO,The Genome Standards Consortium; Robert M Bowers; Nikos C Kyrpides; Ramunas Stepanauskas; Miranda Harmon-Smith; Devin Doud; T B K Reddy; Frederik Schulz; Jessica Jarett; Adam R Rivers; Emiley A Eloe-Fadrosh; Susannah G Tringe; Natalia N Ivanova; Alex Copeland; Alicia Clum; Eric D Becraft; Rex R Malmstrom; Bruce Birren; Mircea Podar; Peer Bork; George M Weinstock; George M Garrity; Jeremy A Dodsworth; Shibu Yooseph; Granger Sutton; Frank O Glöckner; Jack A Gilbert; William C Nelson; Steven J Hallam; Sean P Jungbluth; Thijs J G Ettema; Scott Tighe; Konstantinos T Konstantinidis; Wen-Tso Liu; Brett J Baker; Thomas Rattei; Jonathan A Eisen; Brian Hedlund; Katherine D McMahon; Noah Fierer; Rob Knight; Rob Finn; Guy Cochrane; Ilene Karsch-Mizrachi; Gene W Tyson; Christian Rinke; Alla Lapidus; Folker Meyer; Pelin Yilmaz; Donovan H Parks; A Murat Eren; Lynn Schriml; Jillian F Banfield; Philip Hugenholtz; Tanja Woyke,2017,Minimum information about a single amplified genome (MISAG) and a metagenome-assembled genome (MIMAG) of bacteria and archaea,Nature Biotechnology 35:725-731,https://doi.org/10.1038/nbt.3893,Perspective en editor; review-article en JATS local.,docs/auditorias/evidencia_identidad_fuentes_nuevas_2026-09-26.json,4e50ba6b291c7e6554e053549432403a761c21396adf602da5cf8a448c14d3da,"fuentes[clave_fuente=S559]; metadatos_observados, consulta_Crossref y artefactos_inspeccionados",https://api.crossref.org/works/10.1038%2Fnbt.3893 | https://www.nature.com/articles/nbt.3893,"Título, Robert M. Bowers y coautoría, año 2017, Nature Biotechnology 35:725–731 y DOI coinciden. El tipo investigación primaria de A contradice la clasificación documental Perspective/review-article.","La página editorial muestra corrigenda de 06-02-2018 y 06-07-2018 y Change history. Se registra su presencia, no un examen exhaustivo ni conclusión sobre impacto científico o ausencia universal de retractaciones. No acredita soporte científico ni revisión editorial exhaustiva; no verifica ni modifica la consulta original de A.",NO_CONFORME
