"caso ordenado por grado de integración","hospedador","socio","aporte documentado del hospedador; aporte documentado del socio","antigüedad estimada del inicio","transmisión","genoma del socio comparado con parientes de vida libre","EGT al núcleo; importación de proteínas de vuelta","estado obligado, facultativo o reversible","filas"
"Mecanismo: sintrofía externa — *Lenisia limosa*–*Arcobacter*","*Lenisia limosa*","*Arcobacter* epibionte","Hospedador: libera H₂/equivalentes reductores; socio: consume reductores y usa N₂O como aceptor.","NO LOCALIZADO EN ESTA SESIÓN para el inicio de la asociación","No hay transmisión vertical demostrada","HUECO DE TRAZABILIDAD: la consulta literal exacta del valor anterior no produjo coincidencias en los artefactos de fuentes/; no se adjudica un valor para este campo [BN-455]","HUECO DE TRAZABILIDAD: la consulta literal exacta del valor anterior no produjo coincidencias en los artefactos de fuentes/; no se adjudica un valor para este campo [BN-456]","HUECO DE TRAZABILIDAD: la consulta literal exacta del valor anterior no produjo coincidencias en los artefactos de fuentes/; no se adjudica un valor para este campo [BN-457]","C-986; C-993–C-1006; BN-111"
"Mecanismo: consorcio extracelular con transferencia de electrones — ANME–SRB","arquea ANME","bacteria reductora de sulfato","Hospedador operacional ANME: oxida metano y cede electrones; socio: reduce sulfato.","NO LOCALIZADO EN ESTA SESIÓN para el inicio de la asociación","No hereditaria conjunta","HUECO DE TRAZABILIDAD: la consulta literal exacta del valor anterior no produjo coincidencias en los artefactos de fuentes/; no se adjudica un valor para este campo [BN-458]","HUECO DE TRAZABILIDAD: la consulta literal exacta del valor anterior no produjo coincidencias en los artefactos de fuentes/; no se adjudica un valor para este campo [BN-459]","HUECO DE TRAZABILIDAD: la consulta literal exacta del valor anterior no produjo coincidencias en los artefactos de fuentes/; no se adjudica un valor para este campo [BN-460]","C-1007–C-1013; BN-111"
"Mecanismo: endosimbiosis metabólica — *Pelomyxa*–metanógenos","*Pelomyxa*","arqueas metanógenas y otros procariotas","Hospedador: produce H₂ en el metabolismo anaerobio; socios metanógenos: consumen H₂ mediante metanogénesis hidrogenotrófica.","NO LOCALIZADO EN ESTA SESIÓN para el inicio de la asociación","HUECO DE TRAZABILIDAD: la consulta literal exacta del valor anterior no produjo coincidencias en los artefactos de fuentes/; no se adjudica un valor para este campo [BN-461]","HUECO DE TRAZABILIDAD: la consulta literal exacta del valor anterior no produjo coincidencias en los artefactos de fuentes/; no se adjudica un valor para este campo [BN-462]","HUECO DE TRAZABILIDAD: la consulta literal exacta del valor anterior no produjo coincidencias en los artefactos de fuentes/; no se adjudica un valor para este campo [BN-463]","HUECO DE TRAZABILIDAD: la consulta literal exacta del valor anterior no produjo coincidencias en los artefactos de fuentes/; no se adjudica un valor para este campo [BN-464]","C-1014–C-1021; BN-111"
"Mecanismo: adquisiciones múltiples con transmisión variable — ciliados anaerobios–metanógenos","ciliados anaerobios","arqueas metanógenas","HUECO DE TRAZABILIDAD: la consulta literal exacta del valor anterior no produjo coincidencias en los artefactos de fuentes/; no se adjudica un valor para este campo [BN-465]","orígenes múltiples sin una fecha de inicio común localizada","vertical o mixta según el linaje estudiado","HUECO DE TRAZABILIDAD: la consulta literal exacta del valor anterior no produjo coincidencias en los artefactos de fuentes/; no se adjudica un valor para este campo [BN-466]","HUECO DE TRAZABILIDAD: la consulta literal exacta del valor anterior no produjo coincidencias en los artefactos de fuentes/; no se adjudica un valor para este campo [BN-467]","HUECO DE TRAZABILIDAD: la consulta literal exacta del valor anterior no produjo coincidencias en los artefactos de fuentes/; no se adjudica un valor para este campo [BN-468]","C-1022–C-1027; BN-111"
"Mecanismo: control hospedador de la división endosimbionte — *Angomonas deanei*–*Kinetoplastibacterium*","*Angomonas deanei*","*Candidatus Kinetoplastibacterium*","Hospedador: ETP9 y proteínas para controlar división; socio: funciones metabólicas y OCD ancestral transferida.","NO LOCALIZADO EN ESTA SESIÓN para el inicio de la asociación","HUECO DE TRAZABILIDAD: la consulta literal exacta del valor anterior no produjo coincidencias en los artefactos de fuentes/; no se adjudica un valor para este campo [BN-469]","aprox. 0,8 Mb y pérdida de genes bacterianos de división; comparación cuantitativa con pariente libre NO LOCALIZADA","EGT: OCD al núcleo; importación: proteínas nucleares regresan para controlar división, pero OCD no fue detectada dentro del endosimbionte","HUECO DE TRAZABILIDAD: la consulta literal exacta del valor anterior no produjo coincidencias en los artefactos de fuentes/; no se adjudica un valor para este campo [BN-470]","C-1028–C-1035; BN-111"
"Mecanismo: endosimbiosis eucariota obligada — *Paramoeba*–*Perkinsela*","*Paramoeba*","*Perkinsela*","HUECO DE TRAZABILIDAD: la consulta literal exacta del valor anterior no produjo coincidencias en los artefactos de fuentes/; no se adjudica un valor para este campo [BN-471]","NO LOCALIZADO EN ESTA SESIÓN para el inicio de la asociación","HUECO DE TRAZABILIDAD: la consulta literal exacta del valor anterior no produjo coincidencias en los artefactos de fuentes/; no se adjudica un valor para este campo [BN-472]","HUECO DE TRAZABILIDAD: la consulta literal exacta del valor anterior no produjo coincidencias en los artefactos de fuentes/; no se adjudica un valor para este campo [BN-473]","HUECO DE TRAZABILIDAD: la consulta literal exacta del valor anterior no produjo coincidencias en los artefactos de fuentes/; no se adjudica un valor para este campo [BN-474]","obligada","C-1036–C-1042; BN-111"
"Mecanismo: orgánulo fotosintético con EGT e importación — *Paulinella chromatophora*–cromatóforo","*Paulinella chromatophora*","cianobacteria del linaje del cromatóforo","Hospedador: proteínas nucleares y transferencias bacterianas compensatorias; socio: fotosíntesis.","90–140 Ma","vertical","1,02 Mb y 867 proteínas; reducido respecto de cianobacterias de vida libre emparentadas","EGT: 0,3–0,8 % en el análisis inicial; importación: proteínas nucleares masivamente dirigidas al cromatóforo","HUECO DE TRAZABILIDAD: la consulta literal exacta del valor anterior no produjo coincidencias en los artefactos de fuentes/; no se adjudica un valor para este campo [BN-475]","C-1043–C-1053"
"Mecanismo: orgánulo fijador de nitrógeno propuesto — *Braarudosphaera bigelowii*–UCYN-A","*Braarudosphaera bigelowii*","UCYN-A / nitroplasto","Hospedador: carbono y otros metabolitos; socio: fija N₂ y entrega nitrógeno reducido.","asociación ancestral inferida hacia el Cretácico tardío a partir de divergencia UCYN-A1/A2 de aprox. 91 Ma; no es fecha directa de captura","HUECO DE TRAZABILIDAD: la consulta literal exacta del valor anterior no produjo coincidencias en los artefactos de fuentes/; no se adjudica un valor para este campo [BN-476]","HUECO DE TRAZABILIDAD: la consulta literal exacta del valor anterior no produjo coincidencias en los artefactos de fuentes/; no se adjudica un valor para este campo [BN-477]","HUECO DE TRAZABILIDAD: la consulta literal exacta del valor anterior no produjo coincidencias en los artefactos de fuentes/; no se adjudica un valor para este campo [BN-478]","HUECO DE TRAZABILIDAD: la consulta literal exacta del valor anterior no produjo coincidencias en los artefactos de fuentes/; no se adjudica un valor para este campo [BN-479]","C-1054–C-1061; C-1638–C-1639; S455"
"Mecanismo: transmisión vertical incompleta con readquisición — *Hatena arenicola*–*Nephroselmis*","*Hatena arenicola*","*Nephroselmis*","HUECO DE TRAZABILIDAD: la consulta literal exacta del valor anterior no produjo coincidencias en los artefactos de fuentes/; no se adjudica un valor para este campo [BN-480]","NO LOCALIZADO EN ESTA SESIÓN para el inicio de la asociación","vertical incompleta; readquisición horizontal","HUECO DE TRAZABILIDAD: la consulta literal exacta del valor anterior no produjo coincidencias en los artefactos de fuentes/; no se adjudica un valor para este campo [BN-481]","HUECO DE TRAZABILIDAD: la consulta literal exacta del valor anterior no produjo coincidencias en los artefactos de fuentes/; no se adjudica un valor para este campo [BN-482]","reversible por linaje celular: la hija sin socio puede readquirirlo","C-1062–C-1067; C-1071; S511; BN-040; BN-111"
"Mecanismo: cuerpo esferoidal fijador de nitrógeno tras pérdida fotosintética — *Rhopalodia*/*Epithemia*","*Rhopalodia gibba* y *Epithemia turgida*","cuerpo esferoidal cianobacteriano no fotosintético","HUECO DE TRAZABILIDAD: la consulta literal exacta del valor anterior no produjo coincidencias en los artefactos de fuentes/; no se adjudica un valor para este campo [BN-483]","aprox. 12 Ma para el origen único inferido de Rhopalodiaceae muestreadas","HUECO DE TRAZABILIDAD: la consulta literal exacta del valor anterior no produjo coincidencias en los artefactos de fuentes/; no se adjudica un valor para este campo [BN-484]","HUECO DE TRAZABILIDAD: la consulta literal exacta del valor anterior no produjo coincidencias en los artefactos de fuentes/; no se adjudica un valor para este campo [BN-485]","HUECO DE TRAZABILIDAD: la consulta literal exacta del valor anterior no produjo coincidencias en los artefactos de fuentes/; no se adjudica un valor para este campo [BN-486]","HUECO DE TRAZABILIDAD: la consulta literal exacta del valor anterior no produjo coincidencias en los artefactos de fuentes/; no se adjudica un valor para este campo [BN-487]","C-1068–C-1070; C-1637; C-1640–C-1641"
"Mecanismo: adquisición trófica reiterada de orgánulos y núcleo — *Mesodinium rubrum*–criptófita","*Mesodinium rubrum*","criptófita ingerida","HUECO DE TRAZABILIDAD: la consulta literal exacta del valor anterior no produjo coincidencias en los artefactos de fuentes/; no se adjudica un valor para este campo [BN-488]","NO LOCALIZADO EN ESTA SESIÓN para el inicio de la asociación","reposición por alimentación periódica","HUECO DE TRAZABILIDAD: la consulta literal exacta del valor anterior no produjo coincidencias en los artefactos de fuentes/; no se adjudica un valor para este campo [BN-489]","HUECO DE TRAZABILIDAD: la consulta literal exacta del valor anterior no produjo coincidencias en los artefactos de fuentes/; no se adjudica un valor para este campo [BN-490]","reversible y dependiente de reposición trófica","C-1072–C-1074; BN-111"
"Mecanismo: kleptoplastia vía presa intermediaria — *Dinophysis*–plastos criptófitos","*Dinophysis*","plastos obtenidos vía *Mesodinium*","Hospedador: retención selectiva; socio: función fotosintética con fotoaclimatación limitada.","NO LOCALIZADO EN ESTA SESIÓN para el inicio de la asociación","adquisición trófica vía *Mesodinium*","HUECO DE TRAZABILIDAD: la consulta literal exacta del valor anterior no produjo coincidencias en los artefactos de fuentes/; no se adjudica un valor para este campo [BN-491]","HUECO DE TRAZABILIDAD: la consulta literal exacta del valor anterior no produjo coincidencias en los artefactos de fuentes/; no se adjudica un valor para este campo [BN-492]","HUECO DE TRAZABILIDAD: la consulta literal exacta del valor anterior no produjo coincidencias en los artefactos de fuentes/; no se adjudica un valor para este campo [BN-493]","C-1075–C-1077; BN-111"
"Mecanismo: kleptoplastia animal sin HGT nuclear extensa — *Elysia*/*Plakobranchus*–plastos","*Elysia chlorotica* y *Plakobranchus ocellatus*","plastos de algas","Hospedador: retención intracelular; socio: fotosíntesis temporal.","NO LOCALIZADO EN ESTA SESIÓN para el inicio de la asociación","adquisición alimentaria sin transferencia hereditaria de genes nucleares","HUECO DE TRAZABILIDAD: la consulta literal exacta del valor anterior no produjo coincidencias en los artefactos de fuentes/; no se adjudica un valor para este campo [BN-494]","HUECO DE TRAZABILIDAD: la consulta literal exacta del valor anterior no produjo coincidencias en los artefactos de fuentes/; no se adjudica un valor para este campo [BN-495]","reversible y no hereditaria en los casos citados","C-1078–C-1081; BN-111"
"Mecanismo: endosimbiosis secundaria con núcleo reducido retenido — criptófitos/cloraracniófitos–nucleomorfo","criptófitos y cloraracniófitos","núcleo de alga roja o verde incorporada","HUECO DE TRAZABILIDAD: la consulta literal exacta del valor anterior no produjo coincidencias en los artefactos de fuentes/; no se adjudica un valor para este campo [BN-496]","NO LOCALIZADO EN ESTA SESIÓN para el inicio de las dos adquisiciones","HUECO DE TRAZABILIDAD: la consulta literal exacta del valor anterior no produjo coincidencias en los artefactos de fuentes/; no se adjudica un valor para este campo [BN-497]","HUECO DE TRAZABILIDAD: la consulta literal exacta del valor anterior no produjo coincidencias en los artefactos de fuentes/; no se adjudica un valor para este campo [BN-498]","HUECO DE TRAZABILIDAD: la consulta literal exacta del valor anterior no produjo coincidencias en los artefactos de fuentes/; no se adjudica un valor para este campo [BN-499]","HUECO DE TRAZABILIDAD: la consulta literal exacta del valor anterior no produjo coincidencias en los artefactos de fuentes/; no se adjudica un valor para este campo [BN-500]","C-990; C-1082–C-1087; BN-111"
"Mecanismo: endosimbiosis terciaria con núcleo y mitocondrias retenidos — dinotomos–endosimbionte diatomeo","*Durinskia baltica* o *Kryptoperidinium foliaceum*","diatomea terciaria intracelular","Hospedador: mantenimiento nuclear y celular; socio: compartimentos eucariotas retenidos, incluidas mitocondrias.","NO LOCALIZADO EN ESTA SESIÓN para el inicio de la asociación","HUECO DE TRAZABILIDAD: la consulta literal exacta del valor anterior no produjo coincidencias en los artefactos de fuentes/; no se adjudica un valor para este campo [BN-501]","mitocondrias endosimbiontes: 34.242/34.742 bp y 58/59 genes; comparación con vida libre NO LOCALIZADA","HUECO DE TRAZABILIDAD: la consulta literal exacta del valor anterior no produjo coincidencias en los artefactos de fuentes/; no se adjudica un valor para este campo [BN-502]","obligada en el sistema descrito; reversibilidad NO DOCUMENTADA","C-1206–C-1212; BN-111"
"Mecanismo: reemplazo terciario por plasto haptófito — kareniáceos–plasto haptófito","*Karlodinium veneficum* y Kareniaceae","plasto terciario derivado de haptófita","HUECO DE TRAZABILIDAD: la consulta literal exacta del valor anterior no produjo coincidencias en los artefactos de fuentes/; no se adjudica un valor para este campo [BN-503]","NO LOCALIZADO EN ESTA SESIÓN para el inicio de la asociación","HUECO DE TRAZABILIDAD: la consulta literal exacta del valor anterior no produjo coincidencias en los artefactos de fuentes/; no se adjudica un valor para este campo [BN-504]","142.981 bp en *K. veneficum*; 70 proteínas, 30 ARNt y 3 ARNr; comparación libre NO LOCALIZADA","HUECO DE TRAZABILIDAD: la consulta literal exacta del valor anterior no produjo coincidencias en los artefactos de fuentes/; no se adjudica un valor para este campo [BN-505]","HUECO DE TRAZABILIDAD: la consulta literal exacta del valor anterior no produjo coincidencias en los artefactos de fuentes/; no se adjudica un valor para este campo [BN-506]","C-1211; C-1213–C-1214; BN-111"
"Mecanismo: endosimbiosis anidada con reemplazo — *Tremblaya*–*Moranella*–piojo harinoso","piojo harinoso; *Tremblaya* como hospedador interno","*Tremblaya* y *Moranella*","Hospedador insecto: genes bacterianos y metabolitos; socios: rutas metabólicas complementarias tripartitas.","NO LOCALIZADO EN ESTA SESIÓN para el inicio de cada reemplazo","HUECO DE TRAZABILIDAD: la consulta literal exacta del valor anterior no produjo coincidencias en los artefactos de fuentes/; no se adjudica un valor para este campo [BN-507]","HUECO DE TRAZABILIDAD: la consulta literal exacta del valor anterior no produjo coincidencias en los artefactos de fuentes/; no se adjudica un valor para este campo [BN-508]","HUECO DE TRAZABILIDAD: la consulta literal exacta del valor anterior no produjo coincidencias en los artefactos de fuentes/; no se adjudica un valor para este campo [BN-509]","dependencia anidada; reemplazo histórico del socio interno","C-1089–C-1095; BN-111"
"Mecanismo: dependencia nutricional con transmisión materna — áfido–*Buchnera aphidicola*","áfido","*Buchnera aphidicola*","HUECO DE TRAZABILIDAD: la consulta literal exacta del valor anterior no produjo coincidencias en los artefactos de fuentes/; no se adjudica un valor para este campo [BN-510]","80–150 Ma para la divergencia de cepas comparadas; no es fecha directa de captura","vertical materna","HUECO DE TRAZABILIDAD: la consulta literal exacta del valor anterior no produjo coincidencias en los artefactos de fuentes/; no se adjudica un valor para este campo [BN-511]","HUECO DE TRAZABILIDAD: la consulta literal exacta del valor anterior no produjo coincidencias en los artefactos de fuentes/; no se adjudica un valor para este campo [BN-512]","obligada","C-1096–C-1102"
"Mecanismo: transmisión materna con saltos horizontales y desenlaces variables — hospedadores–*Wolbachia*","artrópodos y nematodos según caso","*Wolbachia*","HUECO DE TRAZABILIDAD: la consulta literal exacta del valor anterior no produjo coincidencias en los artefactos de fuentes/; no se adjudica un valor para este campo [BN-513]","NO LOCALIZADO EN ESTA SESIÓN para un inicio único","materna y horizontal entre hospedadores","HUECO DE TRAZABILIDAD: la consulta literal exacta del valor anterior no produjo coincidencias en los artefactos de fuentes/; no se adjudica un valor para este campo [BN-514]","HUECO DE TRAZABILIDAD: la consulta literal exacta del valor anterior no produjo coincidencias en los artefactos de fuentes/; no se adjudica un valor para este campo [BN-515]","depende del caso: parasitismo, mutualismo facultativo u obligado","C-1103–C-1107; BN-111"
