"clave","estado","hueco","términos exactos o n/a","resultado","filas relacionadas"
"BN-001","NO LOCALIZADO EN ESTA SESIÓN","Prueba primaria que seleccione la hipótesis neomurana planctobacteriana completa frente a modelos Asgard de dos dominios.","`""neomuran hypothesis"" 2021 2022 2023 2024 2025 2026 primary research`; `""planctobacterial origin of neomura""`; `""Planctomycetota early donor eukaryogenesis host""`","S530 aporta una defensa conceptual independiente y S59 una señal planctomicetotal temprana; ninguna identifica hospedador, endosimbiosis ni discrimina la hipótesis completa.","C-051; S530; S59"
"BN-002","NO LOCALIZADO EN ESTA SESIÓN","Localización y perturbación funcional de OdinTubulin en una célula de Odinarchaeota nativa.","`""OdinTubulin native localization cell""`; `""Odinarchaeota tubulin in vivo perturbation""`; `""Asgard tubulin native cell microscopy""`","S531 demuestra microtúbulos nativos en Lokiarchaeia y S532 reconstituye tubulina Heimdallarchaeales; OdinTubulin sigue limitada a proteína recombinante de S43.","C-141; S43; S531–S532"
"BN-003","NO LOCALIZADO EN ESTA SESIÓN","Colocalización y perturbación causal de una GTPasa pequeña Asgard con cambio cuantificado de tráfico o vesículas en la célula nativa.","`""Asgard small GTPase native cell trafficking perturbation""`; `""Asgard Arf in vivo vesicle localization""`; `""TRAPPC3 Asgard native cell""`","S533–S534 muestran función de membrana in vitro y heteróloga; S535 describe vesículas nativas en un preprint, sin localizar ni perturbar causalmente la GTPasa.","C-146; S533–S535"
"BN-004","NO LOCALIZADO EN ESTA SESIÓN","Fuente primaria accesible bajo el nombre exacto Shennonarchaeia y reconciliación de la circunscripción Freyarchaeia/Jordarchaeia antes de crear fichas independientes.","`""Shennonarchaeia metabolism ecology""`; `""Freyarchaeia Jordarchaeia synonym taxonomy""`; `""Asgardarchaeia class metabolism""`","S24, S27 y S536–S538 permiten perfiles genómicos o transcriptómicos para ocho nombres auditados; Shennonarchaeia conserva sólo registro nominal y Frey/Jordarchaeia requiere reconciliación.","C-171; S24; S27; S50; S536–S538"
"BN-005","LA LITERATURA DECLARA QUE NO SE SABE","Familia alfa-proteobacteriana viviente que sea el grupo hermano inequívoco de la mitocondria.","`""closest extant alphaproteobacterial relative mitochondria unresolved""`; `""mitochondria sister known Alphaproteobacteria""`; `""mitochondria branch within Alphaproteobacteria""`","S46, S47, S48 y S49 recuperan topologías o criterios incompatibles; ningún trabajo resuelve una familia viviente única.","C-159–C-160"
"BN-006","LA LITERATURA DECLARA QUE NO SE SABE","Cultivo axénico de una arquea asgard.","`""axenic culture Asgard archaea 2026""`; `""pure culture Asgardarchaeota axenic""`; `""cultivated Asgard archaea pure isolate""`","S34–S38 y la revisión de autoridad S546 distinguen cocultivos y enriquecimientos; ninguno es axénico al corte 2026-08-08.","C-092; C-102; C-108–C-109; S546"
"BN-007","NO LOCALIZADO EN ESTA SESIÓN","Evidencia cuantitativa que seleccione una ruta histórica única para cruzar la divisoria lipídica y descarte las alternativas.","`""eukaryogenesis lipid divide quantitative transition ancestral membrane experimental""`; `""archaeal host bacterial membrane replacement experiment""`; `""heterochiral membrane eukaryogenesis pathway""`","S539 aporta un mecanismo cuantitativo candidato de fusión con bicapa mixta; S16–S17 y S539 demuestran plausibilidad o costes, pero no identifican participantes, orden ni unicidad histórica.","C-060; C-063–C-067; S539"
"BN-114","NO LOCALIZADO EN ESTA SESIÓN","Ficha de hábitat o ecología por cada uno de los veinte taxones de S49 tabla 2 y tratamiento ecológico de Alphaproteobacteria comparable al de Obazoa.","`rg -n -i ""Alphaproteobacteria|Tistrella|Elioraea|Nitrospirillum|Caenispirillum|Oceanibacterium|Iodidimonas|Kordiimonas|Odyssella|Camelimonas|Tepidicaulis|Hansschlegelia|Microvirga|Methylocella|Aestuariivirga"" fuentes/S49* docs/secciones/003-02-2-el-punto-de-partida-dos-dominios-o-tres.md data/afirmaciones/02.csv data/tablas/02`","Se recuperaron los veinte taxones y siete criterios de S49 tabla 2, y los catorce sistemas metabólicos de S49 tabla 3. La tabla 2 no contiene una ficha de hábitat por taxón; solo se transcribe el hábitat explícito de Iodidimonas muriae localizado en la referencia taxonómica citada. Las celdas vacías se conservan como no consta, no como ausencia.","C-149–C-160; C-1956; C-1967–C-1969; S45–S49"
"BN-147","NO LOCALIZADO EN ESTA SESIÓN","Pasaje que sostenga conjuntamente el valor anterior del campo ecología o hábitat por taxón para data/tablas/02/table-06-2-8-2-el-grupo-vivo-mas-proximo-no-esta-resuelto.csv:fila 2:ecología o hábitat por taxón","consulta nominal conjunta exacta identidad=«Martijn et al. 2018»; campo=«ecología o hábitat por taxón»; valor=«no consta por cada clado en la evidencia resumida [BN-114]»; ámbito fuentes/ (451 artefactos); sha256_inventario=62fe8db317f35c6679f79343610a8ebd1e1069944c66769b477742860e2791bc; reproducible: python3 scripts/remediate_trace_residuals.py --probe BN-147","0 artefactos con coocurrencia literal de los tres componentes exactos tras normalizar mayúsculas y blancos. El resultado se limita a esta consulta y no demuestra inexistencia del dato ni ausencia biológica; por el dictamen independiente se retira el valor no acreditado. Cierre nominal de trazabilidad v3; objeto nominal data/tablas/02/table-06-2-8-2-el-grupo-vivo-mas-proximo-no-esta-resuelto.csv:fila 2:ecología o hábitat por taxón.","C-1996; data/tablas/02/table-06-2-8-2-el-grupo-vivo-mas-proximo-no-esta-resuelto.csv:fila 2:ecología o hábitat por taxón"
"BN-148","NO LOCALIZADO EN ESTA SESIÓN","Pasaje que sostenga conjuntamente el valor anterior del campo ecología o hábitat por taxón para data/tablas/02/table-06-2-8-2-el-grupo-vivo-mas-proximo-no-esta-resuelto.csv:fila 3:ecología o hábitat por taxón","consulta nominal conjunta exacta identidad=«Fan et al. 2020»; campo=«ecología o hábitat por taxón»; valor=«no consta por cada taxón en la evidencia resumida [BN-114]»; ámbito fuentes/ (451 artefactos); sha256_inventario=62fe8db317f35c6679f79343610a8ebd1e1069944c66769b477742860e2791bc; reproducible: python3 scripts/remediate_trace_residuals.py --probe BN-148","0 artefactos con coocurrencia literal de los tres componentes exactos tras normalizar mayúsculas y blancos. El resultado se limita a esta consulta y no demuestra inexistencia del dato ni ausencia biológica; por el dictamen independiente se retira el valor no acreditado. Cierre nominal de trazabilidad v3; objeto nominal data/tablas/02/table-06-2-8-2-el-grupo-vivo-mas-proximo-no-esta-resuelto.csv:fila 3:ecología o hábitat por taxón.","C-1997; data/tablas/02/table-06-2-8-2-el-grupo-vivo-mas-proximo-no-esta-resuelto.csv:fila 3:ecología o hábitat por taxón"
"BN-149","NO LOCALIZADO EN ESTA SESIÓN","Pasaje que sostenga conjuntamente el valor anterior del campo ecología o hábitat por taxón para data/tablas/02/table-06-2-8-2-el-grupo-vivo-mas-proximo-no-esta-resuelto.csv:fila 4:ecología o hábitat por taxón","consulta nominal conjunta exacta identidad=«Muñoz-Gómez et al. 2022»; campo=«ecología o hábitat por taxón»; valor=«no consta por cada taxón en la evidencia resumida [BN-114]»; ámbito fuentes/ (451 artefactos); sha256_inventario=62fe8db317f35c6679f79343610a8ebd1e1069944c66769b477742860e2791bc; reproducible: python3 scripts/remediate_trace_residuals.py --probe BN-149","0 artefactos con coocurrencia literal de los tres componentes exactos tras normalizar mayúsculas y blancos. El resultado se limita a esta consulta y no demuestra inexistencia del dato ni ausencia biológica; por el dictamen independiente se retira el valor no acreditado. Cierre nominal de trazabilidad v3; objeto nominal data/tablas/02/table-06-2-8-2-el-grupo-vivo-mas-proximo-no-esta-resuelto.csv:fila 4:ecología o hábitat por taxón.","C-1998; data/tablas/02/table-06-2-8-2-el-grupo-vivo-mas-proximo-no-esta-resuelto.csv:fila 4:ecología o hábitat por taxón"
"BN-150","NO LOCALIZADO EN ESTA SESIÓN","Pasaje que sostenga conjuntamente el valor anterior del campo posición o alcance para data/tablas/02/table-06-2-8-2-el-grupo-vivo-mas-proximo-no-esta-resuelto.csv:fila 10:posición o alcance","consulta nominal conjunta exacta identidad=«S49 tabla 2»; campo=«posición o alcance»; valor=«linaje metagenómico; criterio discriminatorio»; ámbito fuentes/ (451 artefactos); sha256_inventario=62fe8db317f35c6679f79343610a8ebd1e1069944c66769b477742860e2791bc; reproducible: python3 scripts/remediate_trace_residuals.py --probe BN-150","0 artefactos con coocurrencia literal de los tres componentes exactos tras normalizar mayúsculas y blancos. El resultado se limita a esta consulta y no demuestra inexistencia del dato ni ausencia biológica; por el dictamen independiente se retira el valor no acreditado. Cierre nominal de trazabilidad v3; objeto nominal data/tablas/02/table-06-2-8-2-el-grupo-vivo-mas-proximo-no-esta-resuelto.csv:fila 10:posición o alcance.","C-2064; data/tablas/02/table-06-2-8-2-el-grupo-vivo-mas-proximo-no-esta-resuelto.csv:fila 10:posición o alcance"
"BN-151","NO LOCALIZADO EN ESTA SESIÓN","Pasaje que sostenga conjuntamente el valor anterior del campo posición o alcance para data/tablas/02/table-06-2-8-2-el-grupo-vivo-mas-proximo-no-esta-resuelto.csv:fila 12:posición o alcance","consulta nominal conjunta exacta identidad=«S49 tabla 2»; campo=«posición o alcance»; valor=«linaje metagenómico; criterio discriminatorio»; ámbito fuentes/ (451 artefactos); sha256_inventario=62fe8db317f35c6679f79343610a8ebd1e1069944c66769b477742860e2791bc; reproducible: python3 scripts/remediate_trace_residuals.py --probe BN-151","0 artefactos con coocurrencia literal de los tres componentes exactos tras normalizar mayúsculas y blancos. El resultado se limita a esta consulta y no demuestra inexistencia del dato ni ausencia biológica; por el dictamen independiente se retira el valor no acreditado. Cierre nominal de trazabilidad v3; objeto nominal data/tablas/02/table-06-2-8-2-el-grupo-vivo-mas-proximo-no-esta-resuelto.csv:fila 12:posición o alcance.","C-2086; data/tablas/02/table-06-2-8-2-el-grupo-vivo-mas-proximo-no-esta-resuelto.csv:fila 12:posición o alcance"
"BN-152","NO LOCALIZADO EN ESTA SESIÓN","Pasaje que sostenga conjuntamente el valor anterior del campo posición o alcance para data/tablas/02/table-06-2-8-2-el-grupo-vivo-mas-proximo-no-esta-resuelto.csv:fila 15:posición o alcance","consulta nominal conjunta exacta identidad=«S49 tabla 2»; campo=«posición o alcance»; valor=«linaje metagenómico; agrupa con Iodidimonas»; ámbito fuentes/ (451 artefactos); sha256_inventario=62fe8db317f35c6679f79343610a8ebd1e1069944c66769b477742860e2791bc; reproducible: python3 scripts/remediate_trace_residuals.py --probe BN-152","0 artefactos con coocurrencia literal de los tres componentes exactos tras normalizar mayúsculas y blancos. El resultado se limita a esta consulta y no demuestra inexistencia del dato ni ausencia biológica; por el dictamen independiente se retira el valor no acreditado. Cierre nominal de trazabilidad v3; objeto nominal data/tablas/02/table-06-2-8-2-el-grupo-vivo-mas-proximo-no-esta-resuelto.csv:fila 15:posición o alcance.","C-2119; data/tablas/02/table-06-2-8-2-el-grupo-vivo-mas-proximo-no-esta-resuelto.csv:fila 15:posición o alcance"
"BN-153","NO LOCALIZADO EN ESTA SESIÓN","Pasaje que sostenga conjuntamente el valor anterior del campo posición o alcance para data/tablas/02/table-06-2-8-2-el-grupo-vivo-mas-proximo-no-esta-resuelto.csv:fila 25:posición o alcance","consulta nominal conjunta exacta identidad=«S49 tabla 3»; campo=«posición o alcance»; valor=«distribución metabólica, no posición filogenética»; ámbito fuentes/ (451 artefactos); sha256_inventario=62fe8db317f35c6679f79343610a8ebd1e1069944c66769b477742860e2791bc; reproducible: python3 scripts/remediate_trace_residuals.py --probe BN-153","0 artefactos con coocurrencia literal de los tres componentes exactos tras normalizar mayúsculas y blancos. El resultado se limita a esta consulta y no demuestra inexistencia del dato ni ausencia biológica; por el dictamen independiente se retira el valor no acreditado. Cierre nominal de trazabilidad v3; objeto nominal data/tablas/02/table-06-2-8-2-el-grupo-vivo-mas-proximo-no-esta-resuelto.csv:fila 25:posición o alcance.","C-2222; data/tablas/02/table-06-2-8-2-el-grupo-vivo-mas-proximo-no-esta-resuelto.csv:fila 25:posición o alcance"
"BN-154","NO LOCALIZADO EN ESTA SESIÓN","Pasaje que sostenga conjuntamente el valor anterior del campo posición o alcance para data/tablas/02/table-06-2-8-2-el-grupo-vivo-mas-proximo-no-esta-resuelto.csv:fila 26:posición o alcance","consulta nominal conjunta exacta identidad=«S49 tabla 3»; campo=«posición o alcance»; valor=«distribución metabólica, no posición filogenética»; ámbito fuentes/ (451 artefactos); sha256_inventario=62fe8db317f35c6679f79343610a8ebd1e1069944c66769b477742860e2791bc; reproducible: python3 scripts/remediate_trace_residuals.py --probe BN-154","0 artefactos con coocurrencia literal de los tres componentes exactos tras normalizar mayúsculas y blancos. El resultado se limita a esta consulta y no demuestra inexistencia del dato ni ausencia biológica; por el dictamen independiente se retira el valor no acreditado. Cierre nominal de trazabilidad v3; objeto nominal data/tablas/02/table-06-2-8-2-el-grupo-vivo-mas-proximo-no-esta-resuelto.csv:fila 26:posición o alcance.","C-2226; data/tablas/02/table-06-2-8-2-el-grupo-vivo-mas-proximo-no-esta-resuelto.csv:fila 26:posición o alcance"
"BN-155","NO LOCALIZADO EN ESTA SESIÓN","Pasaje que sostenga conjuntamente el valor anterior del campo posición o alcance para data/tablas/02/table-06-2-8-2-el-grupo-vivo-mas-proximo-no-esta-resuelto.csv:fila 27:posición o alcance","consulta nominal conjunta exacta identidad=«S49 tabla 3»; campo=«posición o alcance»; valor=«distribución metabólica, no posición filogenética»; ámbito fuentes/ (451 artefactos); sha256_inventario=62fe8db317f35c6679f79343610a8ebd1e1069944c66769b477742860e2791bc; reproducible: python3 scripts/remediate_trace_residuals.py --probe BN-155","0 artefactos con coocurrencia literal de los tres componentes exactos tras normalizar mayúsculas y blancos. El resultado se limita a esta consulta y no demuestra inexistencia del dato ni ausencia biológica; por el dictamen independiente se retira el valor no acreditado. Cierre nominal de trazabilidad v3; objeto nominal data/tablas/02/table-06-2-8-2-el-grupo-vivo-mas-proximo-no-esta-resuelto.csv:fila 27:posición o alcance.","C-2230; data/tablas/02/table-06-2-8-2-el-grupo-vivo-mas-proximo-no-esta-resuelto.csv:fila 27:posición o alcance"
"BN-156","NO LOCALIZADO EN ESTA SESIÓN","Pasaje que sostenga conjuntamente el valor anterior del campo posición o alcance para data/tablas/02/table-06-2-8-2-el-grupo-vivo-mas-proximo-no-esta-resuelto.csv:fila 28:posición o alcance","consulta nominal conjunta exacta identidad=«S49 tabla 3»; campo=«posición o alcance»; valor=«distribución metabólica, no posición filogenética»; ámbito fuentes/ (451 artefactos); sha256_inventario=62fe8db317f35c6679f79343610a8ebd1e1069944c66769b477742860e2791bc; reproducible: python3 scripts/remediate_trace_residuals.py --probe BN-156","0 artefactos con coocurrencia literal de los tres componentes exactos tras normalizar mayúsculas y blancos. El resultado se limita a esta consulta y no demuestra inexistencia del dato ni ausencia biológica; por el dictamen independiente se retira el valor no acreditado. Cierre nominal de trazabilidad v3; objeto nominal data/tablas/02/table-06-2-8-2-el-grupo-vivo-mas-proximo-no-esta-resuelto.csv:fila 28:posición o alcance.","C-2234; data/tablas/02/table-06-2-8-2-el-grupo-vivo-mas-proximo-no-esta-resuelto.csv:fila 28:posición o alcance"
"BN-157","NO LOCALIZADO EN ESTA SESIÓN","Pasaje que sostenga conjuntamente el valor anterior del campo posición o alcance para data/tablas/02/table-06-2-8-2-el-grupo-vivo-mas-proximo-no-esta-resuelto.csv:fila 29:posición o alcance","consulta nominal conjunta exacta identidad=«S49 tabla 3»; campo=«posición o alcance»; valor=«distribución metabólica, no posición filogenética»; ámbito fuentes/ (451 artefactos); sha256_inventario=62fe8db317f35c6679f79343610a8ebd1e1069944c66769b477742860e2791bc; reproducible: python3 scripts/remediate_trace_residuals.py --probe BN-157","0 artefactos con coocurrencia literal de los tres componentes exactos tras normalizar mayúsculas y blancos. El resultado se limita a esta consulta y no demuestra inexistencia del dato ni ausencia biológica; por el dictamen independiente se retira el valor no acreditado. Cierre nominal de trazabilidad v3; objeto nominal data/tablas/02/table-06-2-8-2-el-grupo-vivo-mas-proximo-no-esta-resuelto.csv:fila 29:posición o alcance.","C-2238; data/tablas/02/table-06-2-8-2-el-grupo-vivo-mas-proximo-no-esta-resuelto.csv:fila 29:posición o alcance"
"BN-158","NO LOCALIZADO EN ESTA SESIÓN","Pasaje que sostenga conjuntamente el valor anterior del campo posición o alcance para data/tablas/02/table-06-2-8-2-el-grupo-vivo-mas-proximo-no-esta-resuelto.csv:fila 30:posición o alcance","consulta nominal conjunta exacta identidad=«S49 tabla 3»; campo=«posición o alcance»; valor=«metabolismo anaerobio; no posición filogenética»; ámbito fuentes/ (451 artefactos); sha256_inventario=62fe8db317f35c6679f79343610a8ebd1e1069944c66769b477742860e2791bc; reproducible: python3 scripts/remediate_trace_residuals.py --probe BN-158","0 artefactos con coocurrencia literal de los tres componentes exactos tras normalizar mayúsculas y blancos. El resultado se limita a esta consulta y no demuestra inexistencia del dato ni ausencia biológica; por el dictamen independiente se retira el valor no acreditado. Cierre nominal de trazabilidad v3; objeto nominal data/tablas/02/table-06-2-8-2-el-grupo-vivo-mas-proximo-no-esta-resuelto.csv:fila 30:posición o alcance.","C-2242; data/tablas/02/table-06-2-8-2-el-grupo-vivo-mas-proximo-no-esta-resuelto.csv:fila 30:posición o alcance"
"BN-159","NO LOCALIZADO EN ESTA SESIÓN","Pasaje que sostenga conjuntamente el valor anterior del campo posición o alcance para data/tablas/02/table-06-2-8-2-el-grupo-vivo-mas-proximo-no-esta-resuelto.csv:fila 33:posición o alcance","consulta nominal conjunta exacta identidad=«S49 tabla 3»; campo=«posición o alcance»; valor=«clasificación de membrana; no posición filogenética»; ámbito fuentes/ (451 artefactos); sha256_inventario=62fe8db317f35c6679f79343610a8ebd1e1069944c66769b477742860e2791bc; reproducible: python3 scripts/remediate_trace_residuals.py --probe BN-159","0 artefactos con coocurrencia literal de los tres componentes exactos tras normalizar mayúsculas y blancos. El resultado se limita a esta consulta y no demuestra inexistencia del dato ni ausencia biológica; por el dictamen independiente se retira el valor no acreditado. Cierre nominal de trazabilidad v3; objeto nominal data/tablas/02/table-06-2-8-2-el-grupo-vivo-mas-proximo-no-esta-resuelto.csv:fila 33:posición o alcance.","C-2254; data/tablas/02/table-06-2-8-2-el-grupo-vivo-mas-proximo-no-esta-resuelto.csv:fila 33:posición o alcance"
"BN-160","NO LOCALIZADO EN ESTA SESIÓN","Pasaje que sostenga conjuntamente el valor anterior del campo posición o alcance para data/tablas/02/table-06-2-8-2-el-grupo-vivo-mas-proximo-no-esta-resuelto.csv:fila 34:posición o alcance","consulta nominal conjunta exacta identidad=«S49 tabla 3»; campo=«posición o alcance»; valor=«distribución metabólica, no posición filogenética»; ámbito fuentes/ (451 artefactos); sha256_inventario=62fe8db317f35c6679f79343610a8ebd1e1069944c66769b477742860e2791bc; reproducible: python3 scripts/remediate_trace_residuals.py --probe BN-160","0 artefactos con coocurrencia literal de los tres componentes exactos tras normalizar mayúsculas y blancos. El resultado se limita a esta consulta y no demuestra inexistencia del dato ni ausencia biológica; por el dictamen independiente se retira el valor no acreditado. Cierre nominal de trazabilidad v3; objeto nominal data/tablas/02/table-06-2-8-2-el-grupo-vivo-mas-proximo-no-esta-resuelto.csv:fila 34:posición o alcance.","C-2258; data/tablas/02/table-06-2-8-2-el-grupo-vivo-mas-proximo-no-esta-resuelto.csv:fila 34:posición o alcance"
"BN-161","NO LOCALIZADO EN ESTA SESIÓN","Pasaje que sostenga conjuntamente el valor anterior del campo posición o alcance para data/tablas/02/table-06-2-8-2-el-grupo-vivo-mas-proximo-no-esta-resuelto.csv:fila 37:posición o alcance","consulta nominal conjunta exacta identidad=«S49 tabla 3»; campo=«posición o alcance»; valor=«distribución metabólica, no posición filogenética»; ámbito fuentes/ (451 artefactos); sha256_inventario=62fe8db317f35c6679f79343610a8ebd1e1069944c66769b477742860e2791bc; reproducible: python3 scripts/remediate_trace_residuals.py --probe BN-161","0 artefactos con coocurrencia literal de los tres componentes exactos tras normalizar mayúsculas y blancos. El resultado se limita a esta consulta y no demuestra inexistencia del dato ni ausencia biológica; por el dictamen independiente se retira el valor no acreditado. Cierre nominal de trazabilidad v3; objeto nominal data/tablas/02/table-06-2-8-2-el-grupo-vivo-mas-proximo-no-esta-resuelto.csv:fila 37:posición o alcance.","C-2270; data/tablas/02/table-06-2-8-2-el-grupo-vivo-mas-proximo-no-esta-resuelto.csv:fila 37:posición o alcance"
"BN-162","NO LOCALIZADO EN ESTA SESIÓN","Pasaje que sostenga conjuntamente el valor anterior del campo posición o alcance para data/tablas/02/table-06-2-8-2-el-grupo-vivo-mas-proximo-no-esta-resuelto.csv:fila 38:posición o alcance","consulta nominal conjunta exacta identidad=«S49 tabla 3»; campo=«posición o alcance»; valor=«similitud de proteínas, no parentesco por sí sola»; ámbito fuentes/ (451 artefactos); sha256_inventario=62fe8db317f35c6679f79343610a8ebd1e1069944c66769b477742860e2791bc; reproducible: python3 scripts/remediate_trace_residuals.py --probe BN-162","0 artefactos con coocurrencia literal de los tres componentes exactos tras normalizar mayúsculas y blancos. El resultado se limita a esta consulta y no demuestra inexistencia del dato ni ausencia biológica; por el dictamen independiente se retira el valor no acreditado. Cierre nominal de trazabilidad v3; objeto nominal data/tablas/02/table-06-2-8-2-el-grupo-vivo-mas-proximo-no-esta-resuelto.csv:fila 38:posición o alcance.","C-2274; data/tablas/02/table-06-2-8-2-el-grupo-vivo-mas-proximo-no-esta-resuelto.csv:fila 38:posición o alcance"
"BN-163","NO LOCALIZADO EN ESTA SESIÓN","Pasaje que sostenga conjuntamente el valor anterior del campo diversidad interna documentada para data/tablas/02/table-06a-2-8-2-diversidad-ecologia-metabolismo-posicion-alphaproteobacteria.csv:fila 2:diversidad interna documentada","consulta nominal conjunta exacta identidad=«Rickettsiales»; campo=«diversidad interna documentada»; valor=«linaje temprano de las 15 unidades comparadas; incluye genomas reducidos»; ámbito fuentes/ (451 artefactos); sha256_inventario=62fe8db317f35c6679f79343610a8ebd1e1069944c66769b477742860e2791bc; reproducible: python3 scripts/remediate_trace_residuals.py --probe BN-163","0 artefactos con coocurrencia literal de los tres componentes exactos tras normalizar mayúsculas y blancos. El resultado se limita a esta consulta y no demuestra inexistencia del dato ni ausencia biológica; por el dictamen independiente se retira el valor no acreditado. Cierre nominal de trazabilidad v3; objeto nominal data/tablas/02/table-06a-2-8-2-diversidad-ecologia-metabolismo-posicion-alphaproteobacteria.csv:fila 2:diversidad interna documentada.","C-2275; data/tablas/02/table-06a-2-8-2-diversidad-ecologia-metabolismo-posicion-alphaproteobacteria.csv:fila 2:diversidad interna documentada"
"BN-164","NO LOCALIZADO EN ESTA SESIÓN","Pasaje que sostenga conjuntamente el valor anterior del campo ecología o tipo de vida explícito para data/tablas/02/table-06a-2-8-2-diversidad-ecologia-metabolismo-posicion-alphaproteobacteria.csv:fila 2:ecología o tipo de vida explícito","consulta nominal conjunta exacta identidad=«Rickettsiales»; campo=«ecología o tipo de vida explícito»; valor=«no consta una ficha ecológica representativa del linaje en los pasajes de S49 usados aquí»; ámbito fuentes/ (451 artefactos); sha256_inventario=62fe8db317f35c6679f79343610a8ebd1e1069944c66769b477742860e2791bc; reproducible: python3 scripts/remediate_trace_residuals.py --probe BN-164","0 artefactos con coocurrencia literal de los tres componentes exactos tras normalizar mayúsculas y blancos. El resultado se limita a esta consulta y no demuestra inexistencia del dato ni ausencia biológica; por el dictamen independiente se retira el valor no acreditado. Cierre nominal de trazabilidad v3; objeto nominal data/tablas/02/table-06a-2-8-2-diversidad-ecologia-metabolismo-posicion-alphaproteobacteria.csv:fila 2:ecología o tipo de vida explícito.","C-2276; data/tablas/02/table-06a-2-8-2-diversidad-ecologia-metabolismo-posicion-alphaproteobacteria.csv:fila 2:ecología o tipo de vida explícito"
"BN-165","NO LOCALIZADO EN ESTA SESIÓN","Pasaje que sostenga conjuntamente el valor anterior del campo metabolismo documentado para data/tablas/02/table-06a-2-8-2-diversidad-ecologia-metabolismo-posicion-alphaproteobacteria.csv:fila 2:metabolismo documentado","consulta nominal conjunta exacta identidad=«Rickettsiales»; campo=«metabolismo documentado»; valor=«puntuación acumulada de rasgos aerobios significativamente menor que la de mitocondrias aerobias; sin evidencia bioquímica de cardiolipina localizada por S49»; ámbito fuentes/ (451 artefactos); sha256_inventario=62fe8db317f35c6679f79343610a8ebd1e1069944c66769b477742860e2791bc; reproducible: python3 scripts/remediate_trace_residuals.py --probe BN-165","0 artefactos con coocurrencia literal de los tres componentes exactos tras normalizar mayúsculas y blancos. El resultado se limita a esta consulta y no demuestra inexistencia del dato ni ausencia biológica; por el dictamen independiente se retira el valor no acreditado. Cierre nominal de trazabilidad v3; objeto nominal data/tablas/02/table-06a-2-8-2-diversidad-ecologia-metabolismo-posicion-alphaproteobacteria.csv:fila 2:metabolismo documentado.","C-2277; data/tablas/02/table-06a-2-8-2-diversidad-ecologia-metabolismo-posicion-alphaproteobacteria.csv:fila 2:metabolismo documentado"
"BN-166","NO LOCALIZADO EN ESTA SESIÓN","Pasaje que sostenga conjuntamente el valor anterior del campo posición filogenética o relación con mitocondrias para data/tablas/02/table-06a-2-8-2-diversidad-ecologia-metabolismo-posicion-alphaproteobacteria.csv:fila 2:posición filogenética o relación con mitocondrias","consulta nominal conjunta exacta identidad=«Rickettsiales»; campo=«posición filogenética o relación con mitocondrias»; valor=«extremo temprano del muestreo de S49; la ausencia de la sintenia Cox11–COX3 y otros filtros llevaron a S49 a excluirlo como mejor candidato metabólico»; ámbito fuentes/ (451 artefactos); sha256_inventario=62fe8db317f35c6679f79343610a8ebd1e1069944c66769b477742860e2791bc; reproducible: python3 scripts/remediate_trace_residuals.py --probe BN-166","0 artefactos con coocurrencia literal de los tres componentes exactos tras normalizar mayúsculas y blancos. El resultado se limita a esta consulta y no demuestra inexistencia del dato ni ausencia biológica; por el dictamen independiente se retira el valor no acreditado. Cierre nominal de trazabilidad v3; objeto nominal data/tablas/02/table-06a-2-8-2-diversidad-ecologia-metabolismo-posicion-alphaproteobacteria.csv:fila 2:posición filogenética o relación con mitocondrias.","C-2278; data/tablas/02/table-06a-2-8-2-diversidad-ecologia-metabolismo-posicion-alphaproteobacteria.csv:fila 2:posición filogenética o relación con mitocondrias"
"BN-167","NO LOCALIZADO EN ESTA SESIÓN","Pasaje que sostenga conjuntamente el valor anterior del campo diversidad interna documentada para data/tablas/02/table-06a-2-8-2-diversidad-ecologia-metabolismo-posicion-alphaproteobacteria.csv:fila 3:diversidad interna documentada","consulta nominal conjunta exacta identidad=«Holosporales»; campo=«diversidad interna documentada»; valor=«unidad analítica separada con genomas ricos en AT»; ámbito fuentes/ (451 artefactos); sha256_inventario=62fe8db317f35c6679f79343610a8ebd1e1069944c66769b477742860e2791bc; reproducible: python3 scripts/remediate_trace_residuals.py --probe BN-167","0 artefactos con coocurrencia literal de los tres componentes exactos tras normalizar mayúsculas y blancos. El resultado se limita a esta consulta y no demuestra inexistencia del dato ni ausencia biológica; por el dictamen independiente se retira el valor no acreditado. Cierre nominal de trazabilidad v3; objeto nominal data/tablas/02/table-06a-2-8-2-diversidad-ecologia-metabolismo-posicion-alphaproteobacteria.csv:fila 3:diversidad interna documentada.","C-2280; data/tablas/02/table-06a-2-8-2-diversidad-ecologia-metabolismo-posicion-alphaproteobacteria.csv:fila 3:diversidad interna documentada"
"BN-168","NO LOCALIZADO EN ESTA SESIÓN","Pasaje que sostenga conjuntamente el valor anterior del campo ecología o tipo de vida explícito para data/tablas/02/table-06a-2-8-2-diversidad-ecologia-metabolismo-posicion-alphaproteobacteria.csv:fila 3:ecología o tipo de vida explícito","consulta nominal conjunta exacta identidad=«Holosporales»; campo=«ecología o tipo de vida explícito»; valor=«no consta una ficha ecológica representativa del linaje en los pasajes de S49 usados aquí»; ámbito fuentes/ (451 artefactos); sha256_inventario=62fe8db317f35c6679f79343610a8ebd1e1069944c66769b477742860e2791bc; reproducible: python3 scripts/remediate_trace_residuals.py --probe BN-168","0 artefactos con coocurrencia literal de los tres componentes exactos tras normalizar mayúsculas y blancos. El resultado se limita a esta consulta y no demuestra inexistencia del dato ni ausencia biológica; por el dictamen independiente se retira el valor no acreditado. Cierre nominal de trazabilidad v3; objeto nominal data/tablas/02/table-06a-2-8-2-diversidad-ecologia-metabolismo-posicion-alphaproteobacteria.csv:fila 3:ecología o tipo de vida explícito.","C-2281; data/tablas/02/table-06a-2-8-2-diversidad-ecologia-metabolismo-posicion-alphaproteobacteria.csv:fila 3:ecología o tipo de vida explícito"
"BN-169","NO LOCALIZADO EN ESTA SESIÓN","Pasaje que sostenga conjuntamente el valor anterior del campo posición filogenética o relación con mitocondrias para data/tablas/02/table-06a-2-8-2-diversidad-ecologia-metabolismo-posicion-alphaproteobacteria.csv:fila 3:posición filogenética o relación con mitocondrias","consulta nominal conjunta exacta identidad=«Holosporales»; campo=«posición filogenética o relación con mitocondrias»; valor=«posición intermedia entre Rickettsiales y Rhodospirillales después de corregir composición rica en AT»; ámbito fuentes/ (451 artefactos); sha256_inventario=62fe8db317f35c6679f79343610a8ebd1e1069944c66769b477742860e2791bc; reproducible: python3 scripts/remediate_trace_residuals.py --probe BN-169","0 artefactos con coocurrencia literal de los tres componentes exactos tras normalizar mayúsculas y blancos. El resultado se limita a esta consulta y no demuestra inexistencia del dato ni ausencia biológica; por el dictamen independiente se retira el valor no acreditado. Cierre nominal de trazabilidad v3; objeto nominal data/tablas/02/table-06a-2-8-2-diversidad-ecologia-metabolismo-posicion-alphaproteobacteria.csv:fila 3:posición filogenética o relación con mitocondrias.","C-2282; data/tablas/02/table-06a-2-8-2-diversidad-ecologia-metabolismo-posicion-alphaproteobacteria.csv:fila 3:posición filogenética o relación con mitocondrias"
"BN-170","NO LOCALIZADO EN ESTA SESIÓN","Pasaje que sostenga conjuntamente el valor anterior del campo clase de evidencia y límite para data/tablas/02/table-06a-2-8-2-diversidad-ecologia-metabolismo-posicion-alphaproteobacteria.csv:fila 3:clase de evidencia y límite","consulta nominal conjunta exacta identidad=«Holosporales»; campo=«clase de evidencia y límite»; valor=«posición y metabolismo proceden del esquema analítico de S49; no se extrapola ecología desde el nombre del clado»; ámbito fuentes/ (451 artefactos); sha256_inventario=62fe8db317f35c6679f79343610a8ebd1e1069944c66769b477742860e2791bc; reproducible: python3 scripts/remediate_trace_residuals.py --probe BN-170","0 artefactos con coocurrencia literal de los tres componentes exactos tras normalizar mayúsculas y blancos. El resultado se limita a esta consulta y no demuestra inexistencia del dato ni ausencia biológica; por el dictamen independiente se retira el valor no acreditado. Cierre nominal de trazabilidad v3; objeto nominal data/tablas/02/table-06a-2-8-2-diversidad-ecologia-metabolismo-posicion-alphaproteobacteria.csv:fila 3:clase de evidencia y límite.","C-2283; data/tablas/02/table-06a-2-8-2-diversidad-ecologia-metabolismo-posicion-alphaproteobacteria.csv:fila 3:clase de evidencia y límite"
"BN-171","NO LOCALIZADO EN ESTA SESIÓN","Pasaje que sostenga conjuntamente el valor anterior del campo metabolismo documentado para data/tablas/02/table-06a-2-8-2-diversidad-ecologia-metabolismo-posicion-alphaproteobacteria.csv:fila 4:metabolismo documentado","consulta nominal conjunta exacta identidad=«Rhodospirillales, incluidas Methylocystaceae»; campo=«metabolismo documentado»; valor=«M16B próximo al operón COX con M32 en Rhodospirillales; SPT en algunos miembros; Methylocystaceae con SPT»; ámbito fuentes/ (451 artefactos); sha256_inventario=62fe8db317f35c6679f79343610a8ebd1e1069944c66769b477742860e2791bc; reproducible: python3 scripts/remediate_trace_residuals.py --probe BN-171","0 artefactos con coocurrencia literal de los tres componentes exactos tras normalizar mayúsculas y blancos. El resultado se limita a esta consulta y no demuestra inexistencia del dato ni ausencia biológica; por el dictamen independiente se retira el valor no acreditado. Cierre nominal de trazabilidad v3; objeto nominal data/tablas/02/table-06a-2-8-2-diversidad-ecologia-metabolismo-posicion-alphaproteobacteria.csv:fila 4:metabolismo documentado.","C-2284; data/tablas/02/table-06a-2-8-2-diversidad-ecologia-metabolismo-posicion-alphaproteobacteria.csv:fila 4:metabolismo documentado"
"BN-172","NO LOCALIZADO EN ESTA SESIÓN","Pasaje que sostenga conjuntamente el valor anterior del campo posición filogenética o relación con mitocondrias para data/tablas/02/table-06a-2-8-2-diversidad-ecologia-metabolismo-posicion-alphaproteobacteria.csv:fila 4:posición filogenética o relación con mitocondrias","consulta nominal conjunta exacta identidad=«Rhodospirillales, incluidas Methylocystaceae»; campo=«posición filogenética o relación con mitocondrias»; valor=«superorden diverso de posición intermedia; algunos grupos marinos y Holosporales se evalúan respecto de él»; ámbito fuentes/ (451 artefactos); sha256_inventario=62fe8db317f35c6679f79343610a8ebd1e1069944c66769b477742860e2791bc; reproducible: python3 scripts/remediate_trace_residuals.py --probe BN-172","0 artefactos con coocurrencia literal de los tres componentes exactos tras normalizar mayúsculas y blancos. El resultado se limita a esta consulta y no demuestra inexistencia del dato ni ausencia biológica; por el dictamen independiente se retira el valor no acreditado. Cierre nominal de trazabilidad v3; objeto nominal data/tablas/02/table-06a-2-8-2-diversidad-ecologia-metabolismo-posicion-alphaproteobacteria.csv:fila 4:posición filogenética o relación con mitocondrias.","C-2285; data/tablas/02/table-06a-2-8-2-diversidad-ecologia-metabolismo-posicion-alphaproteobacteria.csv:fila 4:posición filogenética o relación con mitocondrias"
"BN-173","NO LOCALIZADO EN ESTA SESIÓN","Pasaje que sostenga conjuntamente el valor anterior del campo metabolismo documentado para data/tablas/02/table-06a-2-8-2-diversidad-ecologia-metabolismo-posicion-alphaproteobacteria.csv:fila 5:metabolismo documentado","consulta nominal conjunta exacta identidad=«MarineAlpha: HIMB59, TMED109 y TMED127»; campo=«metabolismo documentado»; valor=«puntuación acumulada de rasgos aerobios significativamente menor que la de mitocondrias aerobias»; ámbito fuentes/ (451 artefactos); sha256_inventario=62fe8db317f35c6679f79343610a8ebd1e1069944c66769b477742860e2791bc; reproducible: python3 scripts/remediate_trace_residuals.py --probe BN-173","0 artefactos con coocurrencia literal de los tres componentes exactos tras normalizar mayúsculas y blancos. El resultado se limita a esta consulta y no demuestra inexistencia del dato ni ausencia biológica; por el dictamen independiente se retira el valor no acreditado. Cierre nominal de trazabilidad v3; objeto nominal data/tablas/02/table-06a-2-8-2-diversidad-ecologia-metabolismo-posicion-alphaproteobacteria.csv:fila 5:metabolismo documentado.","C-2286; data/tablas/02/table-06a-2-8-2-diversidad-ecologia-metabolismo-posicion-alphaproteobacteria.csv:fila 5:metabolismo documentado"
"BN-174","NO LOCALIZADO EN ESTA SESIÓN","Pasaje que sostenga conjuntamente el valor anterior del campo metabolismo documentado para data/tablas/02/table-06a-2-8-2-diversidad-ecologia-metabolismo-posicion-alphaproteobacteria.csv:fila 6:metabolismo documentado","consulta nominal conjunta exacta identidad=«Sneathiellales y nuevos clados marinos»; campo=«metabolismo documentado»; valor=«Sneathiellales y clados relacionados mostraron puntuaciones aerobias comparables a mitocondrias; los nuevos clados concentran OFOR y otros rasgos anaerobios»; ámbito fuentes/ (451 artefactos); sha256_inventario=62fe8db317f35c6679f79343610a8ebd1e1069944c66769b477742860e2791bc; reproducible: python3 scripts/remediate_trace_residuals.py --probe BN-174","0 artefactos con coocurrencia literal de los tres componentes exactos tras normalizar mayúsculas y blancos. El resultado se limita a esta consulta y no demuestra inexistencia del dato ni ausencia biológica; por el dictamen independiente se retira el valor no acreditado. Cierre nominal de trazabilidad v3; objeto nominal data/tablas/02/table-06a-2-8-2-diversidad-ecologia-metabolismo-posicion-alphaproteobacteria.csv:fila 6:metabolismo documentado.","C-2289; data/tablas/02/table-06a-2-8-2-diversidad-ecologia-metabolismo-posicion-alphaproteobacteria.csv:fila 6:metabolismo documentado"
"BN-175","NO LOCALIZADO EN ESTA SESIÓN","Pasaje que sostenga conjuntamente el valor anterior del campo posición filogenética o relación con mitocondrias para data/tablas/02/table-06a-2-8-2-diversidad-ecologia-metabolismo-posicion-alphaproteobacteria.csv:fila 6:posición filogenética o relación con mitocondrias","consulta nominal conjunta exacta identidad=«Sneathiellales y nuevos clados marinos»; campo=«posición filogenética o relación con mitocondrias»; valor=«región filogenética central próxima al conjunto SERIK; separación analítica por diversidad bioenergética»; ámbito fuentes/ (451 artefactos); sha256_inventario=62fe8db317f35c6679f79343610a8ebd1e1069944c66769b477742860e2791bc; reproducible: python3 scripts/remediate_trace_residuals.py --probe BN-175","0 artefactos con coocurrencia literal de los tres componentes exactos tras normalizar mayúsculas y blancos. El resultado se limita a esta consulta y no demuestra inexistencia del dato ni ausencia biológica; por el dictamen independiente se retira el valor no acreditado. Cierre nominal de trazabilidad v3; objeto nominal data/tablas/02/table-06a-2-8-2-diversidad-ecologia-metabolismo-posicion-alphaproteobacteria.csv:fila 6:posición filogenética o relación con mitocondrias.","C-2290; data/tablas/02/table-06a-2-8-2-diversidad-ecologia-metabolismo-posicion-alphaproteobacteria.csv:fila 6:posición filogenética o relación con mitocondrias"
"BN-176","NO LOCALIZADO EN ESTA SESIÓN","Pasaje que sostenga conjuntamente el valor anterior del campo diversidad interna documentada para data/tablas/02/table-06a-2-8-2-diversidad-ecologia-metabolismo-posicion-alphaproteobacteria.csv:fila 7:diversidad interna documentada","consulta nominal conjunta exacta identidad=«Iodidimonadales: *Iodidimonas*, Q-1, J067, J084 y J134»; campo=«diversidad interna documentada»; valor=«orden del grupo SERIK; incluye cultivos y MAG que agrupan con *Iodidimonas*»; ámbito fuentes/ (451 artefactos); sha256_inventario=62fe8db317f35c6679f79343610a8ebd1e1069944c66769b477742860e2791bc; reproducible: python3 scripts/remediate_trace_residuals.py --probe BN-176","0 artefactos con coocurrencia literal de los tres componentes exactos tras normalizar mayúsculas y blancos. El resultado se limita a esta consulta y no demuestra inexistencia del dato ni ausencia biológica; por el dictamen independiente se retira el valor no acreditado. Cierre nominal de trazabilidad v3; objeto nominal data/tablas/02/table-06a-2-8-2-diversidad-ecologia-metabolismo-posicion-alphaproteobacteria.csv:fila 7:diversidad interna documentada.","C-2292; data/tablas/02/table-06a-2-8-2-diversidad-ecologia-metabolismo-posicion-alphaproteobacteria.csv:fila 7:diversidad interna documentada"
"BN-177","NO LOCALIZADO EN ESTA SESIÓN","Pasaje que sostenga conjuntamente el valor anterior del campo metabolismo documentado para data/tablas/02/table-06a-2-8-2-diversidad-ecologia-metabolismo-posicion-alphaproteobacteria.csv:fila 7:metabolismo documentado","consulta nominal conjunta exacta identidad=«Iodidimonadales: *Iodidimonas*, Q-1, J067, J084 y J134»; campo=«metabolismo documentado»; valor=«puntuación aerobia comparable a mitocondrias, sintenia M16B–ISP, máxima frecuencia de doble cardiolipina sintasa y combinación de rasgos aerobios y anaerobios»; ámbito fuentes/ (451 artefactos); sha256_inventario=62fe8db317f35c6679f79343610a8ebd1e1069944c66769b477742860e2791bc; reproducible: python3 scripts/remediate_trace_residuals.py --probe BN-177","0 artefactos con coocurrencia literal de los tres componentes exactos tras normalizar mayúsculas y blancos. El resultado se limita a esta consulta y no demuestra inexistencia del dato ni ausencia biológica; por el dictamen independiente se retira el valor no acreditado. Cierre nominal de trazabilidad v3; objeto nominal data/tablas/02/table-06a-2-8-2-diversidad-ecologia-metabolismo-posicion-alphaproteobacteria.csv:fila 7:metabolismo documentado.","C-2293; data/tablas/02/table-06a-2-8-2-diversidad-ecologia-metabolismo-posicion-alphaproteobacteria.csv:fila 7:metabolismo documentado"
"BN-178","NO LOCALIZADO EN ESTA SESIÓN","Pasaje que sostenga conjuntamente el valor anterior del campo posición filogenética o relación con mitocondrias para data/tablas/02/table-06a-2-8-2-diversidad-ecologia-metabolismo-posicion-alphaproteobacteria.csv:fila 7:posición filogenética o relación con mitocondrias","consulta nominal conjunta exacta identidad=«Iodidimonadales: *Iodidimonas*, Q-1, J067, J084 y J134»; campo=«posición filogenética o relación con mitocondrias»; valor=«linaje SERIK mantenido separado; S49 lo propone como mejor candidato funcional y espacio filogenético posible, no como grupo hermano demostrado»; ámbito fuentes/ (451 artefactos); sha256_inventario=62fe8db317f35c6679f79343610a8ebd1e1069944c66769b477742860e2791bc; reproducible: python3 scripts/remediate_trace_residuals.py --probe BN-178","0 artefactos con coocurrencia literal de los tres componentes exactos tras normalizar mayúsculas y blancos. El resultado se limita a esta consulta y no demuestra inexistencia del dato ni ausencia biológica; por el dictamen independiente se retira el valor no acreditado. Cierre nominal de trazabilidad v3; objeto nominal data/tablas/02/table-06a-2-8-2-diversidad-ecologia-metabolismo-posicion-alphaproteobacteria.csv:fila 7:posición filogenética o relación con mitocondrias.","C-2294; data/tablas/02/table-06a-2-8-2-diversidad-ecologia-metabolismo-posicion-alphaproteobacteria.csv:fila 7:posición filogenética o relación con mitocondrias"
"BN-179","NO LOCALIZADO EN ESTA SESIÓN","Pasaje que sostenga conjuntamente el valor anterior del campo clase de evidencia y límite para data/tablas/02/table-06a-2-8-2-diversidad-ecologia-metabolismo-posicion-alphaproteobacteria.csv:fila 7:clase de evidencia y límite","consulta nominal conjunta exacta identidad=«Iodidimonadales: *Iodidimonas*, Q-1, J067, J084 y J134»; campo=«clase de evidencia y límite»; valor=«genomas de cultivo y MAG, operones, rasgos y árbol COX3; el hábitat no convierte la hipótesis de origen en demostración»; ámbito fuentes/ (451 artefactos); sha256_inventario=62fe8db317f35c6679f79343610a8ebd1e1069944c66769b477742860e2791bc; reproducible: python3 scripts/remediate_trace_residuals.py --probe BN-179","0 artefactos con coocurrencia literal de los tres componentes exactos tras normalizar mayúsculas y blancos. El resultado se limita a esta consulta y no demuestra inexistencia del dato ni ausencia biológica; por el dictamen independiente se retira el valor no acreditado. Cierre nominal de trazabilidad v3; objeto nominal data/tablas/02/table-06a-2-8-2-diversidad-ecologia-metabolismo-posicion-alphaproteobacteria.csv:fila 7:clase de evidencia y límite.","C-2295; data/tablas/02/table-06a-2-8-2-diversidad-ecologia-metabolismo-posicion-alphaproteobacteria.csv:fila 7:clase de evidencia y límite"
"BN-180","NO LOCALIZADO EN ESTA SESIÓN","Pasaje que sostenga conjuntamente el valor anterior del campo diversidad interna documentada para data/tablas/02/table-06a-2-8-2-diversidad-ecologia-metabolismo-posicion-alphaproteobacteria.csv:fila 8:diversidad interna documentada","consulta nominal conjunta exacta identidad=«Rhodothalassiales + Kordiimonadales»; campo=«diversidad interna documentada»; valor=«unidades fusionadas en el análisis por rasgos comunes; *Kordiimonas pumila* figura nominalmente en tabla 2»; ámbito fuentes/ (451 artefactos); sha256_inventario=62fe8db317f35c6679f79343610a8ebd1e1069944c66769b477742860e2791bc; reproducible: python3 scripts/remediate_trace_residuals.py --probe BN-180","0 artefactos con coocurrencia literal de los tres componentes exactos tras normalizar mayúsculas y blancos. El resultado se limita a esta consulta y no demuestra inexistencia del dato ni ausencia biológica; por el dictamen independiente se retira el valor no acreditado. Cierre nominal de trazabilidad v3; objeto nominal data/tablas/02/table-06a-2-8-2-diversidad-ecologia-metabolismo-posicion-alphaproteobacteria.csv:fila 8:diversidad interna documentada.","C-2296; data/tablas/02/table-06a-2-8-2-diversidad-ecologia-metabolismo-posicion-alphaproteobacteria.csv:fila 8:diversidad interna documentada"
"BN-181","NO LOCALIZADO EN ESTA SESIÓN","Pasaje que sostenga conjuntamente el valor anterior del campo ecología o tipo de vida explícito para data/tablas/02/table-06a-2-8-2-diversidad-ecologia-metabolismo-posicion-alphaproteobacteria.csv:fila 8:ecología o tipo de vida explícito","consulta nominal conjunta exacta identidad=«Rhodothalassiales + Kordiimonadales»; campo=«ecología o tipo de vida explícito»; valor=«no consta una ficha ecológica representativa de toda la unidad en los pasajes de S49 usados aquí»; ámbito fuentes/ (451 artefactos); sha256_inventario=62fe8db317f35c6679f79343610a8ebd1e1069944c66769b477742860e2791bc; reproducible: python3 scripts/remediate_trace_residuals.py --probe BN-181","0 artefactos con coocurrencia literal de los tres componentes exactos tras normalizar mayúsculas y blancos. El resultado se limita a esta consulta y no demuestra inexistencia del dato ni ausencia biológica; por el dictamen independiente se retira el valor no acreditado. Cierre nominal de trazabilidad v3; objeto nominal data/tablas/02/table-06a-2-8-2-diversidad-ecologia-metabolismo-posicion-alphaproteobacteria.csv:fila 8:ecología o tipo de vida explícito.","C-2297; data/tablas/02/table-06a-2-8-2-diversidad-ecologia-metabolismo-posicion-alphaproteobacteria.csv:fila 8:ecología o tipo de vida explícito"
"BN-182","NO LOCALIZADO EN ESTA SESIÓN","Pasaje que sostenga conjuntamente el valor anterior del campo metabolismo documentado para data/tablas/02/table-06a-2-8-2-diversidad-ecologia-metabolismo-posicion-alphaproteobacteria.csv:fila 8:metabolismo documentado","consulta nominal conjunta exacta identidad=«Rhodothalassiales + Kordiimonadales»; campo=«metabolismo documentado»; valor=«Kordiimonadales mostró puntuación aerobia comparable a mitocondrias; tabla 2 registra sintenia ribosomal, SPT/KynU y ≥3 rasgos anaerobios en *K. pumila*»; ámbito fuentes/ (451 artefactos); sha256_inventario=62fe8db317f35c6679f79343610a8ebd1e1069944c66769b477742860e2791bc; reproducible: python3 scripts/remediate_trace_residuals.py --probe BN-182","0 artefactos con coocurrencia literal de los tres componentes exactos tras normalizar mayúsculas y blancos. El resultado se limita a esta consulta y no demuestra inexistencia del dato ni ausencia biológica; por el dictamen independiente se retira el valor no acreditado. Cierre nominal de trazabilidad v3; objeto nominal data/tablas/02/table-06a-2-8-2-diversidad-ecologia-metabolismo-posicion-alphaproteobacteria.csv:fila 8:metabolismo documentado.","C-2298; data/tablas/02/table-06a-2-8-2-diversidad-ecologia-metabolismo-posicion-alphaproteobacteria.csv:fila 8:metabolismo documentado"
"BN-183","NO LOCALIZADO EN ESTA SESIÓN","Pasaje que sostenga conjuntamente el valor anterior del campo posición filogenética o relación con mitocondrias para data/tablas/02/table-06a-2-8-2-diversidad-ecologia-metabolismo-posicion-alphaproteobacteria.csv:fila 8:posición filogenética o relación con mitocondrias","consulta nominal conjunta exacta identidad=«Rhodothalassiales + Kordiimonadales»; campo=«posición filogenética o relación con mitocondrias»; valor=«parte del conjunto SERIK; corona RIK comparada mediante COX3 con mitocondrias»; ámbito fuentes/ (451 artefactos); sha256_inventario=62fe8db317f35c6679f79343610a8ebd1e1069944c66769b477742860e2791bc; reproducible: python3 scripts/remediate_trace_residuals.py --probe BN-183","0 artefactos con coocurrencia literal de los tres componentes exactos tras normalizar mayúsculas y blancos. El resultado se limita a esta consulta y no demuestra inexistencia del dato ni ausencia biológica; por el dictamen independiente se retira el valor no acreditado. Cierre nominal de trazabilidad v3; objeto nominal data/tablas/02/table-06a-2-8-2-diversidad-ecologia-metabolismo-posicion-alphaproteobacteria.csv:fila 8:posición filogenética o relación con mitocondrias.","C-2299; data/tablas/02/table-06a-2-8-2-diversidad-ecologia-metabolismo-posicion-alphaproteobacteria.csv:fila 8:posición filogenética o relación con mitocondrias"
"BN-184","NO LOCALIZADO EN ESTA SESIÓN","Pasaje que sostenga conjuntamente el valor anterior del campo clase de evidencia y límite para data/tablas/02/table-06a-2-8-2-diversidad-ecologia-metabolismo-posicion-alphaproteobacteria.csv:fila 8:clase de evidencia y límite","consulta nominal conjunta exacta identidad=«Rhodothalassiales + Kordiimonadales»; campo=«clase de evidencia y límite»; valor=«fusión analítica de S49, no sinonimia taxonómica; las celdas vacías de tabla 2 no son ausencias»; ámbito fuentes/ (451 artefactos); sha256_inventario=62fe8db317f35c6679f79343610a8ebd1e1069944c66769b477742860e2791bc; reproducible: python3 scripts/remediate_trace_residuals.py --probe BN-184","0 artefactos con coocurrencia literal de los tres componentes exactos tras normalizar mayúsculas y blancos. El resultado se limita a esta consulta y no demuestra inexistencia del dato ni ausencia biológica; por el dictamen independiente se retira el valor no acreditado. Cierre nominal de trazabilidad v3; objeto nominal data/tablas/02/table-06a-2-8-2-diversidad-ecologia-metabolismo-posicion-alphaproteobacteria.csv:fila 8:clase de evidencia y límite.","C-2300; data/tablas/02/table-06a-2-8-2-diversidad-ecologia-metabolismo-posicion-alphaproteobacteria.csv:fila 8:clase de evidencia y límite"
"BN-185","NO LOCALIZADO EN ESTA SESIÓN","Pasaje que sostenga conjuntamente el valor anterior del campo ecología o tipo de vida explícito para data/tablas/02/table-06a-2-8-2-diversidad-ecologia-metabolismo-posicion-alphaproteobacteria.csv:fila 9:ecología o tipo de vida explícito","consulta nominal conjunta exacta identidad=«Pelagibacterales»; campo=«ecología o tipo de vida explícito»; valor=«no consta una ficha ecológica representativa en los pasajes de S49 usados aquí»; ámbito fuentes/ (451 artefactos); sha256_inventario=62fe8db317f35c6679f79343610a8ebd1e1069944c66769b477742860e2791bc; reproducible: python3 scripts/remediate_trace_residuals.py --probe BN-185","0 artefactos con coocurrencia literal de los tres componentes exactos tras normalizar mayúsculas y blancos. El resultado se limita a esta consulta y no demuestra inexistencia del dato ni ausencia biológica; por el dictamen independiente se retira el valor no acreditado. Cierre nominal de trazabilidad v3; objeto nominal data/tablas/02/table-06a-2-8-2-diversidad-ecologia-metabolismo-posicion-alphaproteobacteria.csv:fila 9:ecología o tipo de vida explícito.","C-2301; data/tablas/02/table-06a-2-8-2-diversidad-ecologia-metabolismo-posicion-alphaproteobacteria.csv:fila 9:ecología o tipo de vida explícito"
"BN-186","NO LOCALIZADO EN ESTA SESIÓN","Pasaje que sostenga conjuntamente el valor anterior del campo clase de evidencia y límite para data/tablas/02/table-06a-2-8-2-diversidad-ecologia-metabolismo-posicion-alphaproteobacteria.csv:fila 9:clase de evidencia y límite","consulta nominal conjunta exacta identidad=«Pelagibacterales»; campo=«clase de evidencia y límite»; valor=«muestreo representativo limitado y comparación de rasgos; no se infiere ecología por el nombre»; ámbito fuentes/ (451 artefactos); sha256_inventario=62fe8db317f35c6679f79343610a8ebd1e1069944c66769b477742860e2791bc; reproducible: python3 scripts/remediate_trace_residuals.py --probe BN-186","0 artefactos con coocurrencia literal de los tres componentes exactos tras normalizar mayúsculas y blancos. El resultado se limita a esta consulta y no demuestra inexistencia del dato ni ausencia biológica; por el dictamen independiente se retira el valor no acreditado. Cierre nominal de trazabilidad v3; objeto nominal data/tablas/02/table-06a-2-8-2-diversidad-ecologia-metabolismo-posicion-alphaproteobacteria.csv:fila 9:clase de evidencia y límite.","C-2302; data/tablas/02/table-06a-2-8-2-diversidad-ecologia-metabolismo-posicion-alphaproteobacteria.csv:fila 9:clase de evidencia y límite"
"BN-187","NO LOCALIZADO EN ESTA SESIÓN","Pasaje que sostenga conjuntamente el valor anterior del campo ecología o tipo de vida explícito para data/tablas/02/table-06a-2-8-2-diversidad-ecologia-metabolismo-posicion-alphaproteobacteria.csv:fila 10:ecología o tipo de vida explícito","consulta nominal conjunta exacta identidad=«Rhizobiales»; campo=«ecología o tipo de vida explícito»; valor=«no consta una ficha ecológica única del orden en los pasajes de S49 usados aquí»; ámbito fuentes/ (451 artefactos); sha256_inventario=62fe8db317f35c6679f79343610a8ebd1e1069944c66769b477742860e2791bc; reproducible: python3 scripts/remediate_trace_residuals.py --probe BN-187","0 artefactos con coocurrencia literal de los tres componentes exactos tras normalizar mayúsculas y blancos. El resultado se limita a esta consulta y no demuestra inexistencia del dato ni ausencia biológica; por el dictamen independiente se retira el valor no acreditado. Cierre nominal de trazabilidad v3; objeto nominal data/tablas/02/table-06a-2-8-2-diversidad-ecologia-metabolismo-posicion-alphaproteobacteria.csv:fila 10:ecología o tipo de vida explícito.","C-2303; data/tablas/02/table-06a-2-8-2-diversidad-ecologia-metabolismo-posicion-alphaproteobacteria.csv:fila 10:ecología o tipo de vida explícito"
"BN-188","NO LOCALIZADO EN ESTA SESIÓN","Pasaje que sostenga conjuntamente el valor anterior del campo metabolismo documentado para data/tablas/02/table-06a-2-8-2-diversidad-ecologia-metabolismo-posicion-alphaproteobacteria.csv:fila 10:metabolismo documentado","consulta nominal conjunta exacta identidad=«Rhizobiales»; campo=«metabolismo documentado»; valor=«puntuación aerobia comparable a mitocondrias; frecuencia máxima de ambos tipos de cardiolipina sintasa; SPT en pocos miembros y rasgos anaerobios en Azospirillaceae»; ámbito fuentes/ (451 artefactos); sha256_inventario=62fe8db317f35c6679f79343610a8ebd1e1069944c66769b477742860e2791bc; reproducible: python3 scripts/remediate_trace_residuals.py --probe BN-188","0 artefactos con coocurrencia literal de los tres componentes exactos tras normalizar mayúsculas y blancos. El resultado se limita a esta consulta y no demuestra inexistencia del dato ni ausencia biológica; por el dictamen independiente se retira el valor no acreditado. Cierre nominal de trazabilidad v3; objeto nominal data/tablas/02/table-06a-2-8-2-diversidad-ecologia-metabolismo-posicion-alphaproteobacteria.csv:fila 10:metabolismo documentado.","C-2304; data/tablas/02/table-06a-2-8-2-diversidad-ecologia-metabolismo-posicion-alphaproteobacteria.csv:fila 10:metabolismo documentado"
"BN-189","NO LOCALIZADO EN ESTA SESIÓN","Pasaje que sostenga conjuntamente el valor anterior del campo posición filogenética o relación con mitocondrias para data/tablas/02/table-06a-2-8-2-diversidad-ecologia-metabolismo-posicion-alphaproteobacteria.csv:fila 10:posición filogenética o relación con mitocondrias","consulta nominal conjunta exacta identidad=«Rhizobiales»; campo=«posición filogenética o relación con mitocondrias»; valor=«posterior a Pelagibacterales en el orden adoptado; próximo a SERIK/Rhodospirillales en análisis COX3 sin ser candidato único»; ámbito fuentes/ (451 artefactos); sha256_inventario=62fe8db317f35c6679f79343610a8ebd1e1069944c66769b477742860e2791bc; reproducible: python3 scripts/remediate_trace_residuals.py --probe BN-189","0 artefactos con coocurrencia literal de los tres componentes exactos tras normalizar mayúsculas y blancos. El resultado se limita a esta consulta y no demuestra inexistencia del dato ni ausencia biológica; por el dictamen independiente se retira el valor no acreditado. Cierre nominal de trazabilidad v3; objeto nominal data/tablas/02/table-06a-2-8-2-diversidad-ecologia-metabolismo-posicion-alphaproteobacteria.csv:fila 10:posición filogenética o relación con mitocondrias.","C-2305; data/tablas/02/table-06a-2-8-2-diversidad-ecologia-metabolismo-posicion-alphaproteobacteria.csv:fila 10:posición filogenética o relación con mitocondrias"
"BN-190","NO LOCALIZADO EN ESTA SESIÓN","Pasaje que sostenga conjuntamente el valor anterior del campo clase de evidencia y límite para data/tablas/02/table-06a-2-8-2-diversidad-ecologia-metabolismo-posicion-alphaproteobacteria.csv:fila 10:clase de evidencia y límite","consulta nominal conjunta exacta identidad=«Rhizobiales»; campo=«clase de evidencia y límite»; valor=«genómica comparada; heterogeneidad interna explícita impide atribuir cada rasgo a todo el orden»; ámbito fuentes/ (451 artefactos); sha256_inventario=62fe8db317f35c6679f79343610a8ebd1e1069944c66769b477742860e2791bc; reproducible: python3 scripts/remediate_trace_residuals.py --probe BN-190","0 artefactos con coocurrencia literal de los tres componentes exactos tras normalizar mayúsculas y blancos. El resultado se limita a esta consulta y no demuestra inexistencia del dato ni ausencia biológica; por el dictamen independiente se retira el valor no acreditado. Cierre nominal de trazabilidad v3; objeto nominal data/tablas/02/table-06a-2-8-2-diversidad-ecologia-metabolismo-posicion-alphaproteobacteria.csv:fila 10:clase de evidencia y límite.","C-2306; data/tablas/02/table-06a-2-8-2-diversidad-ecologia-metabolismo-posicion-alphaproteobacteria.csv:fila 10:clase de evidencia y límite"
"BN-191","NO LOCALIZADO EN ESTA SESIÓN","Pasaje que sostenga conjuntamente el valor anterior del campo ecología o tipo de vida explícito para data/tablas/02/table-06a-2-8-2-diversidad-ecologia-metabolismo-posicion-alphaproteobacteria.csv:fila 11:ecología o tipo de vida explícito","consulta nominal conjunta exacta identidad=«Sphingomonadales»; campo=«ecología o tipo de vida explícito»; valor=«no consta una ficha ecológica representativa en los pasajes de S49 usados aquí»; ámbito fuentes/ (451 artefactos); sha256_inventario=62fe8db317f35c6679f79343610a8ebd1e1069944c66769b477742860e2791bc; reproducible: python3 scripts/remediate_trace_residuals.py --probe BN-191","0 artefactos con coocurrencia literal de los tres componentes exactos tras normalizar mayúsculas y blancos. El resultado se limita a esta consulta y no demuestra inexistencia del dato ni ausencia biológica; por el dictamen independiente se retira el valor no acreditado. Cierre nominal de trazabilidad v3; objeto nominal data/tablas/02/table-06a-2-8-2-diversidad-ecologia-metabolismo-posicion-alphaproteobacteria.csv:fila 11:ecología o tipo de vida explícito.","C-2307; data/tablas/02/table-06a-2-8-2-diversidad-ecologia-metabolismo-posicion-alphaproteobacteria.csv:fila 11:ecología o tipo de vida explícito"
"BN-192","NO LOCALIZADO EN ESTA SESIÓN","Pasaje que sostenga conjuntamente el valor anterior del campo metabolismo documentado para data/tablas/02/table-06a-2-8-2-diversidad-ecologia-metabolismo-posicion-alphaproteobacteria.csv:fila 11:metabolismo documentado","consulta nominal conjunta exacta identidad=«Sphingomonadales»; campo=«metabolismo documentado»; valor=«puntuación aerobia comparable a mitocondrias y frecuencia alta esperada de genes de biosíntesis de esfingolípidos»; ámbito fuentes/ (451 artefactos); sha256_inventario=62fe8db317f35c6679f79343610a8ebd1e1069944c66769b477742860e2791bc; reproducible: python3 scripts/remediate_trace_residuals.py --probe BN-192","0 artefactos con coocurrencia literal de los tres componentes exactos tras normalizar mayúsculas y blancos. El resultado se limita a esta consulta y no demuestra inexistencia del dato ni ausencia biológica; por el dictamen independiente se retira el valor no acreditado. Cierre nominal de trazabilidad v3; objeto nominal data/tablas/02/table-06a-2-8-2-diversidad-ecologia-metabolismo-posicion-alphaproteobacteria.csv:fila 11:metabolismo documentado.","C-2308; data/tablas/02/table-06a-2-8-2-diversidad-ecologia-metabolismo-posicion-alphaproteobacteria.csv:fila 11:metabolismo documentado"
"BN-193","NO LOCALIZADO EN ESTA SESIÓN","Pasaje que sostenga conjuntamente el valor anterior del campo posición filogenética o relación con mitocondrias para data/tablas/02/table-06a-2-8-2-diversidad-ecologia-metabolismo-posicion-alphaproteobacteria.csv:fila 11:posición filogenética o relación con mitocondrias","consulta nominal conjunta exacta identidad=«Sphingomonadales»; campo=«posición filogenética o relación con mitocondrias»; valor=«linaje tardío representado por muestreo reducido; no se lo identifica como hermano mitocondrial»; ámbito fuentes/ (451 artefactos); sha256_inventario=62fe8db317f35c6679f79343610a8ebd1e1069944c66769b477742860e2791bc; reproducible: python3 scripts/remediate_trace_residuals.py --probe BN-193","0 artefactos con coocurrencia literal de los tres componentes exactos tras normalizar mayúsculas y blancos. El resultado se limita a esta consulta y no demuestra inexistencia del dato ni ausencia biológica; por el dictamen independiente se retira el valor no acreditado. Cierre nominal de trazabilidad v3; objeto nominal data/tablas/02/table-06a-2-8-2-diversidad-ecologia-metabolismo-posicion-alphaproteobacteria.csv:fila 11:posición filogenética o relación con mitocondrias.","C-2309; data/tablas/02/table-06a-2-8-2-diversidad-ecologia-metabolismo-posicion-alphaproteobacteria.csv:fila 11:posición filogenética o relación con mitocondrias"
"BN-194","NO LOCALIZADO EN ESTA SESIÓN","Pasaje que sostenga conjuntamente el valor anterior del campo clase de evidencia y límite para data/tablas/02/table-06a-2-8-2-diversidad-ecologia-metabolismo-posicion-alphaproteobacteria.csv:fila 11:clase de evidencia y límite","consulta nominal conjunta exacta identidad=«Sphingomonadales»; campo=«clase de evidencia y límite»; valor=«genómica de rasgos; la alta frecuencia de una vía no describe toda su ecología»; ámbito fuentes/ (451 artefactos); sha256_inventario=62fe8db317f35c6679f79343610a8ebd1e1069944c66769b477742860e2791bc; reproducible: python3 scripts/remediate_trace_residuals.py --probe BN-194","0 artefactos con coocurrencia literal de los tres componentes exactos tras normalizar mayúsculas y blancos. El resultado se limita a esta consulta y no demuestra inexistencia del dato ni ausencia biológica; por el dictamen independiente se retira el valor no acreditado. Cierre nominal de trazabilidad v3; objeto nominal data/tablas/02/table-06a-2-8-2-diversidad-ecologia-metabolismo-posicion-alphaproteobacteria.csv:fila 11:clase de evidencia y límite.","C-2310; data/tablas/02/table-06a-2-8-2-diversidad-ecologia-metabolismo-posicion-alphaproteobacteria.csv:fila 11:clase de evidencia y límite"
"BN-195","NO LOCALIZADO EN ESTA SESIÓN","Pasaje que sostenga conjuntamente el valor anterior del campo ecología o tipo de vida explícito para data/tablas/02/table-06a-2-8-2-diversidad-ecologia-metabolismo-posicion-alphaproteobacteria.csv:fila 12:ecología o tipo de vida explícito","consulta nominal conjunta exacta identidad=«Caulobacterales»; campo=«ecología o tipo de vida explícito»; valor=«no consta una ficha ecológica representativa en los pasajes de S49 usados aquí»; ámbito fuentes/ (451 artefactos); sha256_inventario=62fe8db317f35c6679f79343610a8ebd1e1069944c66769b477742860e2791bc; reproducible: python3 scripts/remediate_trace_residuals.py --probe BN-195","0 artefactos con coocurrencia literal de los tres componentes exactos tras normalizar mayúsculas y blancos. El resultado se limita a esta consulta y no demuestra inexistencia del dato ni ausencia biológica; por el dictamen independiente se retira el valor no acreditado. Cierre nominal de trazabilidad v3; objeto nominal data/tablas/02/table-06a-2-8-2-diversidad-ecologia-metabolismo-posicion-alphaproteobacteria.csv:fila 12:ecología o tipo de vida explícito.","C-2311; data/tablas/02/table-06a-2-8-2-diversidad-ecologia-metabolismo-posicion-alphaproteobacteria.csv:fila 12:ecología o tipo de vida explícito"
"BN-196","NO LOCALIZADO EN ESTA SESIÓN","Pasaje que sostenga conjuntamente el valor anterior del campo metabolismo documentado para data/tablas/02/table-06a-2-8-2-diversidad-ecologia-metabolismo-posicion-alphaproteobacteria.csv:fila 12:metabolismo documentado","consulta nominal conjunta exacta identidad=«Caulobacterales»; campo=«metabolismo documentado»; valor=«puntuación aerobia comparable a mitocondrias, pero enzimas de cardiolipina distintas de PgsA esencialmente ausentes; SPT limitado y combinación SPT–KynU ausente»; ámbito fuentes/ (451 artefactos); sha256_inventario=62fe8db317f35c6679f79343610a8ebd1e1069944c66769b477742860e2791bc; reproducible: python3 scripts/remediate_trace_residuals.py --probe BN-196","0 artefactos con coocurrencia literal de los tres componentes exactos tras normalizar mayúsculas y blancos. El resultado se limita a esta consulta y no demuestra inexistencia del dato ni ausencia biológica; por el dictamen independiente se retira el valor no acreditado. Cierre nominal de trazabilidad v3; objeto nominal data/tablas/02/table-06a-2-8-2-diversidad-ecologia-metabolismo-posicion-alphaproteobacteria.csv:fila 12:metabolismo documentado.","C-2312; data/tablas/02/table-06a-2-8-2-diversidad-ecologia-metabolismo-posicion-alphaproteobacteria.csv:fila 12:metabolismo documentado"
"BN-197","NO LOCALIZADO EN ESTA SESIÓN","Pasaje que sostenga conjuntamente el valor anterior del campo posición filogenética o relación con mitocondrias para data/tablas/02/table-06a-2-8-2-diversidad-ecologia-metabolismo-posicion-alphaproteobacteria.csv:fila 12:posición filogenética o relación con mitocondrias","consulta nominal conjunta exacta identidad=«Caulobacterales»; campo=«posición filogenética o relación con mitocondrias»; valor=«linaje tardío representado; algunos Parvularculales/Maricaulales agrupan con él y no se trataron aparte»; ámbito fuentes/ (451 artefactos); sha256_inventario=62fe8db317f35c6679f79343610a8ebd1e1069944c66769b477742860e2791bc; reproducible: python3 scripts/remediate_trace_residuals.py --probe BN-197","0 artefactos con coocurrencia literal de los tres componentes exactos tras normalizar mayúsculas y blancos. El resultado se limita a esta consulta y no demuestra inexistencia del dato ni ausencia biológica; por el dictamen independiente se retira el valor no acreditado. Cierre nominal de trazabilidad v3; objeto nominal data/tablas/02/table-06a-2-8-2-diversidad-ecologia-metabolismo-posicion-alphaproteobacteria.csv:fila 12:posición filogenética o relación con mitocondrias.","C-2313; data/tablas/02/table-06a-2-8-2-diversidad-ecologia-metabolismo-posicion-alphaproteobacteria.csv:fila 12:posición filogenética o relación con mitocondrias"
"BN-198","NO LOCALIZADO EN ESTA SESIÓN","Pasaje que sostenga conjuntamente el valor anterior del campo ecología o tipo de vida explícito para data/tablas/02/table-06a-2-8-2-diversidad-ecologia-metabolismo-posicion-alphaproteobacteria.csv:fila 13:ecología o tipo de vida explícito","consulta nominal conjunta exacta identidad=«Rhodobacterales»; campo=«ecología o tipo de vida explícito»; valor=«no consta una ficha ecológica representativa en los pasajes de S49 usados aquí»; ámbito fuentes/ (451 artefactos); sha256_inventario=62fe8db317f35c6679f79343610a8ebd1e1069944c66769b477742860e2791bc; reproducible: python3 scripts/remediate_trace_residuals.py --probe BN-198","0 artefactos con coocurrencia literal de los tres componentes exactos tras normalizar mayúsculas y blancos. El resultado se limita a esta consulta y no demuestra inexistencia del dato ni ausencia biológica; por el dictamen independiente se retira el valor no acreditado. Cierre nominal de trazabilidad v3; objeto nominal data/tablas/02/table-06a-2-8-2-diversidad-ecologia-metabolismo-posicion-alphaproteobacteria.csv:fila 13:ecología o tipo de vida explícito.","C-2315; data/tablas/02/table-06a-2-8-2-diversidad-ecologia-metabolismo-posicion-alphaproteobacteria.csv:fila 13:ecología o tipo de vida explícito"
"BN-415","NO LOCALIZADO EN ESTA SESIÓN","Pasaje que sostenga conjuntamente el valor anterior del campo matriz para data/tablas/02/table-01-2-1-2-por-que-el-modelo-cambia-el-arbol.csv:fila 2:matriz","consulta nominal conjunta exacta identidad=«Woese et al. 1990»; campo=«matriz»; valor=«no consta en las afirmaciones recuperadas [BN-115]»; ámbito fuentes/ (451 artefactos); sha256_inventario=62fe8db317f35c6679f79343610a8ebd1e1069944c66769b477742860e2791bc; reproducible: python3 scripts/remediate_trace_residuals.py --probe BN-415","0 artefactos con coocurrencia literal de los tres componentes exactos tras normalizar mayúsculas y blancos. El resultado se limita a esta consulta y no demuestra inexistencia del dato ni ausencia biológica; por el dictamen independiente se retira el valor no acreditado. Cierre nominal de trazabilidad v3; objeto nominal data/tablas/02/table-01-2-1-2-por-que-el-modelo-cambia-el-arbol.csv:fila 2:matriz.","C-2572; data/tablas/02/table-01-2-1-2-por-que-el-modelo-cambia-el-arbol.csv:fila 2:matriz"
"BN-416","NO LOCALIZADO EN ESTA SESIÓN","Pasaje que sostenga conjuntamente el valor anterior del campo muestreo taxonómico para data/tablas/02/table-01-2-1-2-por-que-el-modelo-cambia-el-arbol.csv:fila 2:muestreo taxonómico","consulta nominal conjunta exacta identidad=«Woese et al. 1990»; campo=«muestreo taxonómico»; valor=«no consta en las afirmaciones recuperadas [BN-115]»; ámbito fuentes/ (451 artefactos); sha256_inventario=62fe8db317f35c6679f79343610a8ebd1e1069944c66769b477742860e2791bc; reproducible: python3 scripts/remediate_trace_residuals.py --probe BN-416","0 artefactos con coocurrencia literal de los tres componentes exactos tras normalizar mayúsculas y blancos. El resultado se limita a esta consulta y no demuestra inexistencia del dato ni ausencia biológica; por el dictamen independiente se retira el valor no acreditado. Cierre nominal de trazabilidad v3; objeto nominal data/tablas/02/table-01-2-1-2-por-que-el-modelo-cambia-el-arbol.csv:fila 2:muestreo taxonómico.","C-2573; data/tablas/02/table-01-2-1-2-por-que-el-modelo-cambia-el-arbol.csv:fila 2:muestreo taxonómico"
"BN-417","NO LOCALIZADO EN ESTA SESIÓN","Pasaje que sostenga conjuntamente el valor anterior del campo modelo para data/tablas/02/table-01-2-1-2-por-que-el-modelo-cambia-el-arbol.csv:fila 2:modelo","consulta nominal conjunta exacta identidad=«Woese et al. 1990»; campo=«modelo»; valor=«no consta en la fuente localizada [BN-115]»; ámbito fuentes/ (451 artefactos); sha256_inventario=62fe8db317f35c6679f79343610a8ebd1e1069944c66769b477742860e2791bc; reproducible: python3 scripts/remediate_trace_residuals.py --probe BN-417","0 artefactos con coocurrencia literal de los tres componentes exactos tras normalizar mayúsculas y blancos. El resultado se limita a esta consulta y no demuestra inexistencia del dato ni ausencia biológica; por el dictamen independiente se retira el valor no acreditado. Cierre nominal de trazabilidad v3; objeto nominal data/tablas/02/table-01-2-1-2-por-que-el-modelo-cambia-el-arbol.csv:fila 2:modelo.","C-2575; data/tablas/02/table-01-2-1-2-por-que-el-modelo-cambia-el-arbol.csv:fila 2:modelo"
"BN-418","NO LOCALIZADO EN ESTA SESIÓN","Pasaje que sostenga conjuntamente el valor anterior del campo límite o campo no publicado/localizado para data/tablas/02/table-01-2-1-2-por-que-el-modelo-cambia-el-arbol.csv:fila 2:límite o campo no publicado/localizado","consulta nominal conjunta exacta identidad=«Woese et al. 1990»; campo=«límite o campo no publicado/localizado»; valor=«Resultado histórico sin matriz, muestreo, modelo o soporte cuantitativo recuperados; no se equipara a una filogenómica posterior.»; ámbito fuentes/ (451 artefactos); sha256_inventario=62fe8db317f35c6679f79343610a8ebd1e1069944c66769b477742860e2791bc; reproducible: python3 scripts/remediate_trace_residuals.py --probe BN-418","0 artefactos con coocurrencia literal de los tres componentes exactos tras normalizar mayúsculas y blancos. El resultado se limita a esta consulta y no demuestra inexistencia del dato ni ausencia biológica; por el dictamen independiente se retira el valor no acreditado. Cierre nominal de trazabilidad v3; objeto nominal data/tablas/02/table-01-2-1-2-por-que-el-modelo-cambia-el-arbol.csv:fila 2:límite o campo no publicado/localizado.","C-2577; data/tablas/02/table-01-2-1-2-por-que-el-modelo-cambia-el-arbol.csv:fila 2:límite o campo no publicado/localizado"
"BN-419","NO LOCALIZADO EN ESTA SESIÓN","Pasaje que sostenga conjuntamente el valor anterior del campo muestreo taxonómico para data/tablas/02/table-01-2-1-2-por-que-el-modelo-cambia-el-arbol.csv:fila 3:muestreo taxonómico","consulta nominal conjunta exacta identidad=«Lake et al. 1984»; campo=«muestreo taxonómico»; valor=«eocitos termoacidófilos examinados; desglose nominal no consta en las afirmaciones recuperadas [BN-115]»; ámbito fuentes/ (451 artefactos); sha256_inventario=62fe8db317f35c6679f79343610a8ebd1e1069944c66769b477742860e2791bc; reproducible: python3 scripts/remediate_trace_residuals.py --probe BN-419","0 artefactos con coocurrencia literal de los tres componentes exactos tras normalizar mayúsculas y blancos. El resultado se limita a esta consulta y no demuestra inexistencia del dato ni ausencia biológica; por el dictamen independiente se retira el valor no acreditado. Cierre nominal de trazabilidad v3; objeto nominal data/tablas/02/table-01-2-1-2-por-que-el-modelo-cambia-el-arbol.csv:fila 3:muestreo taxonómico.","C-2578; data/tablas/02/table-01-2-1-2-por-que-el-modelo-cambia-el-arbol.csv:fila 3:muestreo taxonómico"
"BN-420","NO LOCALIZADO EN ESTA SESIÓN","Pasaje que sostenga conjuntamente el valor anterior del campo modelo para data/tablas/02/table-01-2-1-2-por-que-el-modelo-cambia-el-arbol.csv:fila 3:modelo","consulta nominal conjunta exacta identidad=«Lake et al. 1984»; campo=«modelo»; valor=«n/a: no es una inferencia de sustitución molecular»; ámbito fuentes/ (451 artefactos); sha256_inventario=62fe8db317f35c6679f79343610a8ebd1e1069944c66769b477742860e2791bc; reproducible: python3 scripts/remediate_trace_residuals.py --probe BN-420","0 artefactos con coocurrencia literal de los tres componentes exactos tras normalizar mayúsculas y blancos. El resultado se limita a esta consulta y no demuestra inexistencia del dato ni ausencia biológica; por el dictamen independiente se retira el valor no acreditado. Cierre nominal de trazabilidad v3; objeto nominal data/tablas/02/table-01-2-1-2-por-que-el-modelo-cambia-el-arbol.csv:fila 3:modelo.","C-2579; data/tablas/02/table-01-2-1-2-por-que-el-modelo-cambia-el-arbol.csv:fila 3:modelo"
"BN-421","NO LOCALIZADO EN ESTA SESIÓN","Pasaje que sostenga conjuntamente el valor anterior del campo soporte cuantitativo tal cual para data/tablas/02/table-01-2-1-2-por-que-el-modelo-cambia-el-arbol.csv:fila 3:soporte cuantitativo tal cual","consulta nominal conjunta exacta identidad=«Lake et al. 1984»; campo=«soporte cuantitativo tal cual»; valor=«cuatro patrones; figuras 1–4; no consta una estadística de soporte común [BN-115]»; ámbito fuentes/ (451 artefactos); sha256_inventario=62fe8db317f35c6679f79343610a8ebd1e1069944c66769b477742860e2791bc; reproducible: python3 scripts/remediate_trace_residuals.py --probe BN-421","0 artefactos con coocurrencia literal de los tres componentes exactos tras normalizar mayúsculas y blancos. El resultado se limita a esta consulta y no demuestra inexistencia del dato ni ausencia biológica; por el dictamen independiente se retira el valor no acreditado. Cierre nominal de trazabilidad v3; objeto nominal data/tablas/02/table-01-2-1-2-por-que-el-modelo-cambia-el-arbol.csv:fila 3:soporte cuantitativo tal cual.","C-2580; data/tablas/02/table-01-2-1-2-por-que-el-modelo-cambia-el-arbol.csv:fila 3:soporte cuantitativo tal cual"
"BN-422","NO LOCALIZADO EN ESTA SESIÓN","Pasaje que sostenga conjuntamente el valor anterior del campo límite o campo no publicado/localizado para data/tablas/02/table-01-2-1-2-por-que-el-modelo-cambia-el-arbol.csv:fila 3:límite o campo no publicado/localizado","consulta nominal conjunta exacta identidad=«Lake et al. 1984»; campo=«límite o campo no publicado/localizado»; valor=«El muestreo histórico no equivale a una matriz genómica moderna.»; ámbito fuentes/ (451 artefactos); sha256_inventario=62fe8db317f35c6679f79343610a8ebd1e1069944c66769b477742860e2791bc; reproducible: python3 scripts/remediate_trace_residuals.py --probe BN-422","0 artefactos con coocurrencia literal de los tres componentes exactos tras normalizar mayúsculas y blancos. El resultado se limita a esta consulta y no demuestra inexistencia del dato ni ausencia biológica; por el dictamen independiente se retira el valor no acreditado. Cierre nominal de trazabilidad v3; objeto nominal data/tablas/02/table-01-2-1-2-por-que-el-modelo-cambia-el-arbol.csv:fila 3:límite o campo no publicado/localizado.","C-2581; data/tablas/02/table-01-2-1-2-por-que-el-modelo-cambia-el-arbol.csv:fila 3:límite o campo no publicado/localizado"
"BN-423","NO LOCALIZADO EN ESTA SESIÓN","Pasaje que sostenga conjuntamente el valor anterior del campo muestreo taxonómico para data/tablas/02/table-01-2-1-2-por-que-el-modelo-cambia-el-arbol.csv:fila 5:muestreo taxonómico","consulta nominal conjunta exacta identidad=«Da Cunha et al. 2017»; campo=«muestreo taxonómico»; valor=«taxones incluidos en los conjuntos publicados; desglose nominal no consta en las afirmaciones recuperadas [BN-115]»; ámbito fuentes/ (451 artefactos); sha256_inventario=62fe8db317f35c6679f79343610a8ebd1e1069944c66769b477742860e2791bc; reproducible: python3 scripts/remediate_trace_residuals.py --probe BN-423","0 artefactos con coocurrencia literal de los tres componentes exactos tras normalizar mayúsculas y blancos. El resultado se limita a esta consulta y no demuestra inexistencia del dato ni ausencia biológica; por el dictamen independiente se retira el valor no acreditado. Cierre nominal de trazabilidad v3; objeto nominal data/tablas/02/table-01-2-1-2-por-que-el-modelo-cambia-el-arbol.csv:fila 5:muestreo taxonómico.","C-2586; data/tablas/02/table-01-2-1-2-por-que-el-modelo-cambia-el-arbol.csv:fila 5:muestreo taxonómico"
"BN-424","NO LOCALIZADO EN ESTA SESIÓN","Pasaje que sostenga conjuntamente el valor anterior del campo modelo para data/tablas/02/table-01-2-1-2-por-que-el-modelo-cambia-el-arbol.csv:fila 5:modelo","consulta nominal conjunta exacta identidad=«Da Cunha et al. 2017»; campo=«modelo»; valor=«modelo de sustitución no consta en las afirmaciones recuperadas [BN-115]»; ámbito fuentes/ (451 artefactos); sha256_inventario=62fe8db317f35c6679f79343610a8ebd1e1069944c66769b477742860e2791bc; reproducible: python3 scripts/remediate_trace_residuals.py --probe BN-424","0 artefactos con coocurrencia literal de los tres componentes exactos tras normalizar mayúsculas y blancos. El resultado se limita a esta consulta y no demuestra inexistencia del dato ni ausencia biológica; por el dictamen independiente se retira el valor no acreditado. Cierre nominal de trazabilidad v3; objeto nominal data/tablas/02/table-01-2-1-2-por-que-el-modelo-cambia-el-arbol.csv:fila 5:modelo.","C-2588; data/tablas/02/table-01-2-1-2-por-que-el-modelo-cambia-el-arbol.csv:fila 5:modelo"
"BN-425","NO LOCALIZADO EN ESTA SESIÓN","Pasaje que sostenga conjuntamente el valor anterior del campo muestreo taxonómico para data/tablas/02/table-01-2-1-2-por-que-el-modelo-cambia-el-arbol.csv:fila 6:muestreo taxonómico","consulta nominal conjunta exacta identidad=«Spang et al. 2018»; campo=«muestreo taxonómico»; valor=«taxones del reanálisis publicado; desglose nominal no consta en las afirmaciones recuperadas [BN-115]»; ámbito fuentes/ (451 artefactos); sha256_inventario=62fe8db317f35c6679f79343610a8ebd1e1069944c66769b477742860e2791bc; reproducible: python3 scripts/remediate_trace_residuals.py --probe BN-425","0 artefactos con coocurrencia literal de los tres componentes exactos tras normalizar mayúsculas y blancos. El resultado se limita a esta consulta y no demuestra inexistencia del dato ni ausencia biológica; por el dictamen independiente se retira el valor no acreditado. Cierre nominal de trazabilidad v3; objeto nominal data/tablas/02/table-01-2-1-2-por-que-el-modelo-cambia-el-arbol.csv:fila 6:muestreo taxonómico.","C-2591; data/tablas/02/table-01-2-1-2-por-que-el-modelo-cambia-el-arbol.csv:fila 6:muestreo taxonómico"
"BN-426","NO LOCALIZADO EN ESTA SESIÓN","Pasaje que sostenga conjuntamente el valor anterior del campo análisis para data/tablas/02/table-01-2-1-2-por-que-el-modelo-cambia-el-arbol.csv:fila 6:análisis","consulta nominal conjunta exacta identidad=«Spang et al. 2018»; campo=«análisis»; valor=«reanálisis de contaminación, selección de proteínas y diagnóstico de atracción de ramas largas»; ámbito fuentes/ (451 artefactos); sha256_inventario=62fe8db317f35c6679f79343610a8ebd1e1069944c66769b477742860e2791bc; reproducible: python3 scripts/remediate_trace_residuals.py --probe BN-426","0 artefactos con coocurrencia literal de los tres componentes exactos tras normalizar mayúsculas y blancos. El resultado se limita a esta consulta y no demuestra inexistencia del dato ni ausencia biológica; por el dictamen independiente se retira el valor no acreditado. Cierre nominal de trazabilidad v3; objeto nominal data/tablas/02/table-01-2-1-2-por-que-el-modelo-cambia-el-arbol.csv:fila 6:análisis.","C-2592; data/tablas/02/table-01-2-1-2-por-que-el-modelo-cambia-el-arbol.csv:fila 6:análisis"
"BN-427","NO LOCALIZADO EN ESTA SESIÓN","Pasaje que sostenga conjuntamente el valor anterior del campo modelo para data/tablas/02/table-01-2-1-2-por-que-el-modelo-cambia-el-arbol.csv:fila 6:modelo","consulta nominal conjunta exacta identidad=«Spang et al. 2018»; campo=«modelo»; valor=«modelos por conjunto no constan en el pasaje recuperado [BN-115]»; ámbito fuentes/ (451 artefactos); sha256_inventario=62fe8db317f35c6679f79343610a8ebd1e1069944c66769b477742860e2791bc; reproducible: python3 scripts/remediate_trace_residuals.py --probe BN-427","0 artefactos con coocurrencia literal de los tres componentes exactos tras normalizar mayúsculas y blancos. El resultado se limita a esta consulta y no demuestra inexistencia del dato ni ausencia biológica; por el dictamen independiente se retira el valor no acreditado. Cierre nominal de trazabilidad v3; objeto nominal data/tablas/02/table-01-2-1-2-por-que-el-modelo-cambia-el-arbol.csv:fila 6:modelo.","C-2593; data/tablas/02/table-01-2-1-2-por-que-el-modelo-cambia-el-arbol.csv:fila 6:modelo"
"BN-428","NO LOCALIZADO EN ESTA SESIÓN","Pasaje que sostenga conjuntamente el valor anterior del campo muestreo taxonómico para data/tablas/02/table-01-2-1-2-por-que-el-modelo-cambia-el-arbol.csv:fila 7:muestreo taxonómico","consulta nominal conjunta exacta identidad=«Williams et al. 2020»; campo=«muestreo taxonómico»; valor=«muestreo taxonómico no desglosado en C-028–C-029 [BN-115]»; ámbito fuentes/ (451 artefactos); sha256_inventario=62fe8db317f35c6679f79343610a8ebd1e1069944c66769b477742860e2791bc; reproducible: python3 scripts/remediate_trace_residuals.py --probe BN-428","0 artefactos con coocurrencia literal de los tres componentes exactos tras normalizar mayúsculas y blancos. El resultado se limita a esta consulta y no demuestra inexistencia del dato ni ausencia biológica; por el dictamen independiente se retira el valor no acreditado. Cierre nominal de trazabilidad v3; objeto nominal data/tablas/02/table-01-2-1-2-por-que-el-modelo-cambia-el-arbol.csv:fila 7:muestreo taxonómico.","C-2595; data/tablas/02/table-01-2-1-2-por-que-el-modelo-cambia-el-arbol.csv:fila 7:muestreo taxonómico"
"BN-429","NO LOCALIZADO EN ESTA SESIÓN","Pasaje que sostenga conjuntamente el valor anterior del campo muestreo taxonómico para data/tablas/02/table-01-2-1-2-por-que-el-modelo-cambia-el-arbol.csv:fila 8:muestreo taxonómico","consulta nominal conjunta exacta identidad=«Williams et al. 2020»; campo=«muestreo taxonómico»; valor=«mismo muestreo publicado que C-028–C-029; desglose nominal no recuperado [BN-115]»; ámbito fuentes/ (451 artefactos); sha256_inventario=62fe8db317f35c6679f79343610a8ebd1e1069944c66769b477742860e2791bc; reproducible: python3 scripts/remediate_trace_residuals.py --probe BN-429","0 artefactos con coocurrencia literal de los tres componentes exactos tras normalizar mayúsculas y blancos. El resultado se limita a esta consulta y no demuestra inexistencia del dato ni ausencia biológica; por el dictamen independiente se retira el valor no acreditado. Cierre nominal de trazabilidad v3; objeto nominal data/tablas/02/table-01-2-1-2-por-que-el-modelo-cambia-el-arbol.csv:fila 8:muestreo taxonómico.","C-2596; data/tablas/02/table-01-2-1-2-por-que-el-modelo-cambia-el-arbol.csv:fila 8:muestreo taxonómico"
"BN-430","NO LOCALIZADO EN ESTA SESIÓN","Pasaje que sostenga conjuntamente el valor anterior del campo muestreo taxonómico para data/tablas/02/table-01-2-1-2-por-que-el-modelo-cambia-el-arbol.csv:fila 9:muestreo taxonómico","consulta nominal conjunta exacta identidad=«Williams et al. 2020»; campo=«muestreo taxonómico»; valor=«mismo muestreo publicado que C-028–C-029; desglose nominal no recuperado [BN-115]»; ámbito fuentes/ (451 artefactos); sha256_inventario=62fe8db317f35c6679f79343610a8ebd1e1069944c66769b477742860e2791bc; reproducible: python3 scripts/remediate_trace_residuals.py --probe BN-430","0 artefactos con coocurrencia literal de los tres componentes exactos tras normalizar mayúsculas y blancos. El resultado se limita a esta consulta y no demuestra inexistencia del dato ni ausencia biológica; por el dictamen independiente se retira el valor no acreditado. Cierre nominal de trazabilidad v3; objeto nominal data/tablas/02/table-01-2-1-2-por-que-el-modelo-cambia-el-arbol.csv:fila 9:muestreo taxonómico.","C-2599; data/tablas/02/table-01-2-1-2-por-que-el-modelo-cambia-el-arbol.csv:fila 9:muestreo taxonómico"
"BN-431","NO LOCALIZADO EN ESTA SESIÓN","Pasaje que sostenga conjuntamente el valor anterior del campo muestreo taxonómico para data/tablas/02/table-01-2-1-2-por-que-el-modelo-cambia-el-arbol.csv:fila 10:muestreo taxonómico","consulta nominal conjunta exacta identidad=«Williams et al. 2020»; campo=«muestreo taxonómico»; valor=«mismo muestreo publicado que C-028–C-029; desglose nominal no recuperado [BN-115]»; ámbito fuentes/ (451 artefactos); sha256_inventario=62fe8db317f35c6679f79343610a8ebd1e1069944c66769b477742860e2791bc; reproducible: python3 scripts/remediate_trace_residuals.py --probe BN-431","0 artefactos con coocurrencia literal de los tres componentes exactos tras normalizar mayúsculas y blancos. El resultado se limita a esta consulta y no demuestra inexistencia del dato ni ausencia biológica; por el dictamen independiente se retira el valor no acreditado. Cierre nominal de trazabilidad v3; objeto nominal data/tablas/02/table-01-2-1-2-por-que-el-modelo-cambia-el-arbol.csv:fila 10:muestreo taxonómico.","C-2602; data/tablas/02/table-01-2-1-2-por-que-el-modelo-cambia-el-arbol.csv:fila 10:muestreo taxonómico"
"BN-432","NO LOCALIZADO EN ESTA SESIÓN","Pasaje que sostenga conjuntamente el valor anterior del campo muestreo taxonómico para data/tablas/02/table-01-2-1-2-por-que-el-modelo-cambia-el-arbol.csv:fila 11:muestreo taxonómico","consulta nominal conjunta exacta identidad=«Williams et al. 2020»; campo=«muestreo taxonómico»; valor=«mismo muestreo publicado que C-028–C-029; desglose nominal no recuperado [BN-115]»; ámbito fuentes/ (451 artefactos); sha256_inventario=62fe8db317f35c6679f79343610a8ebd1e1069944c66769b477742860e2791bc; reproducible: python3 scripts/remediate_trace_residuals.py --probe BN-432","0 artefactos con coocurrencia literal de los tres componentes exactos tras normalizar mayúsculas y blancos. El resultado se limita a esta consulta y no demuestra inexistencia del dato ni ausencia biológica; por el dictamen independiente se retira el valor no acreditado. Cierre nominal de trazabilidad v3; objeto nominal data/tablas/02/table-01-2-1-2-por-que-el-modelo-cambia-el-arbol.csv:fila 11:muestreo taxonómico.","C-2608; data/tablas/02/table-01-2-1-2-por-que-el-modelo-cambia-el-arbol.csv:fila 11:muestreo taxonómico"
"BN-433","NO LOCALIZADO EN ESTA SESIÓN","Pasaje que sostenga conjuntamente el valor anterior del campo análisis para data/tablas/02/table-01-2-1-2-por-que-el-modelo-cambia-el-arbol.csv:fila 11:análisis","consulta nominal conjunta exacta identidad=«Williams et al. 2020»; campo=«análisis»; valor=«prueba contra sesgo composicional»; ámbito fuentes/ (451 artefactos); sha256_inventario=62fe8db317f35c6679f79343610a8ebd1e1069944c66769b477742860e2791bc; reproducible: python3 scripts/remediate_trace_residuals.py --probe BN-433","0 artefactos con coocurrencia literal de los tres componentes exactos tras normalizar mayúsculas y blancos. El resultado se limita a esta consulta y no demuestra inexistencia del dato ni ausencia biológica; por el dictamen independiente se retira el valor no acreditado. Cierre nominal de trazabilidad v3; objeto nominal data/tablas/02/table-01-2-1-2-por-que-el-modelo-cambia-el-arbol.csv:fila 11:análisis.","C-2609; data/tablas/02/table-01-2-1-2-por-que-el-modelo-cambia-el-arbol.csv:fila 11:análisis"
"BN-434","NO LOCALIZADO EN ESTA SESIÓN","Pasaje que sostenga conjuntamente el valor anterior del campo límite o campo no publicado/localizado para data/tablas/02/table-01-2-1-2-por-que-el-modelo-cambia-el-arbol.csv:fila 11:límite o campo no publicado/localizado","consulta nominal conjunta exacta identidad=«Williams et al. 2020»; campo=«límite o campo no publicado/localizado»; valor=«La recodificación es parte del análisis, no una matriz independiente no documentada.»; ámbito fuentes/ (451 artefactos); sha256_inventario=62fe8db317f35c6679f79343610a8ebd1e1069944c66769b477742860e2791bc; reproducible: python3 scripts/remediate_trace_residuals.py --probe BN-434","0 artefactos con coocurrencia literal de los tres componentes exactos tras normalizar mayúsculas y blancos. El resultado se limita a esta consulta y no demuestra inexistencia del dato ni ausencia biológica; por el dictamen independiente se retira el valor no acreditado. Cierre nominal de trazabilidad v3; objeto nominal data/tablas/02/table-01-2-1-2-por-que-el-modelo-cambia-el-arbol.csv:fila 11:límite o campo no publicado/localizado.","C-2611; data/tablas/02/table-01-2-1-2-por-que-el-modelo-cambia-el-arbol.csv:fila 11:límite o campo no publicado/localizado"
"BN-435","NO LOCALIZADO EN ESTA SESIÓN","Pasaje que sostenga conjuntamente el valor anterior del campo modelo para data/tablas/02/table-01-2-1-2-por-que-el-modelo-cambia-el-arbol.csv:fila 12:modelo","consulta nominal conjunta exacta identidad=«Williams et al. 2020»; campo=«modelo»; valor=«modelos particulares no constan en las afirmaciones recuperadas [BN-115]»; ámbito fuentes/ (451 artefactos); sha256_inventario=62fe8db317f35c6679f79343610a8ebd1e1069944c66769b477742860e2791bc; reproducible: python3 scripts/remediate_trace_residuals.py --probe BN-435","0 artefactos con coocurrencia literal de los tres componentes exactos tras normalizar mayúsculas y blancos. El resultado se limita a esta consulta y no demuestra inexistencia del dato ni ausencia biológica; por el dictamen independiente se retira el valor no acreditado. Cierre nominal de trazabilidad v3; objeto nominal data/tablas/02/table-01-2-1-2-por-que-el-modelo-cambia-el-arbol.csv:fila 12:modelo.","C-2612; data/tablas/02/table-01-2-1-2-por-que-el-modelo-cambia-el-arbol.csv:fila 12:modelo"
