"clave","estado","elemento","términos exactos buscados","resultado"
"BN-059","NO LOCALIZADO EN ESTA SESIÓN","Ciclo sexual observado de Capsaspora owczarzaki","""Capsaspora owczarzaki"" mating meiosis sexual cycle observed; Capsaspora karyogamy gametes; Capsaspora sex culture","Los trabajos publicados hasta 2026 ampliaron agregación, conducta y señalización de Capsaspora, pero no observaron plasmogamia, cariogamia, meiosis ni progenie recombinante. La fusión de Ministeria no es transferible a Capsaspora."
"BN-060","NO LOCALIZADO EN ESTA SESIÓN","Coste energético de un episodio sexual en holozoos unicelulares","choanoflagellate mating ATP cost; protist sex energetic cost per mating; Capsaspora meiosis energy budget; Salpingoeca mating metabolic cost","Hay ventanas de oportunidad cuantificadas —aproximadamente 11 días y <2 % por inanición histórica; enjambres desde 15 min, apareamiento desde 30 min y cruces de 16 h con EroS—, pero tiempo y frecuencia no equivalen a ATP ni a un balance metabólico por episodio."
"BN-061","NO LOCALIZADO EN ESTA SESIÓN","Coste natural de encontrar pareja en Salpingoeca rosetta","Salpingoeca rosetta mate finding cost encounter rate field mating; choanoflagellate mating search time natural; EroS swarm density fusion latency","En cultivo se midieron densidades inductoras, enjambres de 2–50 células, latencia y fusión en unos 3 min tras emparejamiento; por inanición, contacto de 10–30 min y fusión de 5–8 min. No hay tasa de encuentro, mortalidad ni pérdida de crecimiento atribuible a búsqueda en el ambiente natural."
"BN-062","LA LITERATURA DECLARA QUE NO SE SABE","Secuencia sexual completa en Sphaeroforma, Creolimax, Abeoforma o Pirum","Sphaeroforma arctica sex meiosis mating; Creolimax fragrantissima sexual cycle; Abeoforma meiosis; Pirum sex karyogamy","La revisión específica de Ichthyosporea de 2024 (S133) declara que la existencia de meiosis en el grupo sigue incierta. Los ciclos descritos para los cuatro taxones son asexuales o no permiten reconocer singamia, cariogamia y meiosis completas."
"BN-063","NO LOCALIZADO EN ESTA SESIÓN","Curva temporal de desagregación y retorno basal después de retirar EroS","EroS washout reversibility Salpingoeca mating cessation recovery; chondroitinase induced mating reversible; EroS two washes 16 hours","Woznica et al. retiraron EroS tras 16 h mediante dos lavados para impedir apareamiento adicional. El protocolo demuestra terminación operacional de nueva inducción, pero no mide cuánto tarda la desagregación, el retorno fenotípico basal o la recuperación de sensibilidad."
"BN-064","NO LOCALIZADO EN ESTA SESIÓN","Señal nutricional aguas arriba e integración completa de las rutas de apareamiento por inanición y EroS","Salpingoeca nutrient limitation EroS pathway integration mating signaling receptor; Cupidon starvation EroS adhesion","El preprint primario de 2026 (10.64898/2026.06.27.734982) muestra rutas distintas al nivel ensayado: inanición/Cupidon/collar/anisogamia frente a EroS/contacto cuerpo-cuerpo/isogamia. Sigue desconocida la señal extracelular que conecta el estado nutricional con el procesamiento de Cupidon y no se reconstruyó la integración completa."
"BN-065","LA LITERATURA DECLARA QUE NO SE SABE","Señal ambiental concreta que activaba el sexo en LECA","LECA sexual cue ancestral environment mating signal; origin eukaryotic sex environmental trigger; ancestral state sexual trigger eukaryotes","S357 y S78 permiten reconstruir sexo/meiosis en LECA, pero hambre, nutrientes, temperatura, luz, estrés, densidad y señales bióticas actuales no polarizan una clave ambiental homóloga única. ROS es una hipótesis funcional, no una reconstrucción del estado ancestral."
"BN-066","NO LOCALIZADO EN ESTA SESIÓN","Duración citológica de meiosis I y II en Salpingoeca rosetta","Salpingoeca rosetta meiosis duration hours haploid progeny time; choanoflagellate meiotic division timing; isolation haploid meiotic progeny two days","Tras inducir el proceso se detectó progenie haploide a los 2 días en Woznica et al. y retorno poblacional a haploidía dentro de 3 días en Levin y King. Son límites superiores desde el cambio de cultivo, no duración citológica de meiosis I + II."
"BN-067","NO LOCALIZADO EN ESTA SESIÓN","Balance de recursos, fecundidad y aptitud tamaño–número de la anisogamia en Salpingoeca rosetta","Salpingoeca rosetta anisogamy gamete size cost fecundity tradeoff measurements; Cupidon gamete morphology fusion","Se cuantificaron contacto/fusión y, en un preprint de 2026, alargamiento del cuerpo y collar de gametos grandes (61 % y 55 %), morfología del gameto pequeño y éxito de fusión. No se midieron biomasa, ATP, gametos por recurso ni aptitud de descendencia."
