"clave","estado","hueco","términos exactos utilizados","resultado y motivo"
"BN-078","NO LOCALIZADO EN ESTA SESIÓN","Tramposos y castigo en agregados de Capsaspora owczarzaki","""Capsaspora cheater cheating aggregation selection""; ""Capsaspora social conflict policing""","S206 demostró mediante mezcla de poblaciones teñidas que los agregados incorporan células que crecieron por separado; no definió un genotipo tramposo, no midió ventaja reproductiva dentro del agregado y no ensayó castigo o policing."
"BN-079","NO LOCALIZADO EN ESTA SESIÓN","Tramposos y castigo en agregados de Ministeria vibrans","""Ministeria vibrans cheater aggregation conflict""; ""Ministeria social evolution kin selection""","S376 mostró co-agregación de los aislados no clonales Tong y L27 en Extended Data fig. 10q; la mezcla demuestra que el quimerismo es posible, pero no identifica tramposos, ventaja genotípica ni mecanismos de sanción."
"BN-083","NO LOCALIZADO EN ESTA SESIÓN","Presupuestos energéticos directos y comparables para mantener rosetas de Salpingoeca rosetta, producir matriz extracelular en holozoos unicelulares, invertir o agregar láminas de Choanoeca flexa, celularizar Sphaeroforma arctica y comparar las rutas clonal, agregativa y cenocítica","""Salpingoeca rosetta rosette energetic cost ATP""; ""choanoflagellate colony maintenance oxygen consumption""; ""rosette growth rate cost""; ""unicellular holozoan extracellular matrix energetic cost""; ""Capsaspora ECM biosynthesis ATP cost""; ""Choanoeca flexa energetic cost inversion aggregation""; ""Choanoeca flexa growth tradeoff salinity""; ""Sphaeroforma arctica cellularization energetic cost ATP""; ""Sphaeroforma oxygen consumption cellularization""; ""cost comparison clonal aggregative coenocytic multicellularity""; ""energetic costs routes to multicellularity""; ""choanoflagellate collar power dissipation metabolic cost""; ""Iqbal choanoflagellate ATP oxygen consumption collar""","Fila maestra que consolida las búsquedas previas sobre rosetas, matriz extracelular, láminas de Choanoeca y celularización de Sphaeroforma. S549 modela hidrodinámicamente el flujo efectivo y la disipación de potencia de collares de coanoflagelados y localiza máximos geométricos parciales; no mide ATP, consumo de oxígeno, calor ni coste de crecimiento, ni compara las rutas clonal, agregativa y cenocítica en una unidad común. Por tanto reduce el hueco hidrodinámico sin cerrar el hueco metabólico (C-1612–C-1613)."
"BN-090","NO LOCALIZADO EN ESTA SESIÓN","Aptitud relativa de la agregación de Ministeria vibrans en competencia prolongada y coeficiente de selección","""Ministeria vibrans aggregation fitness competition generations""; ""Ministeria aggregate selection coefficient""","S376 impidió el mantenimiento de agregados mediante disrupción física y observó menor replicación que en cultivos no perturbados (fig. 6c; cuadruplicado); una segunda condición con menor agregación también mostró menor replicación, aunque ambas manipulaciones tienen confusores declarados. Es evidencia experimental de un beneficio de aptitud bajo esos ensayos, pero no una competencia prolongada, aptitud relativa ni coeficiente de selección. El P = 0,0017 publicado corresponde al contraste de doble tinción de la fig. 6f, no al ensayo de disrupción."
"BN-120","NO LOCALIZADO EN ESTA SESIÓN","Número agregado de genes publicados y densidad o promedio numérico de intrones para Sphaeroforma arctica JP610 en una misma versión de anotación","""Sphaeroforma arctica genome genes introns 121.6 Mb""; ""Sphaeroforma arctica gene count intron density""; ""Sphaeroforma arctica JP610 genome annotation genes""","La consulta del 13 de agosto de 2026 recuperó páginas de genes individuales de NCBI, el método de anotación genómica de S. arctica y la comparación de intrones de S434, pero no una cifra agregada estable de genes ni una densidad o promedio numérico de intrones atribuible a la misma versión del ensamblaje de 121.6 Mb. El hueco se conserva; no se estima una cifra contando identificadores parciales ni se mezcla una versión actual de RefSeq con la reconstrucción comparativa de S434."
"BN-121","NO LOCALIZADO EN ESTA SESIÓN","Coste energético directo de mantener agregados de Capsaspora owczarzaki y Ministeria vibrans o el fenotipo multicelular de levadura snowflake","""Capsaspora owczarzaki aggregation energetic cost ATP maintenance""; ""Ministeria vibrans aggregation metabolic cost energy maintenance""; ""snowflake yeast multicellularity energetic cost maintenance ATP""","La consulta del 13 de agosto de 2026 recuperó señales inductoras y mecanismo celular de Capsaspora, menor replicación al impedir agregación de Ministeria y costes ecológicos o de transporte por limitación de oxígeno en snowflake yeast. Ningún resultado publicó un coste directo de mantenimiento en ATP, consumo de oxígeno, calor o fracción comparable del presupuesto celular para los tres fenotipos. Esos efectos no se convierten en una cifra energética y el hueco permanece explícito."
"BN-135","NO LOCALIZADO EN ESTA SESIÓN","Recuento publicado que establezca exactamente tres orígenes independientes de multicelularidad agregativa en Filasterea, Holomycota y Amoebozoa","`rg -n -i ""Capsaspora|Fonticula|Dictyostelium|aggregative multicellularity|independent origins"" fuentes/S206* fuentes/S213* fuentes/S445* data/afirmaciones/12.csv`; `three independent origins aggregative multicellularity Filasterea Holomycota Amoebozoa`","Las fuentes y C-1538 sitúan los tres ejemplos en ramas separadas y permiten discutir convergencia, pero no se localizó en los pasajes disponibles un recuento publicado que formule y demuestre exhaustivamente el número tres. No se convierte el conteo editorial de ejemplos en una magnitud publicada."
"BN-140","NO LOCALIZADO EN ESTA SESIÓN","Matriz completa familia funcional × linaje para Monosiga, Capsaspora, otros coanoflagelados, otros holozoos unicelulares y Metazoa con el mismo criterio de presencia o ausencia","`rg -n -i ""integrin|cadherin|collagen|phosphotyrosine|Notch|Delta|Hedgehog|GPCR|Brachyury|Runx|p53|Myc|homeodomain"" fuentes data/afirmaciones/12.csv data/tablas/12/table-54-12-10-1-repertorio-funcional-localizado.csv`","La consulta local recuperó presencias, ausencias declaradas, distribuciones mosaico y ensayos bioquímicos para subconjuntos de familias y linajes. No recuperó una matriz publicada completa con el mismo muestreo y criterio para todas las combinaciones de la tabla 54; las celdas residuales permanecen NO LOCALIZADO y no se transforman en ausencia biológica."
"BN-305","NO LOCALIZADO EN ESTA SESIÓN","Pasaje que sostenga conjuntamente el valor anterior del campo otros choanoflagelados para data/tablas/12/table-54-12-10-1-repertorio-funcional-localizado.csv:fila 2:otros choanoflagelados","consulta nominal conjunta exacta identidad=«integrinas y adhesoma»; campo=«otros choanoflagelados»; valor=«NO LOCALIZADO por linaje»; ámbito fuentes/ (431 artefactos); sha256_inventario=c07763665a0c77434737e4dff7aa1647a518d448c0efa0d960bc49cd6ec3daac; reproducible: python3 scripts/remediate_trace_residuals.py --probe BN-305","0 artefactos con coocurrencia literal de los tres componentes exactos tras normalizar mayúsculas y blancos. El resultado se limita a esta consulta y no demuestra inexistencia del dato ni ausencia biológica; por el dictamen independiente se retira el valor no acreditado. Cierre nominal de trazabilidad v3; objeto nominal data/tablas/12/table-54-12-10-1-repertorio-funcional-localizado.csv:fila 2:otros choanoflagelados."
"BN-306","NO LOCALIZADO EN ESTA SESIÓN","Pasaje que sostenga conjuntamente el valor anterior del campo Metazoa para data/tablas/12/table-54-12-10-1-repertorio-funcional-localizado.csv:fila 2:Metazoa","consulta nominal conjunta exacta identidad=«integrinas y adhesoma»; campo=«Metazoa»; valor=«presente»; ámbito fuentes/ (431 artefactos); sha256_inventario=c07763665a0c77434737e4dff7aa1647a518d448c0efa0d960bc49cd6ec3daac; reproducible: python3 scripts/remediate_trace_residuals.py --probe BN-306","0 artefactos con coocurrencia literal de los tres componentes exactos tras normalizar mayúsculas y blancos. El resultado se limita a esta consulta y no demuestra inexistencia del dato ni ausencia biológica; por el dictamen independiente se retira el valor no acreditado. Cierre nominal de trazabilidad v3; objeto nominal data/tablas/12/table-54-12-10-1-repertorio-funcional-localizado.csv:fila 2:Metazoa."
"BN-307","NO LOCALIZADO EN ESTA SESIÓN","Pasaje que sostenga conjuntamente el valor anterior del campo criterio de presencia/ausencia para data/tablas/12/table-54-12-10-1-repertorio-funcional-localizado.csv:fila 2:criterio de presencia/ausencia","consulta nominal conjunta exacta identidad=«integrinas y adhesoma»; campo=«criterio de presencia/ausencia»; valor=«presencia por homología de dominios; ausencia solo cuando la fuente la declara»; ámbito fuentes/ (431 artefactos); sha256_inventario=c07763665a0c77434737e4dff7aa1647a518d448c0efa0d960bc49cd6ec3daac; reproducible: python3 scripts/remediate_trace_residuals.py --probe BN-307","0 artefactos con coocurrencia literal de los tres componentes exactos tras normalizar mayúsculas y blancos. El resultado se limita a esta consulta y no demuestra inexistencia del dato ni ausencia biológica; por el dictamen independiente se retira el valor no acreditado. Cierre nominal de trazabilidad v3; objeto nominal data/tablas/12/table-54-12-10-1-repertorio-funcional-localizado.csv:fila 2:criterio de presencia/ausencia."
"BN-308","NO LOCALIZADO EN ESTA SESIÓN","Pasaje que sostenga conjuntamente el valor anterior del campo límite para data/tablas/12/table-54-12-10-1-repertorio-funcional-localizado.csv:fila 2:límite","consulta nominal conjunta exacta identidad=«integrinas y adhesoma»; campo=«límite»; valor=«no se infiere ausencia en combinaciones no muestreadas»; ámbito fuentes/ (431 artefactos); sha256_inventario=c07763665a0c77434737e4dff7aa1647a518d448c0efa0d960bc49cd6ec3daac; reproducible: python3 scripts/remediate_trace_residuals.py --probe BN-308","0 artefactos con coocurrencia literal de los tres componentes exactos tras normalizar mayúsculas y blancos. El resultado se limita a esta consulta y no demuestra inexistencia del dato ni ausencia biológica; por el dictamen independiente se retira el valor no acreditado. Cierre nominal de trazabilidad v3; objeto nominal data/tablas/12/table-54-12-10-1-repertorio-funcional-localizado.csv:fila 2:límite."
"BN-309","NO LOCALIZADO EN ESTA SESIÓN","Pasaje que sostenga conjuntamente el valor anterior del campo Capsaspora para data/tablas/12/table-54-12-10-1-repertorio-funcional-localizado.csv:fila 3:Capsaspora","consulta nominal conjunta exacta identidad=«cadherinas»; campo=«Capsaspora»; valor=«NO LOCALIZADO»; ámbito fuentes/ (431 artefactos); sha256_inventario=c07763665a0c77434737e4dff7aa1647a518d448c0efa0d960bc49cd6ec3daac; reproducible: python3 scripts/remediate_trace_residuals.py --probe BN-309","0 artefactos con coocurrencia literal de los tres componentes exactos tras normalizar mayúsculas y blancos. El resultado se limita a esta consulta y no demuestra inexistencia del dato ni ausencia biológica; por el dictamen independiente se retira el valor no acreditado. Cierre nominal de trazabilidad v3; objeto nominal data/tablas/12/table-54-12-10-1-repertorio-funcional-localizado.csv:fila 3:Capsaspora."
"BN-310","NO LOCALIZADO EN ESTA SESIÓN","Pasaje que sostenga conjuntamente el valor anterior del campo otros choanoflagelados para data/tablas/12/table-54-12-10-1-repertorio-funcional-localizado.csv:fila 3:otros choanoflagelados","consulta nominal conjunta exacta identidad=«cadherinas»; campo=«otros choanoflagelados»; valor=«NO LOCALIZADO por linaje»; ámbito fuentes/ (431 artefactos); sha256_inventario=c07763665a0c77434737e4dff7aa1647a518d448c0efa0d960bc49cd6ec3daac; reproducible: python3 scripts/remediate_trace_residuals.py --probe BN-310","0 artefactos con coocurrencia literal de los tres componentes exactos tras normalizar mayúsculas y blancos. El resultado se limita a esta consulta y no demuestra inexistencia del dato ni ausencia biológica; por el dictamen independiente se retira el valor no acreditado. Cierre nominal de trazabilidad v3; objeto nominal data/tablas/12/table-54-12-10-1-repertorio-funcional-localizado.csv:fila 3:otros choanoflagelados."
"BN-311","NO LOCALIZADO EN ESTA SESIÓN","Pasaje que sostenga conjuntamente el valor anterior del campo otros holozoos unicelulares para data/tablas/12/table-54-12-10-1-repertorio-funcional-localizado.csv:fila 3:otros holozoos unicelulares","consulta nominal conjunta exacta identidad=«cadherinas»; campo=«otros holozoos unicelulares»; valor=«NO LOCALIZADO por linaje»; ámbito fuentes/ (431 artefactos); sha256_inventario=c07763665a0c77434737e4dff7aa1647a518d448c0efa0d960bc49cd6ec3daac; reproducible: python3 scripts/remediate_trace_residuals.py --probe BN-311","0 artefactos con coocurrencia literal de los tres componentes exactos tras normalizar mayúsculas y blancos. El resultado se limita a esta consulta y no demuestra inexistencia del dato ni ausencia biológica; por el dictamen independiente se retira el valor no acreditado. Cierre nominal de trazabilidad v3; objeto nominal data/tablas/12/table-54-12-10-1-repertorio-funcional-localizado.csv:fila 3:otros holozoos unicelulares."
"BN-312","NO LOCALIZADO EN ESTA SESIÓN","Pasaje que sostenga conjuntamente el valor anterior del campo Metazoa para data/tablas/12/table-54-12-10-1-repertorio-funcional-localizado.csv:fila 3:Metazoa","consulta nominal conjunta exacta identidad=«cadherinas»; campo=«Metazoa»; valor=«presente»; ámbito fuentes/ (431 artefactos); sha256_inventario=c07763665a0c77434737e4dff7aa1647a518d448c0efa0d960bc49cd6ec3daac; reproducible: python3 scripts/remediate_trace_residuals.py --probe BN-312","0 artefactos con coocurrencia literal de los tres componentes exactos tras normalizar mayúsculas y blancos. El resultado se limita a esta consulta y no demuestra inexistencia del dato ni ausencia biológica; por el dictamen independiente se retira el valor no acreditado. Cierre nominal de trazabilidad v3; objeto nominal data/tablas/12/table-54-12-10-1-repertorio-funcional-localizado.csv:fila 3:Metazoa."
"BN-313","NO LOCALIZADO EN ESTA SESIÓN","Pasaje que sostenga conjuntamente el valor anterior del campo límite para data/tablas/12/table-54-12-10-1-repertorio-funcional-localizado.csv:fila 3:límite","consulta nominal conjunta exacta identidad=«cadherinas»; campo=«límite»; valor=«matriz animal completa no demostrada fuera de Metazoa»; ámbito fuentes/ (431 artefactos); sha256_inventario=c07763665a0c77434737e4dff7aa1647a518d448c0efa0d960bc49cd6ec3daac; reproducible: python3 scripts/remediate_trace_residuals.py --probe BN-313","0 artefactos con coocurrencia literal de los tres componentes exactos tras normalizar mayúsculas y blancos. El resultado se limita a esta consulta y no demuestra inexistencia del dato ni ausencia biológica; por el dictamen independiente se retira el valor no acreditado. Cierre nominal de trazabilidad v3; objeto nominal data/tablas/12/table-54-12-10-1-repertorio-funcional-localizado.csv:fila 3:límite."
"BN-314","NO LOCALIZADO EN ESTA SESIÓN","Pasaje que sostenga conjuntamente el valor anterior del campo Capsaspora para data/tablas/12/table-54-12-10-1-repertorio-funcional-localizado.csv:fila 4:Capsaspora","consulta nominal conjunta exacta identidad=«matriz y colágeno»; campo=«Capsaspora»; valor=«NO LOCALIZADO»; ámbito fuentes/ (431 artefactos); sha256_inventario=c07763665a0c77434737e4dff7aa1647a518d448c0efa0d960bc49cd6ec3daac; reproducible: python3 scripts/remediate_trace_residuals.py --probe BN-314","0 artefactos con coocurrencia literal de los tres componentes exactos tras normalizar mayúsculas y blancos. El resultado se limita a esta consulta y no demuestra inexistencia del dato ni ausencia biológica; por el dictamen independiente se retira el valor no acreditado. Cierre nominal de trazabilidad v3; objeto nominal data/tablas/12/table-54-12-10-1-repertorio-funcional-localizado.csv:fila 4:Capsaspora."
"BN-315","NO LOCALIZADO EN ESTA SESIÓN","Pasaje que sostenga conjuntamente el valor anterior del campo otros choanoflagelados para data/tablas/12/table-54-12-10-1-repertorio-funcional-localizado.csv:fila 4:otros choanoflagelados","consulta nominal conjunta exacta identidad=«matriz y colágeno»; campo=«otros choanoflagelados»; valor=«NO LOCALIZADO por linaje»; ámbito fuentes/ (431 artefactos); sha256_inventario=c07763665a0c77434737e4dff7aa1647a518d448c0efa0d960bc49cd6ec3daac; reproducible: python3 scripts/remediate_trace_residuals.py --probe BN-315","0 artefactos con coocurrencia literal de los tres componentes exactos tras normalizar mayúsculas y blancos. El resultado se limita a esta consulta y no demuestra inexistencia del dato ni ausencia biológica; por el dictamen independiente se retira el valor no acreditado. Cierre nominal de trazabilidad v3; objeto nominal data/tablas/12/table-54-12-10-1-repertorio-funcional-localizado.csv:fila 4:otros choanoflagelados."
"BN-316","NO LOCALIZADO EN ESTA SESIÓN","Pasaje que sostenga conjuntamente el valor anterior del campo otros holozoos unicelulares para data/tablas/12/table-54-12-10-1-repertorio-funcional-localizado.csv:fila 4:otros holozoos unicelulares","consulta nominal conjunta exacta identidad=«matriz y colágeno»; campo=«otros holozoos unicelulares»; valor=«NO LOCALIZADO por linaje»; ámbito fuentes/ (431 artefactos); sha256_inventario=c07763665a0c77434737e4dff7aa1647a518d448c0efa0d960bc49cd6ec3daac; reproducible: python3 scripts/remediate_trace_residuals.py --probe BN-316","0 artefactos con coocurrencia literal de los tres componentes exactos tras normalizar mayúsculas y blancos. El resultado se limita a esta consulta y no demuestra inexistencia del dato ni ausencia biológica; por el dictamen independiente se retira el valor no acreditado. Cierre nominal de trazabilidad v3; objeto nominal data/tablas/12/table-54-12-10-1-repertorio-funcional-localizado.csv:fila 4:otros holozoos unicelulares."
"BN-317","NO LOCALIZADO EN ESTA SESIÓN","Pasaje que sostenga conjuntamente el valor anterior del campo Metazoa para data/tablas/12/table-54-12-10-1-repertorio-funcional-localizado.csv:fila 4:Metazoa","consulta nominal conjunta exacta identidad=«matriz y colágeno»; campo=«Metazoa»; valor=«presente»; ámbito fuentes/ (431 artefactos); sha256_inventario=c07763665a0c77434737e4dff7aa1647a518d448c0efa0d960bc49cd6ec3daac; reproducible: python3 scripts/remediate_trace_residuals.py --probe BN-317","0 artefactos con coocurrencia literal de los tres componentes exactos tras normalizar mayúsculas y blancos. El resultado se limita a esta consulta y no demuestra inexistencia del dato ni ausencia biológica; por el dictamen independiente se retira el valor no acreditado. Cierre nominal de trazabilidad v3; objeto nominal data/tablas/12/table-54-12-10-1-repertorio-funcional-localizado.csv:fila 4:Metazoa."
"BN-318","NO LOCALIZADO EN ESTA SESIÓN","Pasaje que sostenga conjuntamente el valor anterior del campo límite para data/tablas/12/table-54-12-10-1-repertorio-funcional-localizado.csv:fila 4:límite","consulta nominal conjunta exacta identidad=«matriz y colágeno»; campo=«límite»; valor=«fibrillas y matriz animal completa no demostradas»; ámbito fuentes/ (431 artefactos); sha256_inventario=c07763665a0c77434737e4dff7aa1647a518d448c0efa0d960bc49cd6ec3daac; reproducible: python3 scripts/remediate_trace_residuals.py --probe BN-318","0 artefactos con coocurrencia literal de los tres componentes exactos tras normalizar mayúsculas y blancos. El resultado se limita a esta consulta y no demuestra inexistencia del dato ni ausencia biológica; por el dictamen independiente se retira el valor no acreditado. Cierre nominal de trazabilidad v3; objeto nominal data/tablas/12/table-54-12-10-1-repertorio-funcional-localizado.csv:fila 4:límite."
"BN-319","NO LOCALIZADO EN ESTA SESIÓN","Pasaje que sostenga conjuntamente el valor anterior del campo otros choanoflagelados para data/tablas/12/table-54-12-10-1-repertorio-funcional-localizado.csv:fila 5:otros choanoflagelados","consulta nominal conjunta exacta identidad=«fosfotirosina»; campo=«otros choanoflagelados»; valor=«NO LOCALIZADO por linaje»; ámbito fuentes/ (431 artefactos); sha256_inventario=c07763665a0c77434737e4dff7aa1647a518d448c0efa0d960bc49cd6ec3daac; reproducible: python3 scripts/remediate_trace_residuals.py --probe BN-319","0 artefactos con coocurrencia literal de los tres componentes exactos tras normalizar mayúsculas y blancos. El resultado se limita a esta consulta y no demuestra inexistencia del dato ni ausencia biológica; por el dictamen independiente se retira el valor no acreditado. Cierre nominal de trazabilidad v3; objeto nominal data/tablas/12/table-54-12-10-1-repertorio-funcional-localizado.csv:fila 5:otros choanoflagelados."
"BN-320","NO LOCALIZADO EN ESTA SESIÓN","Pasaje que sostenga conjuntamente el valor anterior del campo otros holozoos unicelulares para data/tablas/12/table-54-12-10-1-repertorio-funcional-localizado.csv:fila 5:otros holozoos unicelulares","consulta nominal conjunta exacta identidad=«fosfotirosina»; campo=«otros holozoos unicelulares»; valor=«NO LOCALIZADO por linaje»; ámbito fuentes/ (431 artefactos); sha256_inventario=c07763665a0c77434737e4dff7aa1647a518d448c0efa0d960bc49cd6ec3daac; reproducible: python3 scripts/remediate_trace_residuals.py --probe BN-320","0 artefactos con coocurrencia literal de los tres componentes exactos tras normalizar mayúsculas y blancos. El resultado se limita a esta consulta y no demuestra inexistencia del dato ni ausencia biológica; por el dictamen independiente se retira el valor no acreditado. Cierre nominal de trazabilidad v3; objeto nominal data/tablas/12/table-54-12-10-1-repertorio-funcional-localizado.csv:fila 5:otros holozoos unicelulares."
"BN-321","NO LOCALIZADO EN ESTA SESIÓN","Pasaje que sostenga conjuntamente el valor anterior del campo Metazoa para data/tablas/12/table-54-12-10-1-repertorio-funcional-localizado.csv:fila 5:Metazoa","consulta nominal conjunta exacta identidad=«fosfotirosina»; campo=«Metazoa»; valor=«presente»; ámbito fuentes/ (431 artefactos); sha256_inventario=c07763665a0c77434737e4dff7aa1647a518d448c0efa0d960bc49cd6ec3daac; reproducible: python3 scripts/remediate_trace_residuals.py --probe BN-321","0 artefactos con coocurrencia literal de los tres componentes exactos tras normalizar mayúsculas y blancos. El resultado se limita a esta consulta y no demuestra inexistencia del dato ni ausencia biológica; por el dictamen independiente se retira el valor no acreditado. Cierre nominal de trazabilidad v3; objeto nominal data/tablas/12/table-54-12-10-1-repertorio-funcional-localizado.csv:fila 5:Metazoa."
"BN-322","NO LOCALIZADO EN ESTA SESIÓN","Pasaje que sostenga conjuntamente el valor anterior del campo criterio de presencia/ausencia para data/tablas/12/table-54-12-10-1-repertorio-funcional-localizado.csv:fila 5:criterio de presencia/ausencia","consulta nominal conjunta exacta identidad=«fosfotirosina»; campo=«criterio de presencia/ausencia»; valor=«repertorio o actividad bioquímica según fuente»; ámbito fuentes/ (431 artefactos); sha256_inventario=c07763665a0c77434737e4dff7aa1647a518d448c0efa0d960bc49cd6ec3daac; reproducible: python3 scripts/remediate_trace_residuals.py --probe BN-322","0 artefactos con coocurrencia literal de los tres componentes exactos tras normalizar mayúsculas y blancos. El resultado se limita a esta consulta y no demuestra inexistencia del dato ni ausencia biológica; por el dictamen independiente se retira el valor no acreditado. Cierre nominal de trazabilidad v3; objeto nominal data/tablas/12/table-54-12-10-1-repertorio-funcional-localizado.csv:fila 5:criterio de presencia/ausencia."
"BN-323","NO LOCALIZADO EN ESTA SESIÓN","Pasaje que sostenga conjuntamente el valor anterior del campo Monosiga para data/tablas/12/table-54-12-10-1-repertorio-funcional-localizado.csv:fila 6:Monosiga","consulta nominal conjunta exacta identidad=«Notch y Delta»; campo=«Monosiga»; valor=«distribución mosaico; estado nominal NO LOCALIZADO»; ámbito fuentes/ (431 artefactos); sha256_inventario=c07763665a0c77434737e4dff7aa1647a518d448c0efa0d960bc49cd6ec3daac; reproducible: python3 scripts/remediate_trace_residuals.py --probe BN-323","0 artefactos con coocurrencia literal de los tres componentes exactos tras normalizar mayúsculas y blancos. El resultado se limita a esta consulta y no demuestra inexistencia del dato ni ausencia biológica; por el dictamen independiente se retira el valor no acreditado. Cierre nominal de trazabilidad v3; objeto nominal data/tablas/12/table-54-12-10-1-repertorio-funcional-localizado.csv:fila 6:Monosiga."
"BN-324","NO LOCALIZADO EN ESTA SESIÓN","Pasaje que sostenga conjuntamente el valor anterior del campo Capsaspora para data/tablas/12/table-54-12-10-1-repertorio-funcional-localizado.csv:fila 6:Capsaspora","consulta nominal conjunta exacta identidad=«Notch y Delta»; campo=«Capsaspora»; valor=«NO LOCALIZADO»; ámbito fuentes/ (431 artefactos); sha256_inventario=c07763665a0c77434737e4dff7aa1647a518d448c0efa0d960bc49cd6ec3daac; reproducible: python3 scripts/remediate_trace_residuals.py --probe BN-324","0 artefactos con coocurrencia literal de los tres componentes exactos tras normalizar mayúsculas y blancos. El resultado se limita a esta consulta y no demuestra inexistencia del dato ni ausencia biológica; por el dictamen independiente se retira el valor no acreditado. Cierre nominal de trazabilidad v3; objeto nominal data/tablas/12/table-54-12-10-1-repertorio-funcional-localizado.csv:fila 6:Capsaspora."
"BN-325","NO LOCALIZADO EN ESTA SESIÓN","Pasaje que sostenga conjuntamente el valor anterior del campo otros holozoos unicelulares para data/tablas/12/table-54-12-10-1-repertorio-funcional-localizado.csv:fila 6:otros holozoos unicelulares","consulta nominal conjunta exacta identidad=«Notch y Delta»; campo=«otros holozoos unicelulares»; valor=«distribución mosaico»; ámbito fuentes/ (431 artefactos); sha256_inventario=c07763665a0c77434737e4dff7aa1647a518d448c0efa0d960bc49cd6ec3daac; reproducible: python3 scripts/remediate_trace_residuals.py --probe BN-325","0 artefactos con coocurrencia literal de los tres componentes exactos tras normalizar mayúsculas y blancos. El resultado se limita a esta consulta y no demuestra inexistencia del dato ni ausencia biológica; por el dictamen independiente se retira el valor no acreditado. Cierre nominal de trazabilidad v3; objeto nominal data/tablas/12/table-54-12-10-1-repertorio-funcional-localizado.csv:fila 6:otros holozoos unicelulares."
"BN-326","NO LOCALIZADO EN ESTA SESIÓN","Pasaje que sostenga conjuntamente el valor anterior del campo Metazoa para data/tablas/12/table-54-12-10-1-repertorio-funcional-localizado.csv:fila 6:Metazoa","consulta nominal conjunta exacta identidad=«Notch y Delta»; campo=«Metazoa»; valor=«presente»; ámbito fuentes/ (431 artefactos); sha256_inventario=c07763665a0c77434737e4dff7aa1647a518d448c0efa0d960bc49cd6ec3daac; reproducible: python3 scripts/remediate_trace_residuals.py --probe BN-326","0 artefactos con coocurrencia literal de los tres componentes exactos tras normalizar mayúsculas y blancos. El resultado se limita a esta consulta y no demuestra inexistencia del dato ni ausencia biológica; por el dictamen independiente se retira el valor no acreditado. Cierre nominal de trazabilidad v3; objeto nominal data/tablas/12/table-54-12-10-1-repertorio-funcional-localizado.csv:fila 6:Metazoa."
"BN-327","NO LOCALIZADO EN ESTA SESIÓN","Pasaje que sostenga conjuntamente el valor anterior del campo criterio de presencia/ausencia para data/tablas/12/table-54-12-10-1-repertorio-funcional-localizado.csv:fila 6:criterio de presencia/ausencia","consulta nominal conjunta exacta identidad=«Notch y Delta»; campo=«criterio de presencia/ausencia»; valor=«presencia transcriptómica; no detección no equivale a ausencia»; ámbito fuentes/ (431 artefactos); sha256_inventario=c07763665a0c77434737e4dff7aa1647a518d448c0efa0d960bc49cd6ec3daac; reproducible: python3 scripts/remediate_trace_residuals.py --probe BN-327","0 artefactos con coocurrencia literal de los tres componentes exactos tras normalizar mayúsculas y blancos. El resultado se limita a esta consulta y no demuestra inexistencia del dato ni ausencia biológica; por el dictamen independiente se retira el valor no acreditado. Cierre nominal de trazabilidad v3; objeto nominal data/tablas/12/table-54-12-10-1-repertorio-funcional-localizado.csv:fila 6:criterio de presencia/ausencia."
"BN-328","NO LOCALIZADO EN ESTA SESIÓN","Pasaje que sostenga conjuntamente el valor anterior del campo límite para data/tablas/12/table-54-12-10-1-repertorio-funcional-localizado.csv:fila 6:límite","consulta nominal conjunta exacta identidad=«Notch y Delta»; campo=«límite»; valor=«pérdida o falta de expresión no distinguidas»; ámbito fuentes/ (431 artefactos); sha256_inventario=c07763665a0c77434737e4dff7aa1647a518d448c0efa0d960bc49cd6ec3daac; reproducible: python3 scripts/remediate_trace_residuals.py --probe BN-328","0 artefactos con coocurrencia literal de los tres componentes exactos tras normalizar mayúsculas y blancos. El resultado se limita a esta consulta y no demuestra inexistencia del dato ni ausencia biológica; por el dictamen independiente se retira el valor no acreditado. Cierre nominal de trazabilidad v3; objeto nominal data/tablas/12/table-54-12-10-1-repertorio-funcional-localizado.csv:fila 6:límite."
"BN-329","NO LOCALIZADO EN ESTA SESIÓN","Pasaje que sostenga conjuntamente el valor anterior del campo Monosiga para data/tablas/12/table-54-12-10-1-repertorio-funcional-localizado.csv:fila 7:Monosiga","consulta nominal conjunta exacta identidad=«Hedgehog»; campo=«Monosiga»; valor=«no localizado en el genoma comparado por S352»; ámbito fuentes/ (431 artefactos); sha256_inventario=c07763665a0c77434737e4dff7aa1647a518d448c0efa0d960bc49cd6ec3daac; reproducible: python3 scripts/remediate_trace_residuals.py --probe BN-329","0 artefactos con coocurrencia literal de los tres componentes exactos tras normalizar mayúsculas y blancos. El resultado se limita a esta consulta y no demuestra inexistencia del dato ni ausencia biológica; por el dictamen independiente se retira el valor no acreditado. Cierre nominal de trazabilidad v3; objeto nominal data/tablas/12/table-54-12-10-1-repertorio-funcional-localizado.csv:fila 7:Monosiga."
"BN-330","NO LOCALIZADO EN ESTA SESIÓN","Pasaje que sostenga conjuntamente el valor anterior del campo Capsaspora para data/tablas/12/table-54-12-10-1-repertorio-funcional-localizado.csv:fila 7:Capsaspora","consulta nominal conjunta exacta identidad=«Hedgehog»; campo=«Capsaspora»; valor=«no localizado en el genoma comparado por S352»; ámbito fuentes/ (431 artefactos); sha256_inventario=c07763665a0c77434737e4dff7aa1647a518d448c0efa0d960bc49cd6ec3daac; reproducible: python3 scripts/remediate_trace_residuals.py --probe BN-330","0 artefactos con coocurrencia literal de los tres componentes exactos tras normalizar mayúsculas y blancos. El resultado se limita a esta consulta y no demuestra inexistencia del dato ni ausencia biológica; por el dictamen independiente se retira el valor no acreditado. Cierre nominal de trazabilidad v3; objeto nominal data/tablas/12/table-54-12-10-1-repertorio-funcional-localizado.csv:fila 7:Capsaspora."
"BN-331","NO LOCALIZADO EN ESTA SESIÓN","Pasaje que sostenga conjuntamente el valor anterior del campo otros choanoflagelados para data/tablas/12/table-54-12-10-1-repertorio-funcional-localizado.csv:fila 7:otros choanoflagelados","consulta nominal conjunta exacta identidad=«Hedgehog»; campo=«otros choanoflagelados»; valor=«NO LOCALIZADO por linaje»; ámbito fuentes/ (431 artefactos); sha256_inventario=c07763665a0c77434737e4dff7aa1647a518d448c0efa0d960bc49cd6ec3daac; reproducible: python3 scripts/remediate_trace_residuals.py --probe BN-331","0 artefactos con coocurrencia literal de los tres componentes exactos tras normalizar mayúsculas y blancos. El resultado se limita a esta consulta y no demuestra inexistencia del dato ni ausencia biológica; por el dictamen independiente se retira el valor no acreditado. Cierre nominal de trazabilidad v3; objeto nominal data/tablas/12/table-54-12-10-1-repertorio-funcional-localizado.csv:fila 7:otros choanoflagelados."
"BN-332","NO LOCALIZADO EN ESTA SESIÓN","Pasaje que sostenga conjuntamente el valor anterior del campo otros holozoos unicelulares para data/tablas/12/table-54-12-10-1-repertorio-funcional-localizado.csv:fila 7:otros holozoos unicelulares","consulta nominal conjunta exacta identidad=«Hedgehog»; campo=«otros holozoos unicelulares»; valor=«NO LOCALIZADO por linaje»; ámbito fuentes/ (431 artefactos); sha256_inventario=c07763665a0c77434737e4dff7aa1647a518d448c0efa0d960bc49cd6ec3daac; reproducible: python3 scripts/remediate_trace_residuals.py --probe BN-332","0 artefactos con coocurrencia literal de los tres componentes exactos tras normalizar mayúsculas y blancos. El resultado se limita a esta consulta y no demuestra inexistencia del dato ni ausencia biológica; por el dictamen independiente se retira el valor no acreditado. Cierre nominal de trazabilidad v3; objeto nominal data/tablas/12/table-54-12-10-1-repertorio-funcional-localizado.csv:fila 7:otros holozoos unicelulares."
"BN-334","NO LOCALIZADO EN ESTA SESIÓN","Pasaje que sostenga conjuntamente el valor anterior del campo Monosiga para data/tablas/12/table-54-12-10-1-repertorio-funcional-localizado.csv:fila 8:Monosiga","consulta nominal conjunta exacta identidad=«GPCR y otras señales»; campo=«Monosiga»; valor=«familias antiguas; detalle nominal NO LOCALIZADO»; ámbito fuentes/ (431 artefactos); sha256_inventario=c07763665a0c77434737e4dff7aa1647a518d448c0efa0d960bc49cd6ec3daac; reproducible: python3 scripts/remediate_trace_residuals.py --probe BN-334","0 artefactos con coocurrencia literal de los tres componentes exactos tras normalizar mayúsculas y blancos. El resultado se limita a esta consulta y no demuestra inexistencia del dato ni ausencia biológica; por el dictamen independiente se retira el valor no acreditado. Cierre nominal de trazabilidad v3; objeto nominal data/tablas/12/table-54-12-10-1-repertorio-funcional-localizado.csv:fila 8:Monosiga."
"BN-335","NO LOCALIZADO EN ESTA SESIÓN","Pasaje que sostenga conjuntamente el valor anterior del campo Capsaspora para data/tablas/12/table-54-12-10-1-repertorio-funcional-localizado.csv:fila 8:Capsaspora","consulta nominal conjunta exacta identidad=«GPCR y otras señales»; campo=«Capsaspora»; valor=«familias antiguas; detalle nominal NO LOCALIZADO»; ámbito fuentes/ (431 artefactos); sha256_inventario=c07763665a0c77434737e4dff7aa1647a518d448c0efa0d960bc49cd6ec3daac; reproducible: python3 scripts/remediate_trace_residuals.py --probe BN-335","0 artefactos con coocurrencia literal de los tres componentes exactos tras normalizar mayúsculas y blancos. El resultado se limita a esta consulta y no demuestra inexistencia del dato ni ausencia biológica; por el dictamen independiente se retira el valor no acreditado. Cierre nominal de trazabilidad v3; objeto nominal data/tablas/12/table-54-12-10-1-repertorio-funcional-localizado.csv:fila 8:Capsaspora."
"BN-336","NO LOCALIZADO EN ESTA SESIÓN","Pasaje que sostenga conjuntamente el valor anterior del campo otros choanoflagelados para data/tablas/12/table-54-12-10-1-repertorio-funcional-localizado.csv:fila 8:otros choanoflagelados","consulta nominal conjunta exacta identidad=«GPCR y otras señales»; campo=«otros choanoflagelados»; valor=«NO LOCALIZADO por linaje»; ámbito fuentes/ (431 artefactos); sha256_inventario=c07763665a0c77434737e4dff7aa1647a518d448c0efa0d960bc49cd6ec3daac; reproducible: python3 scripts/remediate_trace_residuals.py --probe BN-336","0 artefactos con coocurrencia literal de los tres componentes exactos tras normalizar mayúsculas y blancos. El resultado se limita a esta consulta y no demuestra inexistencia del dato ni ausencia biológica; por el dictamen independiente se retira el valor no acreditado. Cierre nominal de trazabilidad v3; objeto nominal data/tablas/12/table-54-12-10-1-repertorio-funcional-localizado.csv:fila 8:otros choanoflagelados."
"BN-337","NO LOCALIZADO EN ESTA SESIÓN","Pasaje que sostenga conjuntamente el valor anterior del campo otros holozoos unicelulares para data/tablas/12/table-54-12-10-1-repertorio-funcional-localizado.csv:fila 8:otros holozoos unicelulares","consulta nominal conjunta exacta identidad=«GPCR y otras señales»; campo=«otros holozoos unicelulares»; valor=«expansiones y pérdidas; detalle nominal NO LOCALIZADO»; ámbito fuentes/ (431 artefactos); sha256_inventario=c07763665a0c77434737e4dff7aa1647a518d448c0efa0d960bc49cd6ec3daac; reproducible: python3 scripts/remediate_trace_residuals.py --probe BN-337","0 artefactos con coocurrencia literal de los tres componentes exactos tras normalizar mayúsculas y blancos. El resultado se limita a esta consulta y no demuestra inexistencia del dato ni ausencia biológica; por el dictamen independiente se retira el valor no acreditado. Cierre nominal de trazabilidad v3; objeto nominal data/tablas/12/table-54-12-10-1-repertorio-funcional-localizado.csv:fila 8:otros holozoos unicelulares."
"BN-338","NO LOCALIZADO EN ESTA SESIÓN","Pasaje que sostenga conjuntamente el valor anterior del campo criterio de presencia/ausencia para data/tablas/12/table-54-12-10-1-repertorio-funcional-localizado.csv:fila 8:criterio de presencia/ausencia","consulta nominal conjunta exacta identidad=«GPCR y otras señales»; campo=«criterio de presencia/ausencia»; valor=«homología de familias y clasificación de innovaciones»; ámbito fuentes/ (431 artefactos); sha256_inventario=c07763665a0c77434737e4dff7aa1647a518d448c0efa0d960bc49cd6ec3daac; reproducible: python3 scripts/remediate_trace_residuals.py --probe BN-338","0 artefactos con coocurrencia literal de los tres componentes exactos tras normalizar mayúsculas y blancos. El resultado se limita a esta consulta y no demuestra inexistencia del dato ni ausencia biológica; por el dictamen independiente se retira el valor no acreditado. Cierre nominal de trazabilidad v3; objeto nominal data/tablas/12/table-54-12-10-1-repertorio-funcional-localizado.csv:fila 8:criterio de presencia/ausencia."
"BN-339","NO LOCALIZADO EN ESTA SESIÓN","Pasaje que sostenga conjuntamente el valor anterior del campo límite para data/tablas/12/table-54-12-10-1-repertorio-funcional-localizado.csv:fila 8:límite","consulta nominal conjunta exacta identidad=«GPCR y otras señales»; campo=«límite»; valor=«historia mosaico; no hay matriz completa publicada en C-1582–C-1583»; ámbito fuentes/ (431 artefactos); sha256_inventario=c07763665a0c77434737e4dff7aa1647a518d448c0efa0d960bc49cd6ec3daac; reproducible: python3 scripts/remediate_trace_residuals.py --probe BN-339","0 artefactos con coocurrencia literal de los tres componentes exactos tras normalizar mayúsculas y blancos. El resultado se limita a esta consulta y no demuestra inexistencia del dato ni ausencia biológica; por el dictamen independiente se retira el valor no acreditado. Cierre nominal de trazabilidad v3; objeto nominal data/tablas/12/table-54-12-10-1-repertorio-funcional-localizado.csv:fila 8:límite."
"BN-340","NO LOCALIZADO EN ESTA SESIÓN","Pasaje que sostenga conjuntamente el valor anterior del campo Monosiga para data/tablas/12/table-54-12-10-1-repertorio-funcional-localizado.csv:fila 9:Monosiga","consulta nominal conjunta exacta identidad=«Brachyury/T-box»; campo=«Monosiga»; valor=«NO LOCALIZADO»; ámbito fuentes/ (431 artefactos); sha256_inventario=c07763665a0c77434737e4dff7aa1647a518d448c0efa0d960bc49cd6ec3daac; reproducible: python3 scripts/remediate_trace_residuals.py --probe BN-340","0 artefactos con coocurrencia literal de los tres componentes exactos tras normalizar mayúsculas y blancos. El resultado se limita a esta consulta y no demuestra inexistencia del dato ni ausencia biológica; por el dictamen independiente se retira el valor no acreditado. Cierre nominal de trazabilidad v3; objeto nominal data/tablas/12/table-54-12-10-1-repertorio-funcional-localizado.csv:fila 9:Monosiga."
"BN-341","NO LOCALIZADO EN ESTA SESIÓN","Pasaje que sostenga conjuntamente el valor anterior del campo Capsaspora para data/tablas/12/table-54-12-10-1-repertorio-funcional-localizado.csv:fila 9:Capsaspora","consulta nominal conjunta exacta identidad=«Brachyury/T-box»; campo=«Capsaspora»; valor=«tres T-box; uno inicialmente asociado con Brachyury»; ámbito fuentes/ (431 artefactos); sha256_inventario=c07763665a0c77434737e4dff7aa1647a518d448c0efa0d960bc49cd6ec3daac; reproducible: python3 scripts/remediate_trace_residuals.py --probe BN-341","0 artefactos con coocurrencia literal de los tres componentes exactos tras normalizar mayúsculas y blancos. El resultado se limita a esta consulta y no demuestra inexistencia del dato ni ausencia biológica; por el dictamen independiente se retira el valor no acreditado. Cierre nominal de trazabilidad v3; objeto nominal data/tablas/12/table-54-12-10-1-repertorio-funcional-localizado.csv:fila 9:Capsaspora."
"BN-342","NO LOCALIZADO EN ESTA SESIÓN","Pasaje que sostenga conjuntamente el valor anterior del campo otros choanoflagelados para data/tablas/12/table-54-12-10-1-repertorio-funcional-localizado.csv:fila 9:otros choanoflagelados","consulta nominal conjunta exacta identidad=«Brachyury/T-box»; campo=«otros choanoflagelados»; valor=«NO LOCALIZADO por linaje»; ámbito fuentes/ (431 artefactos); sha256_inventario=c07763665a0c77434737e4dff7aa1647a518d448c0efa0d960bc49cd6ec3daac; reproducible: python3 scripts/remediate_trace_residuals.py --probe BN-342","0 artefactos con coocurrencia literal de los tres componentes exactos tras normalizar mayúsculas y blancos. El resultado se limita a esta consulta y no demuestra inexistencia del dato ni ausencia biológica; por el dictamen independiente se retira el valor no acreditado. Cierre nominal de trazabilidad v3; objeto nominal data/tablas/12/table-54-12-10-1-repertorio-funcional-localizado.csv:fila 9:otros choanoflagelados."
"BN-343","NO LOCALIZADO EN ESTA SESIÓN","Pasaje que sostenga conjuntamente el valor anterior del campo otros holozoos unicelulares para data/tablas/12/table-54-12-10-1-repertorio-funcional-localizado.csv:fila 9:otros holozoos unicelulares","consulta nominal conjunta exacta identidad=«Brachyury/T-box»; campo=«otros holozoos unicelulares»; valor=«NO LOCALIZADO por linaje»; ámbito fuentes/ (431 artefactos); sha256_inventario=c07763665a0c77434737e4dff7aa1647a518d448c0efa0d960bc49cd6ec3daac; reproducible: python3 scripts/remediate_trace_residuals.py --probe BN-343","0 artefactos con coocurrencia literal de los tres componentes exactos tras normalizar mayúsculas y blancos. El resultado se limita a esta consulta y no demuestra inexistencia del dato ni ausencia biológica; por el dictamen independiente se retira el valor no acreditado. Cierre nominal de trazabilidad v3; objeto nominal data/tablas/12/table-54-12-10-1-repertorio-funcional-localizado.csv:fila 9:otros holozoos unicelulares."
"BN-344","NO LOCALIZADO EN ESTA SESIÓN","Pasaje que sostenga conjuntamente el valor anterior del campo Metazoa para data/tablas/12/table-54-12-10-1-repertorio-funcional-localizado.csv:fila 9:Metazoa","consulta nominal conjunta exacta identidad=«Brachyury/T-box»; campo=«Metazoa»; valor=«presente»; ámbito fuentes/ (431 artefactos); sha256_inventario=c07763665a0c77434737e4dff7aa1647a518d448c0efa0d960bc49cd6ec3daac; reproducible: python3 scripts/remediate_trace_residuals.py --probe BN-344","0 artefactos con coocurrencia literal de los tres componentes exactos tras normalizar mayúsculas y blancos. El resultado se limita a esta consulta y no demuestra inexistencia del dato ni ausencia biológica; por el dictamen independiente se retira el valor no acreditado. Cierre nominal de trazabilidad v3; objeto nominal data/tablas/12/table-54-12-10-1-repertorio-funcional-localizado.csv:fila 9:Metazoa."
"BN-345","NO LOCALIZADO EN ESTA SESIÓN","Pasaje que sostenga conjuntamente el valor anterior del campo límite para data/tablas/12/table-54-12-10-1-repertorio-funcional-localizado.csv:fila 9:límite","consulta nominal conjunta exacta identidad=«Brachyury/T-box»; campo=«límite»; valor=«bootstrap inicial 50 %; uso celular ancestral no observado»; ámbito fuentes/ (431 artefactos); sha256_inventario=c07763665a0c77434737e4dff7aa1647a518d448c0efa0d960bc49cd6ec3daac; reproducible: python3 scripts/remediate_trace_residuals.py --probe BN-345","0 artefactos con coocurrencia literal de los tres componentes exactos tras normalizar mayúsculas y blancos. El resultado se limita a esta consulta y no demuestra inexistencia del dato ni ausencia biológica; por el dictamen independiente se retira el valor no acreditado. Cierre nominal de trazabilidad v3; objeto nominal data/tablas/12/table-54-12-10-1-repertorio-funcional-localizado.csv:fila 9:límite."
"BN-346","NO LOCALIZADO EN ESTA SESIÓN","Pasaje que sostenga conjuntamente el valor anterior del campo Monosiga para data/tablas/12/table-54-12-10-1-repertorio-funcional-localizado.csv:fila 10:Monosiga","consulta nominal conjunta exacta identidad=«Runx»; campo=«Monosiga»; valor=«NO LOCALIZADO»; ámbito fuentes/ (431 artefactos); sha256_inventario=c07763665a0c77434737e4dff7aa1647a518d448c0efa0d960bc49cd6ec3daac; reproducible: python3 scripts/remediate_trace_residuals.py --probe BN-346","0 artefactos con coocurrencia literal de los tres componentes exactos tras normalizar mayúsculas y blancos. El resultado se limita a esta consulta y no demuestra inexistencia del dato ni ausencia biológica; por el dictamen independiente se retira el valor no acreditado. Cierre nominal de trazabilidad v3; objeto nominal data/tablas/12/table-54-12-10-1-repertorio-funcional-localizado.csv:fila 10:Monosiga."
"BN-347","NO LOCALIZADO EN ESTA SESIÓN","Pasaje que sostenga conjuntamente el valor anterior del campo otros choanoflagelados para data/tablas/12/table-54-12-10-1-repertorio-funcional-localizado.csv:fila 10:otros choanoflagelados","consulta nominal conjunta exacta identidad=«Runx»; campo=«otros choanoflagelados»; valor=«NO LOCALIZADO por linaje»; ámbito fuentes/ (431 artefactos); sha256_inventario=c07763665a0c77434737e4dff7aa1647a518d448c0efa0d960bc49cd6ec3daac; reproducible: python3 scripts/remediate_trace_residuals.py --probe BN-347","0 artefactos con coocurrencia literal de los tres componentes exactos tras normalizar mayúsculas y blancos. El resultado se limita a esta consulta y no demuestra inexistencia del dato ni ausencia biológica; por el dictamen independiente se retira el valor no acreditado. Cierre nominal de trazabilidad v3; objeto nominal data/tablas/12/table-54-12-10-1-repertorio-funcional-localizado.csv:fila 10:otros choanoflagelados."
"BN-348","NO LOCALIZADO EN ESTA SESIÓN","Pasaje que sostenga conjuntamente el valor anterior del campo otros holozoos unicelulares para data/tablas/12/table-54-12-10-1-repertorio-funcional-localizado.csv:fila 10:otros holozoos unicelulares","consulta nominal conjunta exacta identidad=«Runx»; campo=«otros holozoos unicelulares»; valor=«NO LOCALIZADO por linaje»; ámbito fuentes/ (431 artefactos); sha256_inventario=c07763665a0c77434737e4dff7aa1647a518d448c0efa0d960bc49cd6ec3daac; reproducible: python3 scripts/remediate_trace_residuals.py --probe BN-348","0 artefactos con coocurrencia literal de los tres componentes exactos tras normalizar mayúsculas y blancos. El resultado se limita a esta consulta y no demuestra inexistencia del dato ni ausencia biológica; por el dictamen independiente se retira el valor no acreditado. Cierre nominal de trazabilidad v3; objeto nominal data/tablas/12/table-54-12-10-1-repertorio-funcional-localizado.csv:fila 10:otros holozoos unicelulares."
"BN-350","NO LOCALIZADO EN ESTA SESIÓN","Pasaje que sostenga conjuntamente el valor anterior del campo Monosiga para data/tablas/12/table-54-12-10-1-repertorio-funcional-localizado.csv:fila 11:Monosiga","consulta nominal conjunta exacta identidad=«p53/p63/p73»; campo=«Monosiga»; valor=«NO LOCALIZADO»; ámbito fuentes/ (431 artefactos); sha256_inventario=c07763665a0c77434737e4dff7aa1647a518d448c0efa0d960bc49cd6ec3daac; reproducible: python3 scripts/remediate_trace_residuals.py --probe BN-350","0 artefactos con coocurrencia literal de los tres componentes exactos tras normalizar mayúsculas y blancos. El resultado se limita a esta consulta y no demuestra inexistencia del dato ni ausencia biológica; por el dictamen independiente se retira el valor no acreditado. Cierre nominal de trazabilidad v3; objeto nominal data/tablas/12/table-54-12-10-1-repertorio-funcional-localizado.csv:fila 11:Monosiga."
"BN-351","NO LOCALIZADO EN ESTA SESIÓN","Pasaje que sostenga conjuntamente el valor anterior del campo Capsaspora para data/tablas/12/table-54-12-10-1-repertorio-funcional-localizado.csv:fila 11:Capsaspora","consulta nominal conjunta exacta identidad=«p53/p63/p73»; campo=«Capsaspora»; valor=«NO LOCALIZADO»; ámbito fuentes/ (431 artefactos); sha256_inventario=c07763665a0c77434737e4dff7aa1647a518d448c0efa0d960bc49cd6ec3daac; reproducible: python3 scripts/remediate_trace_residuals.py --probe BN-351","0 artefactos con coocurrencia literal de los tres componentes exactos tras normalizar mayúsculas y blancos. El resultado se limita a esta consulta y no demuestra inexistencia del dato ni ausencia biológica; por el dictamen independiente se retira el valor no acreditado. Cierre nominal de trazabilidad v3; objeto nominal data/tablas/12/table-54-12-10-1-repertorio-funcional-localizado.csv:fila 11:Capsaspora."
"BN-352","NO LOCALIZADO EN ESTA SESIÓN","Pasaje que sostenga conjuntamente el valor anterior del campo otros choanoflagelados para data/tablas/12/table-54-12-10-1-repertorio-funcional-localizado.csv:fila 11:otros choanoflagelados","consulta nominal conjunta exacta identidad=«p53/p63/p73»; campo=«otros choanoflagelados»; valor=«NO LOCALIZADO por linaje»; ámbito fuentes/ (431 artefactos); sha256_inventario=c07763665a0c77434737e4dff7aa1647a518d448c0efa0d960bc49cd6ec3daac; reproducible: python3 scripts/remediate_trace_residuals.py --probe BN-352","0 artefactos con coocurrencia literal de los tres componentes exactos tras normalizar mayúsculas y blancos. El resultado se limita a esta consulta y no demuestra inexistencia del dato ni ausencia biológica; por el dictamen independiente se retira el valor no acreditado. Cierre nominal de trazabilidad v3; objeto nominal data/tablas/12/table-54-12-10-1-repertorio-funcional-localizado.csv:fila 11:otros choanoflagelados."
"BN-353","NO LOCALIZADO EN ESTA SESIÓN","Pasaje que sostenga conjuntamente el valor anterior del campo Metazoa para data/tablas/12/table-54-12-10-1-repertorio-funcional-localizado.csv:fila 11:Metazoa","consulta nominal conjunta exacta identidad=«p53/p63/p73»; campo=«Metazoa»; valor=«presente»; ámbito fuentes/ (431 artefactos); sha256_inventario=c07763665a0c77434737e4dff7aa1647a518d448c0efa0d960bc49cd6ec3daac; reproducible: python3 scripts/remediate_trace_residuals.py --probe BN-353","0 artefactos con coocurrencia literal de los tres componentes exactos tras normalizar mayúsculas y blancos. El resultado se limita a esta consulta y no demuestra inexistencia del dato ni ausencia biológica; por el dictamen independiente se retira el valor no acreditado. Cierre nominal de trazabilidad v3; objeto nominal data/tablas/12/table-54-12-10-1-repertorio-funcional-localizado.csv:fila 11:Metazoa."
"BN-354","NO LOCALIZADO EN ESTA SESIÓN","Pasaje que sostenga conjuntamente el valor anterior del campo otros choanoflagelados para data/tablas/12/table-54-12-10-1-repertorio-funcional-localizado.csv:fila 12:otros choanoflagelados","consulta nominal conjunta exacta identidad=«Myc–Max»; campo=«otros choanoflagelados»; valor=«NO LOCALIZADO por linaje»; ámbito fuentes/ (431 artefactos); sha256_inventario=c07763665a0c77434737e4dff7aa1647a518d448c0efa0d960bc49cd6ec3daac; reproducible: python3 scripts/remediate_trace_residuals.py --probe BN-354","0 artefactos con coocurrencia literal de los tres componentes exactos tras normalizar mayúsculas y blancos. El resultado se limita a esta consulta y no demuestra inexistencia del dato ni ausencia biológica; por el dictamen independiente se retira el valor no acreditado. Cierre nominal de trazabilidad v3; objeto nominal data/tablas/12/table-54-12-10-1-repertorio-funcional-localizado.csv:fila 12:otros choanoflagelados."
"BN-355","NO LOCALIZADO EN ESTA SESIÓN","Pasaje que sostenga conjuntamente el valor anterior del campo otros holozoos unicelulares para data/tablas/12/table-54-12-10-1-repertorio-funcional-localizado.csv:fila 12:otros holozoos unicelulares","consulta nominal conjunta exacta identidad=«Myc–Max»; campo=«otros holozoos unicelulares»; valor=«NO LOCALIZADO por linaje»; ámbito fuentes/ (431 artefactos); sha256_inventario=c07763665a0c77434737e4dff7aa1647a518d448c0efa0d960bc49cd6ec3daac; reproducible: python3 scripts/remediate_trace_residuals.py --probe BN-355","0 artefactos con coocurrencia literal de los tres componentes exactos tras normalizar mayúsculas y blancos. El resultado se limita a esta consulta y no demuestra inexistencia del dato ni ausencia biológica; por el dictamen independiente se retira el valor no acreditado. Cierre nominal de trazabilidad v3; objeto nominal data/tablas/12/table-54-12-10-1-repertorio-funcional-localizado.csv:fila 12:otros holozoos unicelulares."
"BN-356","NO LOCALIZADO EN ESTA SESIÓN","Pasaje que sostenga conjuntamente el valor anterior del campo Metazoa para data/tablas/12/table-54-12-10-1-repertorio-funcional-localizado.csv:fila 12:Metazoa","consulta nominal conjunta exacta identidad=«Myc–Max»; campo=«Metazoa»; valor=«presente»; ámbito fuentes/ (431 artefactos); sha256_inventario=c07763665a0c77434737e4dff7aa1647a518d448c0efa0d960bc49cd6ec3daac; reproducible: python3 scripts/remediate_trace_residuals.py --probe BN-356","0 artefactos con coocurrencia literal de los tres componentes exactos tras normalizar mayúsculas y blancos. El resultado se limita a esta consulta y no demuestra inexistencia del dato ni ausencia biológica; por el dictamen independiente se retira el valor no acreditado. Cierre nominal de trazabilidad v3; objeto nominal data/tablas/12/table-54-12-10-1-repertorio-funcional-localizado.csv:fila 12:Metazoa."
"BN-357","NO LOCALIZADO EN ESTA SESIÓN","Pasaje que sostenga conjuntamente el valor anterior del campo límite para data/tablas/12/table-54-12-10-1-repertorio-funcional-localizado.csv:fila 12:límite","consulta nominal conjunta exacta identidad=«Myc–Max»; campo=«límite»; valor=«función bioquímica no ensayada nominalmente en cada linaje»; ámbito fuentes/ (431 artefactos); sha256_inventario=c07763665a0c77434737e4dff7aa1647a518d448c0efa0d960bc49cd6ec3daac; reproducible: python3 scripts/remediate_trace_residuals.py --probe BN-357","0 artefactos con coocurrencia literal de los tres componentes exactos tras normalizar mayúsculas y blancos. El resultado se limita a esta consulta y no demuestra inexistencia del dato ni ausencia biológica; por el dictamen independiente se retira el valor no acreditado. Cierre nominal de trazabilidad v3; objeto nominal data/tablas/12/table-54-12-10-1-repertorio-funcional-localizado.csv:fila 12:límite."
"BN-358","NO LOCALIZADO EN ESTA SESIÓN","Pasaje que sostenga conjuntamente el valor anterior del campo Monosiga para data/tablas/12/table-54-12-10-1-repertorio-funcional-localizado.csv:fila 13:Monosiga","consulta nominal conjunta exacta identidad=«homeodominios»; campo=«Monosiga»; valor=«NO LOCALIZADO por familia»; ámbito fuentes/ (431 artefactos); sha256_inventario=c07763665a0c77434737e4dff7aa1647a518d448c0efa0d960bc49cd6ec3daac; reproducible: python3 scripts/remediate_trace_residuals.py --probe BN-358","0 artefactos con coocurrencia literal de los tres componentes exactos tras normalizar mayúsculas y blancos. El resultado se limita a esta consulta y no demuestra inexistencia del dato ni ausencia biológica; por el dictamen independiente se retira el valor no acreditado. Cierre nominal de trazabilidad v3; objeto nominal data/tablas/12/table-54-12-10-1-repertorio-funcional-localizado.csv:fila 13:Monosiga."
"BN-359","NO LOCALIZADO EN ESTA SESIÓN","Pasaje que sostenga conjuntamente el valor anterior del campo Capsaspora para data/tablas/12/table-54-12-10-1-repertorio-funcional-localizado.csv:fila 13:Capsaspora","consulta nominal conjunta exacta identidad=«homeodominios»; campo=«Capsaspora»; valor=«familias localizadas»; ámbito fuentes/ (431 artefactos); sha256_inventario=c07763665a0c77434737e4dff7aa1647a518d448c0efa0d960bc49cd6ec3daac; reproducible: python3 scripts/remediate_trace_residuals.py --probe BN-359","0 artefactos con coocurrencia literal de los tres componentes exactos tras normalizar mayúsculas y blancos. El resultado se limita a esta consulta y no demuestra inexistencia del dato ni ausencia biológica; por el dictamen independiente se retira el valor no acreditado. Cierre nominal de trazabilidad v3; objeto nominal data/tablas/12/table-54-12-10-1-repertorio-funcional-localizado.csv:fila 13:Capsaspora."
"BN-360","NO LOCALIZADO EN ESTA SESIÓN","Pasaje que sostenga conjuntamente el valor anterior del campo otros choanoflagelados para data/tablas/12/table-54-12-10-1-repertorio-funcional-localizado.csv:fila 13:otros choanoflagelados","consulta nominal conjunta exacta identidad=«homeodominios»; campo=«otros choanoflagelados»; valor=«NO LOCALIZADO por linaje»; ámbito fuentes/ (431 artefactos); sha256_inventario=c07763665a0c77434737e4dff7aa1647a518d448c0efa0d960bc49cd6ec3daac; reproducible: python3 scripts/remediate_trace_residuals.py --probe BN-360","0 artefactos con coocurrencia literal de los tres componentes exactos tras normalizar mayúsculas y blancos. El resultado se limita a esta consulta y no demuestra inexistencia del dato ni ausencia biológica; por el dictamen independiente se retira el valor no acreditado. Cierre nominal de trazabilidad v3; objeto nominal data/tablas/12/table-54-12-10-1-repertorio-funcional-localizado.csv:fila 13:otros choanoflagelados."
"BN-361","NO LOCALIZADO EN ESTA SESIÓN","Pasaje que sostenga conjuntamente el valor anterior del campo Metazoa para data/tablas/12/table-54-12-10-1-repertorio-funcional-localizado.csv:fila 13:Metazoa","consulta nominal conjunta exacta identidad=«homeodominios»; campo=«Metazoa»; valor=«presente»; ámbito fuentes/ (431 artefactos); sha256_inventario=c07763665a0c77434737e4dff7aa1647a518d448c0efa0d960bc49cd6ec3daac; reproducible: python3 scripts/remediate_trace_residuals.py --probe BN-361","0 artefactos con coocurrencia literal de los tres componentes exactos tras normalizar mayúsculas y blancos. El resultado se limita a esta consulta y no demuestra inexistencia del dato ni ausencia biológica; por el dictamen independiente se retira el valor no acreditado. Cierre nominal de trazabilidad v3; objeto nominal data/tablas/12/table-54-12-10-1-repertorio-funcional-localizado.csv:fila 13:Metazoa."
"BN-362","NO LOCALIZADO EN ESTA SESIÓN","Pasaje que sostenga conjuntamente el valor anterior del campo criterio de presencia/ausencia para data/tablas/12/table-54-12-10-1-repertorio-funcional-localizado.csv:fila 13:criterio de presencia/ausencia","consulta nominal conjunta exacta identidad=«homeodominios»; campo=«criterio de presencia/ausencia»; valor=«homología y arquitectura de dominio»; ámbito fuentes/ (431 artefactos); sha256_inventario=c07763665a0c77434737e4dff7aa1647a518d448c0efa0d960bc49cd6ec3daac; reproducible: python3 scripts/remediate_trace_residuals.py --probe BN-362","0 artefactos con coocurrencia literal de los tres componentes exactos tras normalizar mayúsculas y blancos. El resultado se limita a esta consulta y no demuestra inexistencia del dato ni ausencia biológica; por el dictamen independiente se retira el valor no acreditado. Cierre nominal de trazabilidad v3; objeto nominal data/tablas/12/table-54-12-10-1-repertorio-funcional-localizado.csv:fila 13:criterio de presencia/ausencia."
"BN-363","NO LOCALIZADO EN ESTA SESIÓN","Pasaje que sostenga conjuntamente el valor anterior del campo límite para data/tablas/12/table-54-12-10-1-repertorio-funcional-localizado.csv:fila 13:límite","consulta nominal conjunta exacta identidad=«homeodominios»; campo=«límite»; valor=«función espacial no demostrada y distribuciones incompletas»; ámbito fuentes/ (431 artefactos); sha256_inventario=c07763665a0c77434737e4dff7aa1647a518d448c0efa0d960bc49cd6ec3daac; reproducible: python3 scripts/remediate_trace_residuals.py --probe BN-363","0 artefactos con coocurrencia literal de los tres componentes exactos tras normalizar mayúsculas y blancos. El resultado se limita a esta consulta y no demuestra inexistencia del dato ni ausencia biológica; por el dictamen independiente se retira el valor no acreditado. Cierre nominal de trazabilidad v3; objeto nominal data/tablas/12/table-54-12-10-1-repertorio-funcional-localizado.csv:fila 13:límite."
"BN-529","NO LOCALIZADO EN ESTA SESIÓN","Pasaje que sostenga conjuntamente el valor anterior del campo condición para data/tablas/12/table-52-12-6-1-costes-y-compensaciones-cuantificados-o-no-localizado.csv:fila 5:condición","consulta nominal conjunta exacta identidad=«agregación de *Capsaspora owczarzaki*»; campo=«condición»; valor=«lípidos, fracción sérica y calcio; no se localizó un coste energético directo de mantenimiento»; ámbito fuentes/ (431 artefactos); sha256_inventario=c07763665a0c77434737e4dff7aa1647a518d448c0efa0d960bc49cd6ec3daac; reproducible: python3 scripts/remediate_trace_residuals.py --probe BN-529","0 artefactos con coocurrencia literal de los tres componentes exactos tras normalizar mayúsculas y blancos. El resultado se limita a esta consulta y no demuestra inexistencia del dato ni ausencia biológica; por el dictamen independiente se retira el valor no acreditado. Cierre nominal de trazabilidad v3; objeto nominal data/tablas/12/table-52-12-6-1-costes-y-compensaciones-cuantificados-o-no-localizado.csv:fila 5:condición."
"BN-530","NO LOCALIZADO EN ESTA SESIÓN","Pasaje que sostenga conjuntamente el valor anterior del campo condición para data/tablas/12/table-52-12-6-1-costes-y-compensaciones-cuantificados-o-no-localizado.csv:fila 6:condición","consulta nominal conjunta exacta identidad=«agregación de *Ministeria vibrans*»; campo=«condición»; valor=«disrupción física y superficie de menor agregación, ambas con confusores declarados; no hay conversión válida a coste energético»; ámbito fuentes/ (431 artefactos); sha256_inventario=c07763665a0c77434737e4dff7aa1647a518d448c0efa0d960bc49cd6ec3daac; reproducible: python3 scripts/remediate_trace_residuals.py --probe BN-530","0 artefactos con coocurrencia literal de los tres componentes exactos tras normalizar mayúsculas y blancos. El resultado se limita a esta consulta y no demuestra inexistencia del dato ni ausencia biológica; por el dictamen independiente se retira el valor no acreditado. Cierre nominal de trazabilidad v3; objeto nominal data/tablas/12/table-52-12-6-1-costes-y-compensaciones-cuantificados-o-no-localizado.csv:fila 6:condición."
"BN-531","NO LOCALIZADO EN ESTA SESIÓN","Pasaje que sostenga conjuntamente el valor anterior del campo condición para data/tablas/12/table-52-12-6-1-costes-y-compensaciones-cuantificados-o-no-localizado.csv:fila 9:condición","consulta nominal conjunta exacta identidad=«levadura snowflake inicial»; campo=«condición»; valor=«ensayo de sedimentación; la ventaja de aptitud publicada no es un coste energético de mantenimiento»; ámbito fuentes/ (431 artefactos); sha256_inventario=c07763665a0c77434737e4dff7aa1647a518d448c0efa0d960bc49cd6ec3daac; reproducible: python3 scripts/remediate_trace_residuals.py --probe BN-531","0 artefactos con coocurrencia literal de los tres componentes exactos tras normalizar mayúsculas y blancos. El resultado se limita a esta consulta y no demuestra inexistencia del dato ni ausencia biológica; por el dictamen independiente se retira el valor no acreditado. Cierre nominal de trazabilidad v3; objeto nominal data/tablas/12/table-52-12-6-1-costes-y-compensaciones-cuantificados-o-no-localizado.csv:fila 9:condición."
"BN-532","NO LOCALIZADO EN ESTA SESIÓN","Pasaje que sostenga conjuntamente el valor anterior del campo condición para data/tablas/12/table-52-12-6-1-costes-y-compensaciones-cuantificados-o-no-localizado.csv:fila 10:condición","consulta nominal conjunta exacta identidad=«levadura snowflake prolongada»; campo=«condición»; valor=«tratamiento anaerobio, 600 rondas; tamaño, tenacidad y limitación por oxígeno no se convierten en coste energético directo»; ámbito fuentes/ (431 artefactos); sha256_inventario=c07763665a0c77434737e4dff7aa1647a518d448c0efa0d960bc49cd6ec3daac; reproducible: python3 scripts/remediate_trace_residuals.py --probe BN-532","0 artefactos con coocurrencia literal de los tres componentes exactos tras normalizar mayúsculas y blancos. El resultado se limita a esta consulta y no demuestra inexistencia del dato ni ausencia biológica; por el dictamen independiente se retira el valor no acreditado. Cierre nominal de trazabilidad v3; objeto nominal data/tablas/12/table-52-12-6-1-costes-y-compensaciones-cuantificados-o-no-localizado.csv:fila 10:condición."
