"clave","qué sostiene en una frase","supuestos que da por buenos","# de las filas que la componen","fuentes a favor","fuentes en contra","con qué otras hipótesis es incompatible y en qué punto exacto","qué observación la falsaría"
"H01","Eukaryota, Archaea y Bacteria son tres dominios primarios y Archaea excluyendo Eukaryota es monofilético.","Los marcadores universales retienen una señal vertical suficiente; la heterogeneidad no altera la monofilia arqueana.","C-011–C-012; C-018; C-033","S06; S08 bajo GTR homogéneo; S11","S08 bajo NDCH/CAT; S09, S10; S12; S25, S26","H02 en la monofilia de Archaea excluyendo Eukaryota.","Una filogenómica amplia, robusta a modelos sitio- y rama-heterogéneos, que recuperara de forma estable Eukaryota dentro de Archaea falsaría la versión estricta; ese patrón es precisamente la contraevidencia actual."
"H02","Eukaryota se ramifica dentro de Archaea y dentro de Asgardarchaeota, por lo que existen dos dominios celulares primarios.","Los modelos y marcadores usados corrigen suficientemente ramas largas, composición y transferencias; Asgard no es un artefacto de MAG quiméricos.","C-013–C-015; C-019–C-030; C-036–C-041","S07, S08, S09, S10; S12; S25, S26","S11; S13","H01 en la posición de Eukaryota; H03 en el origen bacteriano de Neomura.","Un conjunto amplio de caracteres verticales, con muestreo arqueano denso y modelos adecuados, que recuperara de forma estable monofilia arqueana excluyente falsaría su formulación actual."
"H03","Neomura deriva de bacterias planctobacterianas y reúne arqueas y eucariotas como descendientes de ese origen.","La polaridad de caracteres celulares y árboles de proteínas ribosómicas reconstruyen un origen bacteriano común posterior.","C-042–C-043","S13","S08, S09, S10, S11, S12; S22, S23, S24, S25, S26","H01 y H02 en la raíz y el origen de Archaea/Eukaryota.","Filogenias independientes robustas que excluyan de forma estable una ascendencia planctobacteriana y sinapomorfías incompatibles con esa polaridad la falsarían; la mayor parte de la evidencia localizada ya la contradice."
"H04","La membrana eucariota adquirió rutas bacterianas que reemplazaron una ruta lipídica arqueana ancestral.","El linaje hospedador arqueano no identificado poseía inicialmente una membrana arqueana típica; la transferencia y selección pudieron sustituir la biosíntesis.","C-044–C-049; C-056; C-059","S15 Discussion; S18, S19, S20, S21 como contexto genómico","S15 por excepciones de distribución; ausencia de orden histórico directo","H06 solo si el hospedador ya poseía predominantemente la ruta moderna; parcialmente compatible con H05 como etapa intermedia.","Una reconstrucción ancestral robusta que mostrara que el hospedador ya poseía la ruta bacteriana completa antes de la asociación eliminaría la necesidad del reemplazo."
"H05","La transición lipídica pasó por una membrana heteroquiral estable durante algún intervalo.","Las dos rutas pudieron coexistir y la célula toleró la mezcla durante sustitución o segregación.","C-050–C-057; C-059","S16; S17","No hay observación ancestral; S17 muestra costes en un sistema mínimo","Compatible con H04; parcialmente incompatible con una transición instantánea sin coexistencia.","Evidencia de incompatibilidad bioquímica absoluta en composiciones ancestrales relevantes o una ruta demostrada sin coexistencia la falsaría; los experimentos actuales no la falsan."
"H06","El linaje hospedador arqueano no identificado ya poseía una membrana mixta o distinta del patrón arqueano típico.","La diversidad lipídica ancestral fue mayor que la representada por los linajes actuales y pudo perderse diferencialmente.","C-048–C-049; C-058–C-059","S15 Discussion","Ausencia de muestra del hospedador; S16, S17 solo prueban posibilidad","Parcialmente incompatible con H04 si esta exige una membrana arqueana típica pura; compatible con H05.","Una reconstrucción ancestral con alta confianza que fijara exclusivamente la ruta arqueana en el hospedador inmediato la falsaría."
"H07","Hodarchaeales es el grupo asgard hermano de Eukaryota.","La depuración de sitios rápidos y las matrices no ribosómicas recuperan la señal vertical correcta; los MAG usados no son quiméricos de forma decisiva.","C-111–C-116","S25","S26","H08 en el nodo interno exacto; ambas son compatibles con H02.","Muestreo más denso y modelos mejores que recuperen de manera estable Eukaryota fuera de Heimdallarchaeia la falsarían; S26 constituye esa contraevidencia publicada."
"H08","Eukaryota se origina dentro de Asgardarchaeota pero fuera de Heimdallarchaeia, como su grupo hermano desde una posición más profunda.","Las matrices de 97 y 150 proteínas y NM57 y la depuración de MAG reducen artefactos de muestreo y quimerismo.","C-117–C-122","S26","S25","H07 en el nodo interno exacto; compatible con H02.","Genomas nuevos no quiméricos y análisis heterogéneos que recuperen consistentemente Eukaryota dentro de Heimdallarchaeia la falsarían."
"H09","La mitocondria se ramifica como hermana de las alfa-proteobacterias vivientes conocidas o muestreadas.","Modelos sitio- y rama-heterogéneos y muestreo divergente corrigen atracción de ramas y composición.","C-136–C-137; C-140–C-142; C-145–C-146","S46; S48","S47","H10 en la inserción dentro de Alpha IIb; compatible con H11 como semejanza funcional no topológica.","Una filogenia estable dentro de un clado alfa viviente bajo modelos que ajusten mejor y muestreo exhaustivo la falsaría."
"H10","La mitocondria se ramifica dentro de Alphaproteobacteria, en Alpha IIb.","El muestreo sistemático y la retirada de sitios retienen una señal interna auténtica.","C-138–C-139; C-145","S47","S46; S48","H09 en la posición interna o externa respecto de los grupos alfa vivientes muestreados.","La recuperación estable como hermana de todas las alfa conocidas bajo muestreo equivalente y modelos de mejor ajuste la falsaría."
"H11","Iodidimonadales es el mejor análogo o candidato funcional viviente para el ancestro mitocondrial por su combinación metabólica.","Los rasgos metabólicos relevantes conservan información histórica suficiente y su combinación no es principalmente convergente.","C-143–C-144","S49","S46, S47, S48 no lo recuperan necesariamente como hermano filogenético","No es incompatible por sí misma con H09 o H10 porque responde a semejanza funcional, no al mismo criterio topológico.","Un muestreo metabólico más amplio que encuentre una combinación más próxima o demuestre convergencia de los rasgos debilitaría o falsaría la prioridad funcional."
"H12","Una arquea metanógena dependiente de H₂ integra una alfa-proteobacteria que produce H₂ y CO₂.","Hospedador arqueano anaerobio metanógeno; simbionte facultativamente anaerobio; flujo H₂/CO₂ desde simbionte a hospedador.","C-250–C-257","S85; S84","S90; S58; S59","H15: H12 requiere mitocondria antes de fagocitosis compleja; H15 requiere fagocitosis y núcleo antes de mitocondria. [C-333]","Una reconstrucción robusta que mostrara que el hospedador ancestral no podía consumir H₂/CO₂ y que el simbionte no los producía bajo anoxia falsaría el montaje metabólico estricto."
"H13","Una asociación tripartita con Asgard, bacteria sulfatorreductora y alfa-proteobacteria se integra en gradientes de tapetes microbianos.","Hospedador bacteriano sulfatorreductor; asgard productor de H₂; socio alfa oxidante de sulfuro; ambiente estratificado.","C-261–C-266","S87","S88; S56 líneas 316–317","H15: H13 inicia con un consorcio procariótico y no con un protoeucariota fagocítico; H15 requiere fagocitosis premitocondrial. [C-342]; H21: H13 revisada coloca al asgard dentro de un hospedador bacteriano; H21 requiere que el cuerpo asgard ancestral sea el núcleo y origen topológico central. [C-348]","Una asignación inequívoca de las membranas nucleares y citoplasmáticas al hospedador arqueano, junto con ausencia de un hospedador bacteriano sulfatorreductor, falsaría la versión revisada estricta."
"H14","Protrusiones de una arquea rodean ectosimbiontes y originan citoplasma, retículo y membrana plasmática.","Hospedador arqueano; ectosimbiosis inicial; crecimiento y fusión de protrusiones; cuerpo arqueano homólogo al núcleo.","C-267–C-274","S88","S96; la transición completa no está observada en S34","H20: H14 deriva núcleo y retículo por exteriorización; H20 por invaginación interior de la membrana ancestral. [C-355]","Una topología ancestral demostrada de invaginación interna incompatible con exteriorización y con el cuerpo arqueano como núcleo falsaría inside-out."
"H15","Un protoeucariota con citosqueleto, endomembranas, núcleo y fagocitosis incorpora tardíamente al progenitor mitocondrial.","Complejidad y fagocitosis premitocondriales; internalización por fagocitosis; sintrofía no obligatoria.","C-275–C-280","S89; S84","S79; S81; S85","H12: H12 requiere mitocondria antes de fagocitosis compleja; H15 requiere fagocitosis y núcleo antes de mitocondria. [C-333]; H13: H13 inicia con un consorcio procariótico y no con un protoeucariota fagocítico; H15 requiere fagocitosis premitocondrial. [C-342]; H16: H15 requiere protoeucariota fagocítico y mitocondria tardía; H16 inicia con sintrofía procariótica antes de fagocitosis. [C-358]; H17: H15 internaliza por fagocitosis preexistente; E3 propone engullimiento por protrusiones sin maquinaria fagocítica moderna. [C-359]; H21: H15 suele asumir invaginación y fagocitosis de una célula ya interiorizada; H21 requiere topología inside-out y no necesita fagocitosis para la asociación inicial. [C-363]","Una cronología robusta que situara la maquinaria fagocítica funcional después de la endosimbiosis mitocondrial falsaría la versión estricta fagocitosis-primero."
"H16","Un hospedador asgard organoheterótrofo transfiere equivalentes reductores a un socio bacteriano antes de la integración.","Hospedador arqueano organoheterótrofo; flujo reductor arquea→bacteria; asociación anaerobia próxima.","C-281–C-286","S90","S85; identidad del socio no resuelta en S90","H15: H15 requiere protoeucariota fagocítico y mitocondria tardía; H16 inicia con sintrofía procariótica antes de fagocitosis. [C-358]","Una reconstrucción metabólica segura que mostrara flujo obligatorio de H₂ desde el simbionte bacteriano hacia el hospedador arqueano, y no a la inversa, falsaría flujo inverso."
"H17","Protrusiones asgard entrelazan, engullen y endogenizan un socio bacteriano sin fagocitosis moderna previa.","Hospedador asgard sintrófico; protrusiones; engullimiento por fusión; endogenización posterior.","C-287–C-294","S34","S34 declara no observadas las etapas de engullimiento y endogenización","H15: H15 internaliza por fagocitosis preexistente; E3 propone engullimiento por protrusiones sin maquinaria fagocítica moderna. [C-359]","Demostrar que las protrusiones asgard no pueden fusionarse ni producir internalización heredable bajo ninguna condición relevante falsaría el mecanismo E3 estricto."
"H18","Intrones de grupo II del endosimbionte generan presión para separar empalme nuclear y traducción citosólica.","Donación mitocondrial de intrones; empalme lento; envoltura ventajosa tras la invasión.","C-296–C-302","S91; S68","No se localizó una refutación directa; S91 depende de causalidad y orden mitocondrial","Ninguna incompatibilidad total localizada; véase la matriz para compatibilidades parciales.","Demostrar que la envoltura nuclear y el espliceosoma funcional precedieron a la llegada de intrones de grupo II del endosimbionte falsaría su versión causal estricta."
"H19","Un virus complejo de ADN contribuye decisivamente al compartimento o a la maquinaria nuclear.","Infección persistente; homologías virus–eucariota; integración heredable; dirección viral→hospedador.","C-303–C-311","S92, S93, S94, S95","S95 declara controversia y dirección de HGT ambigua; S56 líneas 314–315","Ninguna incompatibilidad total localizada; véase la matriz para compatibilidades parciales.","Filogenias y estructuras que polarizaran sistemáticamente todas las homologías relevantes de eucariotas hacia virus, junto con un origen celular anterior de la compartimentación, falsarían la versión virus→núcleo."
"H20","Invaginaciones internas de la membrana ancestral rodean el ADN y originan núcleo y retículo.","Remodelado interno de membrana; continuidad núcleo–retículo; origen celular autógeno.","C-312–C-316","S96; S99","S88 propone orientación opuesta","H14: H14 deriva núcleo y retículo por exteriorización; H20 por invaginación interior de la membrana ancestral. [C-355]; H21: H20 invagina hacia dentro; H21 exterioriza protrusiones y conserva el cuerpo arqueano como núcleo. [C-383]","Una orientación ancestral de membranas demostrada como exteriorización inside-out, sin etapa de invaginación interna, falsaría la invaginación autógena estricta."
"H21","El cuerpo arqueano ancestral se convierte en núcleo y los espacios entre protrusiones en retículo y espacio perinuclear.","Topología inside-out; cuerpo arqueano nuclear; protrusiones y fusión externa.","C-317–C-320","S88","S96 propone orientación opuesta","H13: H13 revisada coloca al asgard dentro de un hospedador bacteriano; H21 requiere que el cuerpo asgard ancestral sea el núcleo y origen topológico central. [C-348]; H15: H15 suele asumir invaginación y fagocitosis de una célula ya interiorizada; H21 requiere topología inside-out y no necesita fagocitosis para la asociación inicial. [C-363]; H20: H20 invagina hacia dentro; H21 exterioriza protrusiones y conserva el cuerpo arqueano como núcleo. [C-383]","Una continuidad topológica ancestral inequívoca producida por invaginación interna y no por protrusiones externas falsaría el submodelo nuclear inside-out."
"H22","Coatómeros, cubiertas vesiculares y poro nuclear divergen de un módulo ancestral de curvatura de membrana.","Homología de arquitectura β-propeller–α-solenoid; duplicación y divergencia modular.","C-321–C-330","S97, S98, S99; S71","S97 considera convergencia como alternativa; S98 discute pérdida de señal de secuencia","Ninguna incompatibilidad total localizada; véase la matriz para compatibilidades parciales.","Demostrar orígenes independientes y convergentes de la arquitectura β-propeller–α-solenoid en poro y coatómeros, sin paralogía profunda, falsaría el protocoatómero común."
"H23","La primera divergencia de Eukaryota separa Unikonta de Bikonta.","La fusión DHFR–TS, miosinas y estados flagelares son cambios únicos polarizables.","C-412–C-415; C-437–C-447","S116; S118; S89","S117; S119, S120; S102, S103, S104, S105, S106, S107","H24, H25, H26, H27, H28 en la posición y circunscripción de la raíz.","Una filogenómica robusta y caracteres raros con historia incompatible la falsan; esa contraevidencia existe."
"H24","La raíz separa Opimoda de Diphoda.","Las proteínas de origen bacteriano retienen señal vertical y los modelos CAT corrigen la heterogeneidad.","C-416–C-419","S105","S102, S103, S104; S106, S107","H25, H26, H27, H28 en la primera divergencia.","Matrices independientes de mejor ajuste que ubiquen de manera estable la raíz en otra rama."
"H25","Discoba es hermana del resto de los eucariotas activamente mitocondriados muestreados.","Las proteínas mitocondriales usadas son ortólogas y el muestreo no sesga la raíz.","C-420–C-421","S106","S102, S103, S104, S105; S107","H24, H26, H27, H28 en la primera divergencia.","Incluir linajes con orgánulos reducidos y conservar otra raíz bajo modelos superiores."
"H26","Cuatro linajes excavados divergen sucesivamente antes del resto de Eukaryota.","Las 183 proteínas arqueanas retienen señal vertical; outliers y datos ausentes están controlados.","C-422–C-425","S103, S104","S102; S105, S106, S107","H24, H25, H27 y H28 en la forma basal del árbol.","Muestreo excavado más denso y modelos robustos que eliminen el patrón sucesivo."
"H27","Opisthokonta es hermana de todos los demás eucariotas.","La reconciliación de 2.786 árboles génicos recupera la señal de especies pese a duplicación y pérdida.","C-426–C-428","S107","S102, S103, S104, S105, S106","H24, H25, H26 y H28 en la primera divergencia.","Reconciliaciones con modelos de transferencia/duplicación mejores que recuperen otra raíz estable."
"H28","La raíz separa Opimoda+ de Diphoda+.","Las proteínas mitocondriales de 100 taxones conservan señal y las pruebas de sensibilidad corrigen ramas largas.","C-429–C-436","S102","S103; S106, S107","H25, H26, H27; parcialmente H24 porque amplía circunscripciones.","Datos nucleares independientes y modelos de mejor ajuste que recuperen consistentemente otra posición."
"H29","CRuMs es el grupo hermano de Amorphea.","Los 351 ortólogos son correctos y la heterogeneidad está suficientemente modelada.","C-462–C-466","S108; S109","No se localizó una filogenómica reciente que lo rechace de forma robusta.","Compatible con las raíces que no corten ese nodo; incompatible con una raíz dentro de CRuMs+Amorphea.","Muestreo de CRuMs más amplio que ubique alguno de sus componentes fuera del clado o lejos de Amorphea."
"H30","Ancyromonadida y Malawimonadida forman un clado profundo.","La señal ML no es artefacto y el muestreo capta sus ramas.","C-467–C-471","S108 bajo ML; S109 en parte de análisis","S108 bajo Bayes","H31 en la relación exacta de Malawimonadida con CRuMs+Amorphea.","Modelos convergentes y muestreo ampliado que separen consistentemente ambas ramas."
"H31","Malawimonadida se agrupa con CRuMs+Amorphea excluyendo Ancyromonadida.","Las cadenas CAT-GTR convergentes representan mejor la heterogeneidad que ML.","C-469–C-470","S108 bajo Bayes","S108 bajo ML; S109 en parte","H30 en la posición de Malawimonadida.","Cadenas convergentes y matrices independientes que recuperen Ancyromonadida+Malawimonadida."
"H32","Pluriformea es hermana del resto de Holozoa.","El muestreo taxonómico denso y BUSCO/Tikhonenkov_2020 recuperan la señal correcta.","C-629; C-634; C-639","S126 BUSCO y Tikhonenkov_2020","S126 OrthoFinder; S128, S129","H33 y H34 en la primera divergencia holozoa.","Matrices independientes con concordancia génica alta que recuperen otra topología."
"H33","Teretosporea, Pluriformea+Ichthyosporea, es hermana de Filozoa.","OrthoFinder recupera ortólogos más informativos y UFB alto refleja la historia.","C-630–C-631; C-635–C-639","S126 OrthoFinder; S128","S126 BUSCO/Tikhonenkov_2020 y gCF bajo","H32 y H34 en la primera divergencia holozoa.","Concordancia génica y de sitios elevada para Pluriformea-sister o Ichthyosporea-sister."
"H34","Ichthyosporea es hermana del resto de Holozoa.","El muestreo reducido o matrices históricas retienen señal no diluida por taxones adicionales.","C-632–C-633; C-639","S129; S131; submuestreo de S126","S126 análisis principales","H32 y H33 en la primera divergencia holozoa.","Muestreo denso y conjuntos ortólogos diversos que nunca recuperen la topología y muestren señal individual contraria."
"H35","*Grypania spiralis* representa un eucariota macroscópico antiguo.","La morfología enrollada y dimensiones no son producidas por un proceso abiogénico ni por un consorcio procariota.","C-681–C-682","S155 resumen; S178 §fossils","S178 discusión de ambigüedad","Incompatible con una interpretación no eucariota del mismo material; el punto exacto de choque es la identidad biológica del productor.","La demostración de una vía abiogénica o procariota que reproduzca de manera diagnóstica la morfología y microestructura del fósil."
"H36","*Bangiomorpha pubescens* pertenece al grupo corona de las algas rojas y documenta reproducción sexual diferenciada.","La morfología celular, ramificación y patrón reproductivo son homólogos a los de bangiales y no convergencias.","C-693–C-696","S159 descripción; S160 discusión","S178 §3 advierte dependencia de asignación","Incompatible con una posición troncal eucariota no rodófita; el choque es la homología de los caracteres reproductivos y de crecimiento.","Caracteres ultraestructurales o filogenéticos indirectos que excluyan afinidad rodófita, o una reinterpretación tafonómica que elimine los caracteres diagnósticos."
"H37","*Ourasphaira giraldae* representa un hongo temprano.","La ramificación, paredes y estructuras esféricas preservadas son homologables con rasgos fúngicos.","C-697–C-699","S161 resumen y discusión","S178 discusión paleontológica","Incompatible con interpretaciones no fúngicas del productor; el choque es la identidad de las estructuras filamentosas y esféricas.","Descubrimiento de caracteres diagnósticos de otro clado o demostración de que las estructuras resultan de preservación no biológica."
"H38","*Bicellum brasieri* es un holozoo con multicelularidad diferenciada.","La organización de dos tipos celulares y la geometría de los agregados reflejan desarrollo biológico y afinidad holozoa.","C-700–C-703","S162 resumen y discusión","S178 como marco general; posición exacta no resuelta","Compatible con varias posiciones internas de Holozoa; incompatible solo con una afinidad no holozoa.","Caracteres que vinculen el fósil de manera más parsimoniosa a otro clado o que muestren que la diferenciación es tafonómica."
"H39","Los fósiles de *Tianzhushania* y *Megasphaera* son embriones animales.","Las divisiones preservadas representan clivaje embrionario y los ciclos no corresponden a quistes de protistas.","C-706; C-708; C-710","S166 resultados y discusión","S163 resultados; S167 discusión","Incompatible con la interpretación de protistas holozoos enquistantes en la identidad del ciclo vital; parcialmente compatible con una afinidad holozoa amplia.","Estructuras de germinación o ciclos completos incompatibles con embriología animal y repetibles en múltiples ejemplares."
"H40","Los llamados embriones de Doushantuo son protistas holozoos enquistantes.","Las estructuras internas son núcleos y las aberturas o rupturas son estructuras de germinación, no gastrulación ni tejidos animales.","C-707–C-708","S163 título, resultados y discusión","S166 discusión; S164 discusión","Incompatible con la interpretación de embriones animales en el tipo de ciclo vital; compatible con afinidad holozoa general.","Evidencia de polaridad embrionaria, tejidos, gastrulación o desarrollo continuo que no pueda producir un quiste protista."
"H41","Parte de los fósiles tipo Doushantuo representa quistes algales.","La pared, ornamentación y ciclo de liberación son comparables con quistes de algas y no exigen afinidad animal o holozoa.","C-712–C-713","S167 resumen y discusión","S163 y S166 para otros ejemplares","Incompatible con asignaciones animales o holozoas de los mismos morfotipos; puede coexistir con ellas si el conjunto contiene varios organismos.","Caracteres de desarrollo o pared exclusivos de Holozoa en los morfotipos concretos atribuidos a algas."
"H42","La biota de protosteroides registra eucariotas troncales ecológicamente abundantes antes del ascenso de grupos corona productores de esteroles modernos.","Los protosteroides son syngenéticos, biológicos y producidos predominantemente por linajes troncales eucariotas.","C-716–C-717; C-781","S171 resultados y discusión","La asignación biológica específica permanece indirecta; S178 discute límites de biomarcadores","Incompatible con interpretar todos los protosteroides como productos de grupos corona modernos o contaminación; el choque es la identidad del productor y la syngenicidad.","Demostración de contaminación sistemática o producción amplia de los mismos compuestos por grupos corona muestreados en el intervalo."
"H43","La atmósfera mesoproterozoica tuvo menos de 0.1% PAL de O₂ durante los intervalos muestreados.","El fraccionamiento de Cr requiere meteorización oxidativa por encima de un umbral y su ausencia fija un límite superior bajo.","C-757; C-761–C-762","S182 métodos; fig. 3","S183; S184; S185","Incompatible cuantitativamente con reconstrucciones de 4–8% PAL para el mismo tiempo y reservorio si los proxies se interpretan globalmente; puede ser compatible si registran lugares o tiempos distintos.","Un archivo coetáneo y globalmente representativo que demuestre oxidación incompatible con <0.1% PAL bajo un modelo de Cr validado."
"H44","La Formación Xiamaling registra aproximadamente 4–8% PAL de O₂ alrededor de 1.4 Ga.","El modelo de preservación de carbono y circulación usado representa condiciones ambientales y puede escalarse a pO₂.","C-758; C-761–C-762","S183 métodos y resultados","S182; S184","Incompatible con <0.1% PAL como valor global contemporáneo; compatible con heterogeneidad temporal o espacial.","Demostración de que el modelo sedimentario produce el mismo patrón bajo pO₂ sustancialmente menor o que el sistema no representa el océano abierto."
"H45","El océano proterozoico tuvo aguas medias ampliamente euxínicas.","La producción y preservación de sulfuro en aguas intermedias fue extensa y controló metales y nutrientes.","C-767","S186 tesis general","S187; S188; S189","Parcialmente incompatible con un océano predominantemente ferruginoso; ambos aceptan anoxia extensa y difieren en el aceptor terminal y la presencia de sulfuro libre.","Una compilación espacialmente representativa que muestre Fe(II) sin sulfuro en la mayoría de las aguas anóxicas del intervalo."
"H46","Las aguas anóxicas mesoproterozoicas fueron predominantemente ferruginosas, con euxinia más localizada.","Los proxies de Fe y Mo preservan la distribución de estados redox a escala suficiente.","C-768–C-773","S187; S188; S189","S186","Parcialmente incompatible con el modelo de aguas medias globalmente euxínicas; coincide en la extensión de anoxia.","Datos globales que demuestren sulfuro libre persistente y deposición euxínica dominante en cuencas representativas."
"H47","El «aburrido millardo» fue un intervalo de estabilidad relativa tectónica, climática y biogeoquímica.","Las series disponibles capturan baja variabilidad global y no solo sesgos del registro.","C-780–C-781","S189 introducción; S194 discusión","S171 discusión","No es incompatible con diversidad eucariota troncal; choca solo con una lectura de uniformidad ecológica o ausencia de innovación.","Series de alta resolución que muestren cambios globales frecuentes y de magnitud comparable a transiciones posteriores durante todo el intervalo."
"H48","Una escalada depredador–presa proterozoica impulsó aumento de tamaño y defensas en microeucariotas.","Las perforaciones son ataques y la ornamentación, paredes y cambios de tamaño responden al riesgo de depredación.","C-847–C-850","S158 discusión; S178 §ecology","Alternativas tafonómicas y funcionales señaladas en S158","Compatible con múltiples orígenes de fagotrofia; incompatible con atribuir todo el patrón a tafonomía o factores ambientales no tróficos.","Ausencia de covariación temporal entre frecuencia de daño, tamaño y estructuras defensivas, o demostración de origen no biológico de las perforaciones."
"H49","El núcleo eucariota incorpora una contribución evolutiva de virus gigantes.","Homologías y maquinarias virales reflejan ascendencia y no transferencia posterior o convergencia.","C-859–C-861","S222 discusión; S223 revisión","S223 discute múltiples orígenes y alternativas","Parcialmente compatible con modelos autógenos si la contribución viral es limitada; incompatible con una derivación total del núcleo exclusivamente autógena.","Filogenias robustas que sitúen sistemáticamente las proteínas virales como derivadas de eucariotas o muestren orígenes independientes sin contribución ancestral al núcleo."
"H50","La invasión de intrones de grupo II contribuyó al origen de intrones espliceosomales y de la separación núcleo–citosol.","Intrones del endosimbionte se propagaron al genoma hospedador y el empalme lento generó selección por separación espacial de traducción.","C-868–C-869","S221 tesis general","No se localizó una refutación experimental directa; la cadena completa permanece inferida","Compatible con varios modelos de eucariogénesis; incompatible con modelos donde intrones espliceosomales y núcleo preceden completamente a la endosimbiosis bacteriana.","Evidencia filogenética que sitúe los intrones espliceosomales antes de los de grupo II relevantes o cronología que demuestre una envoltura nuclear completa anterior a la invasión."
"H51","La transmisión vertical, los cuellos de botella y la reducción genómica favorecen dependencia mutua.","Fidelidad de transmisión; Ne simbionte pequeño; pérdida de alternativas metabólicas.","C-1012–C-1025","S228, S229, S230; S260; S265; S286; S298","S299; C-1018–C-1019","No es incompatible con H52; H52 describe un mecanismo poblacional dentro del mismo marco.","Una comparación amplia en la que transmisión vertical y reducción no predijeran dependencia mejor que transmisión horizontal debilitaría su forma general."
"H52","El trinquete de Muller contribuye a acumulación de mutaciones y reducción en simbiontes pequeños y asexuales.","Población pequeña; recombinación baja; mutaciones deletéreas recurrentes.","C-1014–C-1018","S298","S298 limita su velocidad; S299 documenta recombinación y plasticidad retenidas","Compatible con H51; no implica que toda pérdida sea producto exclusivo del trinquete.","Evidencia de recombinación suficiente y selección purificadora que impidiera acumulación en todos los simbiontes comparables falsaría una versión universal."
"H53","CoRR atribuye la retención de genes organelares a regulación redox local.","Necesidad de respuesta cis rápida al estado del sistema bioenergético.","C-1060–C-1065","S279","S280; S281 consideran también hidrofobicidad, composición y código","Compatible con H54 y H55; difieren en la presión principal, no en el origen organelar.","Transferir funcionalmente todos los genes CoRR candidatos al núcleo sin pérdida de regulación redox local debilitaría la versión estricta."
"H54","La hidrofobicidad de productos de membrana favorece retención de genes en mitocondrias.","Proteínas muy hidrofóbicas son difíciles de importar e insertar desde el citosol.","C-1062–C-1065","S280; S281","S279 propone una explicación regulatoria adicional","Compatible con H53 y H55.","Demostrar importación e inserción eficiente y general de los productos más hidrofóbicos sin coste eliminaría la restricción propuesta."
"H55","Los códigos genéticos mitocondriales divergentes dificultan transferencia funcional de genes al núcleo.","La misma secuencia no se traduce correctamente bajo códigos distintos.","C-1064–C-1065","S281","S280 muestra presiones adicionales independientes del código","Compatible con H53 y H54.","Recodificación o transferencia natural generalizada de genes afectados sin pérdida funcional debilitaría la hipótesis."
"H56","La maldición de la madre permite acumular variantes mitocondriales dañinas para machos.","Herencia materna; efecto neutro o favorable en hembras; selección débil a través de machos.","C-1078–C-1082","S288","S289 no encuentra apoyo genómico global en humanos","No es incompatible con conflicto mitonuclear; su predicción es específica por sexo.","Ausencia consistente de efectos masculinos mayores en paneles factoriales y poblaciones bien potenciadas falsaría una versión general."
"H57","Herencia uniparental y anisogamia pueden reducir conflicto entre genomas citoplasmáticos.","Mezcla biparental genera competencia; uniparentalidad limita heteroplasmia inicial.","C-1073–C-1083","S300","S300 declara explicaciones alternativas; C-1074 y C-1083 limitan alcance","Compatible con H56; no demuestra que el control de conflicto sea el único origen de anisogamia.","Una reconstrucción robusta que situara anisogamia antes de cualquier conflicto citoplasmático relevante falsaría su versión causal histórica."
"H58","Existe una barrera natural que hace rara la HGT continua de procariotas a eucariotas.","Contaminación explica muchas identidades altas; integración germinal/nuclear es infrecuente.","C-1088–C-1092","S290","S291; S211 documentan HGT real y discuten frecuencia","En tensión parcial con H59 y H60 sobre frecuencia, no sobre la existencia de algún HGT.","Muchos eventos independientes bien controlados y recientes distribuidos continuamente entre eucariotas falsarían una barrera fuerte."
"H59","El trinquete “eres lo que comes” acumula genes de presas en genomas nucleares de fagótrofos.","Fagotrofia repetida; ADN de presas alcanza núcleo; reemplazo funcional.","C-1087; C-1093","S292","S290 cuestiona frecuencia continua; S291 exige controles","Parcialmente incompatible con H58 solo en frecuencia esperada.","Ausencia de enriquecimiento de HGT en fagótrofos tras controlar contaminación y filogenia debilitaría la predicción."
"H60","El modelo de enlace débil sitúa HGT en etapas celulares vulnerables.","Germinales, embriones, tejidos dañados o fases unicelulares permiten acceso al genoma.","C-1087; C-1094","S293","S290 impone una tasa baja global","Compatible con H59; propone otra ruta de entrada.","Si eventos bien datados no se concentran en ninguna etapa vulnerable y requieren siempre endosimbiosis, el modelo perdería poder explicativo."
"H61","La endosimbiosis mitocondrial levantó una barrera energética y permitió una expansión de aproximadamente 200000 veces en capacidad de expresión génica.","El denominador potencia total por gen refleja capacidad evolutiva; genomas bioenergéticos locales son necesarios; el escalamiento bacteriano hipotético es informativo","C-1204–C-1213","S308; S310","S309; S311; S312; S316; S317","Incompatible con H62 en la existencia de una precondición energética absoluta; parcialmente compatible con H64 en que las mitocondrias amplían superficie bioenergética","Un procariota sin endosimbiontes que sostuviera de forma estable el repertorio y gasto expresivo predicho por el modelo bajo controles equivalentes la falsaría."
"H62","No existe una barrera energética general a la complejidad genómica porque el coste incremental de genes es una fracción pequeña del presupuesto y disminuye relativamente con tamaño celular.","El coste marginal por ciclo es el denominador causal relevante; datos de organismos actuales informan la restricción histórica","C-1214–C-1227","S309; S311; S312; S315","S308; S310; S314","Incompatible con H61 respecto de una barrera absoluta; compatible con H63 porque permite restricciones poblacionales no energéticas","Una relación universal robusta en la que añadir repertorio expresado excediera sistemáticamente la capacidad de procariotas aun tras controlar tamaño, crecimiento y membranas la falsaría."
"H63","La barrera de deriva permite fijación de rasgos genómicos levemente perjudiciales cuando el valor absoluto de s es aproximadamente menor que 1/Ne.","Modelos de población finita; estimaciones comparables de Ne y s; mutación y recombinación representadas adecuadamente","C-1228–C-1245; C-1250–C-1255","S319; S320; S321","S322; S323 para versiones globales simples","Compatible con H61 o H62 porque aborda eficacia de selección, no origen de energía; incompatible solo con versiones que exijan adaptación de cada expansión","Que la distribución de intrones, elementos móviles y redundancia no mostrara ninguna relación local con eficacia de selección bajo estimadores directos debilitaría el mecanismo."
"H64","La provisión energética por membranas bioenergéticas y la demanda celular escalan de manera continua y dependiente del tamaño, sin un salto universal único.","Morfometría y presupuestos actuales pueden modelar escalamiento; tamaño y tipo celular son covariables esenciales","C-1182–C-1186; C-1224–C-1226","S312; S316; S317; S344","S308 en su formulación de salto necesario","Parcialmente compatible con H61 respecto de ventajas de membranas internas e incompatible con su precondición universal; compatible con H62 respecto de ausencia de frontera simple","Una discontinuidad reproducible y exclusiva de la adquisición mitocondrial en provisión por volumen, robusta a método y muestreo, la falsaría."
"H65","La hipótesis de peligro mutacional atribuye expansiones de ADN no codificante y elementos móviles a selección purificadora debilitada en poblaciones con Ne pequeño.","Los elementos tienen costes pequeños; las tasas de inserción y deleción están caracterizadas; proxies de Ne reflejan eficacia de selección","C-1236–C-1245; C-1250–C-1255","S319; S320","S322; S323 para una relación global simple","Es una aplicación de H63; no es incompatible con adaptación posterior de elementos concretos","Una ausencia persistente de asociación local entre Ne directo, tasas de inserción/deleción y fijación de ADN extra bajo control filogenético la falsaría."
"H66","LECA poseía un ciclo sexual con meiosis.","La distribución amplia y la ortología de múltiples módulos meióticos reflejan presencia ancestral y no convergencias masivas.","C-1289, C-1290, C-1291, C-1292","S77, S346, S347, S348; S353; S354; S78, S357, S358","S355","Incompatible con un LECA completamente asexual; compatible con ciclos ancestrales haplontes, diplontes o haplodiplontes.","Un muestreo completo que demostrara orígenes independientes de cada módulo y ausencia ancestral en ambos lados de la raíz."
"H67","La reparación homóloga fue una función inicial del sexo.","Daño de ADN, homología y fusión precedieron o impulsaron el ciclo sexual completo.","C-1295, C-1296, C-1297","S357; S359","S360","Parcialmente compatible con reducción de ploidía; difiere en la primera ventaja seleccionada.","Una reconstrucción que situara recombinación sexual después de un ciclo de ploidía ya estable y sin función reparadora ancestral."
"H68","La meiosis surgió para restaurar ploidía tras fusión celular o nuclear.","La fusión antecedió a la división reduccional y el aumento recurrente de ploidía era costoso.","C-1298","S357; S359","S360","Compatible con reparación como función adicional; rivaliza sobre el orden inicial.","Evidencia de división reduccional ancestral anterior a toda fusión o de ciclos sin presión por ploidía."
"H69","La expansión genómica favoreció una transición desde transferencia lateral hacia sexo meiótico.","La transferencia de fragmentos pierde eficacia relativa al crecer el genoma y la fusión permite recombinar conjuntos mayores.","C-1300","S371","S357; S360","No excluye reparación ni reducción de ploidía; propone un impulsor poblacional distinto.","Datos comparativos que mostraran ausencia de relación entre tamaño genómico, transferencia lateral y ventaja de fusión en el régimen modelado."
"H70","La purga de mutaciones deletéreas mantiene sexo y recombinación.","Recombinación genera descendientes con cargas distintas y selección elimina los más cargados.","C-1303, C-1304","S361; S363","S362","Compatible con Fisher–Muller y Reina Roja; no explica por sí sola origen.","Condiciones relevantes donde recombinación aumentara sistemáticamente la carga sin beneficios compensatorios."
"H71","El mecanismo Fisher–Muller mantiene recombinación al reunir alelos beneficiosos.","Mutaciones beneficiosas surgen en fondos distintos y existe interferencia selectiva.","C-1305","S361","S362","Compatible con purga; difiere en el signo de las mutaciones relevantes.","Ausencia de beneficio de recombinación bajo interferencia selectiva y suministro mutacional comparables."
"H72","La coevolución de Reina Roja mantiene sexo.","Antagonistas cambian con frecuencia y los genotipos raros tienen ventaja.","C-1306","S361","S362","Compatible con otras hipótesis de mantenimiento; no identifica origen.","Sistemas con antagonistas coevolutivos donde eliminar recombinación no reduzca adaptación bajo los supuestos del modelo."
"H73","La selección disruptiva sobre tamaño gamético origina anisogamia.","Existe compromiso tamaño–número y las funciones de encuentro y supervivencia permiten dos óptimos.","C-1321, C-1323, C-1324, C-1325","S364","S362","Compatible con LECA sexual; no determina si LECA era anisógamo.","Datos que muestren estabilidad de tamaños intermedios bajo las funciones y parámetros observados relevantes."
"H74","Archezoa agrupaba eucariotas que se habrían separado antes de la adquisición de la mitocondria.","Los taxones sin mitocondria visible eran primitivamente amitochondriados.","C-1640–C-1645","S398 como historia de la propuesta","S398, S399","Incompatible con la presencia de genes y orgánulos derivados de mitocondria en sus miembros.","Encontrar orgánulos o genes inequívocamente mitocondriales en los supuestos arquezoos; esa observación se produjo."
"H75","Chromalveolata derivaba de un ancestro con un plasto secundario rojo único.","Los hospedadores formaban un clado o un conjunto compatible con un solo origen y múltiples pérdidas.","C-1652–C-1658","S401","S137; S402, S403, S404","Incompatible con historias de hospedadores y plastos que requieran varios orígenes o transferencias incompatibles con el árbol único.","Filogenias robustas que rechacen monofilia de hospedadores y plastos bajo muestreo amplio; esa contraevidencia existe."
"H76","La teoría de endosimbiosis seriada atribuye varios componentes eucariotas a adquisiciones simbióticas sucesivas.","Cada componente propuesto conserva homologías con un donante identificable.","C-1680–C-1685","S410; S411 para mitocondria y plasto","S411 para el componente espiroquetal","Parcialmente incompatible consigo misma cuando se trata como paquete indivisible: los componentes tienen vigencias distintas.","Ausencia de afinidad bacteriana o de transferencia en cada componente por separado."
"H77","Unikonta–Bikonta situaba la raíz eucariota entre conjuntos con estados flagelares ancestrales de uno y dos aparatos.","Los estados podían polarizarse como cambios únicos y las circunscripciones eran monofiléticas.","C-1566–C-1569; C-1659–C-1663","S89","S124; S137; Parte 1C","Incompatible con raíces y circunscripciones modernas que distribuyen los linajes de otra manera.","Reconstrucciones y filogenómicas robustas que no recuperen la bipartición o el diagnóstico; esa contraevidencia existe."
"H78","Los programas regulatorios usados sucesivamente en un ciclo unicelular fueron cooptados para especificar tipos celulares coexistentes.","Existencia de módulos regulatorios temporales reutilizables; continuidad parcial de genes y elementos reguladores.","C-1489–C-1493","S206; S441; S134","S376 discusión; ausencia de correspondencias directas","H79: no es incompatible con agregación ancestral; responde a la organización regulatoria, no al mecanismo físico de ensamblaje.","La demostración de que los programas de estadios unicelulares no comparten homología regulatoria ni funcional con ningún módulo animal debilitaría su aplicación al corredor."
"H79","La alta relación genética generada por desarrollo clonal reduce el conflicto y facilita cooperación celular.","Desarrollo desde una célula; selección entre colectivos; costes de conflicto dentro de quimeras.","C-1385–C-1386; C-1435–C-1440","S430; S431; S443","S433 muestra que mutación intraclonal persiste; C-1383 muestra rutas mixtas","H78: compatible; una trata conflicto y otra cooptación regulatoria.","Que colectivos agregativos de baja relación genética mantuvieran cooperación estable sin reconocimiento ni supresión de tramposos bajo evolución prolongada debilitaría la versión fuerte."
"H80","La relación núcleo-citoplasma dispara la celularización de Sphaeroforma arctica.","Crecimiento cenocítico; umbral fisiológico de relación núcleo-citoplasma; mecanismos de membrana disponibles.","C-1403–C-1410","S425","S208 no identifica por sí sola el disparador; extrapolación histórica cuestionada en C-1410","H78 y H79: compatible; responde al disparador de una ruta cenocítica.","Manipular independientemente relación núcleo-citoplasma sin desplazar el inicio de celularización falsaría el mecanismo propuesto para Sphaeroforma."
"H81","La agregación era una capacidad del ancestro de Filozoa y sus repertorios fueron cooptados en el tallo animal.","Agregación homóloga en Filasterea; topología estable; pérdidas en otros linajes; homología de repertorios.","C-1426–C-1430; C-1489–C-1498","S376 discusión; S206","S424 documenta origen o conservación adicional en Choanoflagellata pero no resuelve ancestralidad; C-1498 declara incertidumbre","H78: parcialmente compatible; puede combinar capacidad agregativa ancestral con cooptación temporal-a-espacial.","Una filogenia y reconstrucción de caracteres robustas que mostraran orígenes independientes en cada filastereo falsarían la versión ancestral estricta."
