"magnitud","valor tal como lo publica la fuente","unidad original","organismo, nodo o intervalo al que se aplica","método o proxy","incertidumbre publicada","observado o inferido","fuente con localizador","#"
"especies incluidas en la versión descrita de EukProt","993","especies","EukProt","recuento de base de datos","n/a","observado","S03 resumen; Data set description","C-003"
"genes analizados por Cox et al.","53","genes","matriz multigénica de los tres dominios","selección de marcadores","n/a","observado","S08 resumen; Methods","C-016"
"taxones en la matriz combinada de rRNA","40","taxones","análisis de Cox et al.","muestreo taxonómico","n/a","observado","S08 Methods: Ribosomal RNA analyses","C-017"
"caracteres en la matriz combinada de rRNA","1.048","caracteres alineados","análisis de Cox et al.","alineamiento SSU+LSU","n/a","observado","S08 Methods: Ribosomal RNA analyses","C-017"
"genes de la matriz original de Williams et al.","35","genes","comparación dos frente a tres dominios","matriz concatenada","n/a","observado","S10 Methods; tabla 1","C-022"
"log-verosimilitud de dos dominios bajo LG+G4+F","−684701.2","log-verosimilitud","topología de dos dominios","LG+G4+F","no consta en la fuente como incertidumbre","inferido","S10 tabla 1","C-023"
"log-verosimilitud de tres dominios bajo LG+G4+F","−684716.1","log-verosimilitud","topología de tres dominios","LG+G4+F","no consta en la fuente como incertidumbre","inferido","S10 tabla 1","C-023"
"p de prueba AU para dos dominios bajo LG+G4+F","0.771","p AU","topología de dos dominios","prueba approximately unbiased","n/a","inferido","S10 tabla 1","C-024"
"p de prueba AU para tres dominios bajo LG+G4+F","0.229","p AU","topología de tres dominios","prueba approximately unbiased","n/a","inferido","S10 tabla 1","C-024"
"p de prueba AU para tres dominios bajo LG+C60+G4+F","0.036","p AU","topología de tres dominios","LG+C60+G4+F y prueba AU","n/a","inferido","S10 tabla 1","C-025"
"probabilidad posterior de dos dominios bajo CAT y SR4","0.98","probabilidad posterior","topología de dos dominios","CAT con recodificación SR4","n/a","inferido","S10 Supplementary analyses","C-027"
"proteínas universales en matriz ampliada","21","proteínas","Williams et al. 2020","concatenación","n/a","observado","S10 Methods","C-028"
"proteínas arqueano-eucariotas en matriz ampliada","43","proteínas","Williams et al. 2020","concatenación","n/a","observado","S10 Methods","C-028"
"genomas en matrices ampliadas","125","genomas","Williams et al. 2020","muestreo taxonómico","n/a","observado","S10 Methods","C-028"
"probabilidad posterior del clado LC3","0.95","probabilidad posterior","LC3 de Williams et al.","análisis bayesiano","n/a","inferido","S10 fig. 3","C-030"
"proteínas universales reanalizadas por Da Cunha et al.","36","proteínas","análisis de Da Cunha et al.","selección de marcadores","n/a","observado","S11 Results","C-031"
"Woese proteins","11","proteínas","subconjunto de Da Cunha et al.","partición de marcadores","n/a","observado","S11 Results","C-031"
"eocyte proteins","25","proteínas","subconjunto de Da Cunha et al.","partición de marcadores","n/a","observado","S11 Results","C-031"
"posiciones en Woese proteins","3.499","posiciones de aminoácidos","subconjunto de 11 proteínas","alineamiento concatenado","n/a","observado","S11 Results; fig. 1","C-032"
"posiciones en eocyte proteins","4.869","posiciones de aminoácidos","subconjunto de 25 proteínas","alineamiento concatenado","n/a","observado","S11 Results; fig. 2","C-032"
"bootstrap de monofilia arqueana","100","% bootstrap","subconjunto de 11 proteínas tras retirada de secuencias rápidas","bootstrap filogenético","n/a","inferido","S11 fig. 1","C-033"
"bootstrap Eukaryota–Lokiarchaeota para SecY","84","% bootstrap","árbol individual SecY","bootstrap filogenético","n/a","inferido","S11 Results","C-034"
"bootstrap Eukaryota–Lokiarchaeota para EF2","100","% bootstrap","árbol individual EF2","bootstrap filogenético","n/a","inferido","S11 Results","C-034"
"fracción máxima de lípidos arqueanos en E. coli modificada","aproximadamente 30","% de lípidos","Escherichia coli con membrana heteroquiral","lipidómica","aproximada","observado","S16 Results; figs. 2–4","C-050"
"genomas eucariotas comparados por Brueckner y Martin","150","genomas","Eukaryota","genómica comparada","n/a","observado","S20 Methods","C-062"
"proteínas procarióticas comparadas","19.050.992","proteínas","muestreo de Brueckner y Martin","búsqueda de homología","n/a","observado","S20 Methods","C-062"
"genomas bacterianos comparados","5.443","genomas","Bacteria","muestreo genómico","n/a","observado","S20 Methods","C-062"
"genomas arqueanos comparados","212","genomas","Archaea","muestreo genómico","n/a","observado","S20 Methods","C-062"
"genes identificables de afinidad arqueana","44","%","genes eucariotas con afinidad procariótica identificable","clasificación filogenética/homología","dependiente del conjunto identificable","inferido","S20 Results; fig. 2","C-063"
"genes identificables de afinidad bacteriana","56","%","genes eucariotas con afinidad procariótica identificable","clasificación filogenética/homología","dependiente del conjunto identificable","inferido","S20 Results; fig. 2","C-063"
"afinidad bacteriana al excluir linajes plastidiales","53","%","genes eucariotas del subconjunto sin linajes plastidiales","clasificación filogenética/homología","dependiente del conjunto identificable","inferido","S20 Results; fig. 2","C-064"
"proteínas procarióticas analizadas por Tobiasson et al.","aproximadamente 75 millones","proteínas","muestreo procariótico","búsqueda y agrupamiento de secuencias","aproximada","observado","S21 Methods; Extended Data","C-067"
"genomas procarióticos analizados por Tobiasson et al.","47.545","genomas","muestreo procariótico","base genómica","n/a","observado","S21 Methods","C-067"
"genomas asgard en Tobiasson et al.","63","genomas","Asgardarchaeota","muestreo genómico","n/a","observado","S21 Methods","C-067"
"secuencias eucariotas en Tobiasson et al.","aproximadamente 30 millones","secuencias","Eukaryota","EukProt","aproximada","observado","S21 Methods","C-067"
"especies eucariotas en Tobiasson et al.","993","especies","Eukaryota","EukProt","n/a","observado","S21 Methods","C-067"
"clases hijas en el registro SeqCode de Asgardarchaeota","17","clases","Asgardarchaeota","recuento de registro nomenclatural","dependiente de versión","observado","S50 lista de children","C-074"
"MAG asgard nuevos en Zhang et al.","223","MAG","Asgardarchaeota","ensamblaje y cribado","umbral >70 % completitud y <10 % contaminación en el estudio","observado","S26 resumen; Methods","C-078"
"linajes asgard nuevos propuestos","16","linajes","Asgardarchaeota","delimitación filogenómica","dependiente de criterio de delimitación","inferido","S26 resumen; fig. 1","C-078"
"muestras procesadas por Zhang et al.","40","muestras","ambientes muestreados","metagenómica","n/a","observado","S26 Methods","C-079"
"MAG reconstruidos inicialmente por Zhang et al.","11.878","MAG","conjunto metagenómico total","ensamblaje y binning","dependiente de pipeline","observado","S26 Methods","C-079"
"genomas asgard en colección principal","411","genomas","Asgardarchaeota","muestreo filogenómico","n/a","observado","S26 Methods","C-080"
"eucariotas en colección principal asgard","14","taxones","Eukaryota","muestreo filogenómico","n/a","observado","S26 Methods","C-080"
"genomas asgard procedentes de cultivos","2","genomas","colección de 411 Asgard","clasificación de procedencia","n/a","observado","S26 Methods; Supplementary table","C-081"
"genomas asgard procedentes de MAG","409","genomas","colección de 411 Asgard","resta publicada por clases de procedencia","n/a","observado","S26 Methods; Supplementary table","C-081"
"completitud media de genomas asgard","85.3","%","colección de Zhang et al.","métrica de completitud de MAG","media publicada","inferido","S26 Results; Supplementary table","C-082"
"contaminación media de genomas asgard","3.6","%","colección de Zhang et al.","métrica de contaminación de MAG","media publicada","inferido","S26 Results; Supplementary table","C-082"
"tamaño celular de Promethearchaeum syntrophicum","300–750","nm","Promethearchaeum syntrophicum","microscopía","rango observado","observado","S35 descripción morfológica","C-085"
"rango de crecimiento de Promethearchaeum syntrophicum","4–30","°C","Promethearchaeum syntrophicum","cocultivo","rango observado","observado","S35 fisiología","C-086"
"óptimo de crecimiento de Promethearchaeum syntrophicum","20","°C","Promethearchaeum syntrophicum","cocultivo","óptimo en condiciones publicadas","observado","S35 fisiología","C-086"
"duración de crecimiento completo","aproximadamente 3","meses","Promethearchaeum syntrophicum","cocultivo","aproximada y dependiente de condición","observado","S35 fisiología; sin localizar","C-087"
"abundancia máxima del cultivo","aproximadamente 6.7 × 10^6","copias de 16S rRNA ml−1","Promethearchaeum syntrophicum","qPCR o cuantificación de 16S","aproximada","observado","S35 fisiología; sin localizar","C-088"
"tamaño del cromosoma","4.32","Mb","Promethearchaeum syntrophicum","secuenciación genómica","n/a","observado","S35 Genome characteristics","C-089"
"contenido GC","31.1","% GC","Promethearchaeum syntrophicum","secuenciación genómica","n/a","observado","S35 Genome characteristics","C-089"
"abundancia relativa de lecturas Hodarchaeales","0.1","% de lecturas rRNA","sedimento de Aarhus Bay","bibliotecas rRNA","no es abundancia celular absoluta","observado","S37 resumen; Results","C-096"
"longitud media celular Hodarchaeales","3","µm","células afiliadas a Hodarchaeales","microscopía de superresolución","media publicada","observado","S37 resumen; fig. 2","C-097"
"rango de longitud celular Hodarchaeales","1.5–5.2","µm","células afiliadas a Hodarchaeales","microscopía de superresolución","rango observado","observado","S37 resumen; fig. 2","C-097"
"fracción de Nerearchaeum en enriquecimiento","89","% de células","Nerearchaeum marumarumayae","cuantificación de enriquecimiento","n/a","observado","S38 resumen; Results","C-099"
"MAG asgard analizados por Appler et al.","404","MAG","Asgardarchaeota","genómica comparada","n/a","observado","S27 resumen; Methods","C-108"
"Heimdallarchaeia nuevos en Appler et al.","136","MAG","Heimdallarchaeia","genómica comparada","n/a","observado","S27 resumen; Methods","C-108"
"proteínas de NM54","54","proteínas","matriz de Eme et al.","selección de marcadores no ribosómicos","n/a","observado","S25 Methods","C-111"
"taxones arqueanos de NM54","313","taxones","matriz de Eme et al.","muestreo taxonómico","n/a","observado","S25 Methods","C-111"
"posiciones de NM54","13.513","posiciones de aminoácidos","matriz de Eme et al.","alineamiento concatenado","n/a","observado","S25 Methods","C-111"
"tamaño genómico mediano Njordarchaeales","2.4","Mb","Njordarchaeales","estimación desde genomas reconstruidos","mediana","inferido","S25 fig. 3","C-114"
"tamaño genómico mediano Kariarchaeales","2.7","Mb","Kariarchaeales","estimación desde genomas reconstruidos","mediana","inferido","S25 fig. 3","C-114"
"tamaño genómico mediano Gerdarchaeales","3.4","Mb","Gerdarchaeales","estimación desde genomas reconstruidos","mediana","inferido","S25 fig. 3","C-114"
"tamaño genómico mediano Heimdallarchaeales","3.7","Mb","Heimdallarchaeales","estimación desde genomas reconstruidos","mediana","inferido","S25 fig. 3","C-114"
"tamaño genómico mediano Hodarchaeales","5.1","Mb","Hodarchaeales","estimación desde genomas reconstruidos","mediana","inferido","S25 fig. 3","C-114"
"familias proteicas reconstruidas para ancestro Hodarchaeales","4.053","familias proteicas","ancestro de Hodarchaeales","reconstrucción de estado ancestral","dependiente de árbol y umbral","inferido","S25 Results; fig. 3","C-115"
"familias proteicas reconstruidas para ancestro asgard","3.134","familias proteicas","último ancestro asgard considerado","reconstrucción de estado ancestral","dependiente de árbol y umbral","inferido","S25 Results; fig. 3","C-115"
"temperatura óptima mediana inferida","36.7","°C","Hodarchaeales","predicción desde secuencias","mediana inferida","inferido","S25 Results; fig. 4","C-116"
"proteínas en la matriz de 97 proteínas","97","proteínas","matriz de 97 proteínas","selección de marcadores","n/a","observado","S26 Methods","C-117"
"taxones asgard en la matriz de 97 proteínas","411","taxones","matriz de 97 proteínas","muestreo taxonómico","n/a","observado","S26 Methods","C-117"
"eucariotas en la matriz de 97 proteínas","14","taxones","matriz de 97 proteínas","muestreo taxonómico","n/a","observado","S26 Methods","C-117"
"posiciones en la matriz de 97 proteínas","20.067","posiciones de aminoácidos","matriz de 97 proteínas","alineamiento concatenado","n/a","observado","S26 Methods","C-117"
"probabilidad posterior de la matriz de 97 proteínas","1","probabilidad posterior","topología principal de Zhang et al.","SR4-CAT+GTR","n/a","inferido","S26 fig. 3","C-118"
"probabilidad posterior de la matriz de 150 proteínas","0.8","probabilidad posterior","topología fuera de Heimdallarchaeia","análisis bayesiano","n/a","inferido","S26 Extended Data","C-119"
"probabilidad posterior NM57","1","probabilidad posterior","topología fuera de Heimdallarchaeia","análisis bayesiano","n/a","inferido","S26 Extended Data","C-119"
"fracción TACK en MAG Njordarchaeota cuestionados","22–51","% de contigs o fracción genómica afiliada","MAG atribuidos a Njordarchaeota","evaluación taxonómica de contigs","rango entre MAG examinados","inferido","S26 Results; Extended Data","C-121"
"clados alfa divergentes añadidos por Martijn et al.","12","clados","Alphaproteobacteria","muestreo filogenómico","n/a","observado","S46 Methods; fig. 1","C-137"
"proteínas mitocondriales analizadas por Muñoz-Gómez et al.","108","proteínas","matriz mitocondrial-alfa","selección de marcadores","n/a","observado","S48 resumen; Methods","C-140"
"edad de nFECA","3.05–2.79","Ga","nFECA","MCMCTree; calibraciones fósiles y cross-bracing","intervalo publicado","inferido","S58 líneas 91–93","C-170"
"edad de mFECA","2.37–2.13","Ga","mFECA","MCMCTree; calibraciones fósiles y cross-bracing","intervalo publicado","inferido","S58 líneas 91–93","C-171"
"edad de LECA","1.80–1.67","Ga","radiación de LECA","MCMCTree; calibraciones fósiles y cross-bracing","intervalo publicado","inferido","S58 líneas 91–93","C-172"
"duración mediana del tallo nuclear","aproximadamente 1.1","Gyr","nFECA–LECA","diferencia de nodos fechados","mediana publicada","inferido","S58 línea 92","C-173"
"duración mediana del tallo mitocondrial","aproximadamente 0.6","Gyr","mFECA–LECA","diferencia de nodos fechados","mediana publicada","inferido","S58 línea 92","C-174"
"calibraciones fósiles del reloj de especies","18","calibraciones","cronología de Kay et al.","MCMCTree y cross-bracing","n/a","observado","S58 Methods","C-175"
"árboles génicos fechados","135","árboles génicos","análisis de Kay et al.","selección de duplicaciones compatibles","n/a","observado","S58 línea 94","C-176"
"árboles de ascendencia arqueana","95","árboles génicos","análisis de Kay et al.","clasificación de ascendencia","n/a","observado","S58 líneas 94–95","C-176"
"árboles de ascendencia bacteriana","40","árboles génicos","análisis de Kay et al.","clasificación de ascendencia","n/a","observado","S58 líneas 94–95","C-176"
"familias bacterianas sin apoyo alfa fuerte","19 de 40","familias génicas","análisis de Kay et al.","filogenia de familias","n/a","inferido","S58 línea 95","C-177"
"familias arqueanas sin apoyo asgard","9 de 95","familias génicas","análisis de Kay et al.","filogenia de familias","n/a","inferido","S58 línea 95","C-178"
"conjuntos de proteomas","3","conjuntos","Bernabeu et al.","réplicas de muestreo","n/a","observado","S59 Methods","C-188"
"proteomas por conjunto","100","proteomas","Bernabeu et al.","diseño de muestreo","n/a","observado","S59 Methods","C-188"
"especies totales representadas","185","especies","Bernabeu et al.","muestreo combinado","n/a","observado","S59 Methods","C-188"
"solapamiento proteico medio","46%","porcentaje","conjuntos de Bernabeu et al.","comparación entre réplicas","no consta como intervalo","observado","S59 Extended Data fig. 1","C-188"
"proteomas tras filtros","256","proteomas","Bernabeu et al.","filtros de calidad","n/a","observado","S59 Methods","C-189"
"ortogrupos de LECA con criterio relajado","12.907","ortogrupos","LECA, presencia en tres supergrupos","reconstrucción de presencia","variación entre réplicas no transcrita aquí","inferido","S59 Results; fig. 1","C-190"
"ortogrupos de LECA con criterio estricto","7.751","ortogrupos","LECA, presencia en cinco supergrupos","reconstrucción de presencia","variación entre réplicas no transcrita aquí","inferido","S59 Results; fig. 1","C-191"
"consistencia media de ortogrupos","79%","porcentaje","reconstrucciones de LECA","comparación entre réplicas","no consta como intervalo","inferido","S59 Extended Data","C-192"
"ortogrupos potencialmente explicables por HGT entre supergrupos","3%","porcentaje","reconstrucción de Bernabeu et al.","control de HGT","no consta como intervalo","inferido","S59 Results","C-193"
"términos KEGG Orthology","5.317","KO","proteoma funcional consensuado de LECA","anotación funcional","n/a","inferido","S59 Results","C-194"
"genomas en análisis de poro nuclear","60","genomas","Neumann et al.","genómica comparada","n/a","observado","S61 Methods","C-196"
"nucleoporinas con representación profunda","19","nucleoporinas","Neumann et al.","búsqueda de homología","n/a","inferido","S61 Results","C-197"
"nucleoporinas atribuidas a LECA","23–26 de 31","nucleoporinas","complejo del poro de LECA","parsimonia","rango entre reconstrucciones","inferido","S61 fig. 4","C-198"
"Rab GTPasas atribuidas a LECA","hasta 23","Rab GTPasas","LECA","filogenia de paralogos","máximo reconstruido","inferido","S65 fig. 5","C-201"
"secuencias SNARE analizadas","más de 2.000","secuencias","Kloepper et al.","clasificación filogenética","n/a","observado","S66 Abstract","C-202"
"especies del análisis SNARE","145","especies","Kloepper et al.","muestreo taxonómico","n/a","observado","S66 Abstract","C-202"
"subclases SNARE ancestrales","aproximadamente 20","subclases","cenancestro eucariota","reconstrucción filogenética","aproximadamente","inferido","S66 fig. 6","C-203"
"PEX comparados","37","proteínas PEX","Jansen et al.","genómica comparada","n/a","observado","S73 Abstract","C-214"
"proteínas peroxisomales de origen eucariota","39–58%","porcentaje","proteoma peroxisomal analizado","filogenia y homología","rango entre criterios","inferido","S74 Abstract","C-216"
"proteínas peroxisomales de origen alfa-proteobacteriano","13–18%","porcentaje","proteoma peroxisomal analizado","filogenia y homología","rango entre criterios","inferido","S74 Abstract","C-217"
"intrones de LECA compartidos entre paralogos","20–35%","porcentaje","intrones reconstruidos de LECA","posiciones homólogas entre paralogos","rango entre análisis","inferido","S68 fig. 3","C-226"
"árboles génicos en reconstrucción de Bremer et al. 2022","1.789","árboles génicos","rasgos celulares de LECA","reconstrucción de estados","n/a","observado","S79 Methods","C-230"
"duplicaciones analizadas por Tria et al.","163.545","duplicaciones","eucariotas","árboles génicos","n/a","observado","S81 Abstract","C-243"
"árboles génicos analizados por Tria et al.","24.571","árboles génicos","eucariotas","filogenias de familias","n/a","observado","S81 Abstract","C-243"
"genomas eucariotas de Tria et al.","150","genomas","eucariotas","muestreo taxonómico","n/a","observado","S81 Abstract","C-243"
"duplicaciones pre-LECA retenidas","713","duplicaciones","tallo eucariota","filtros de asignación","n/a","inferido","S81 Results","C-244"
"proteínas estructurales comparadas por Devos et al.","7","proteínas","vesículas recubiertas y poro nuclear","comparación estructural","n/a","observado","S97 Results","C-322"
"proteínas arqueanas en S103","183","proteínas","raíz eucariota","selección de marcadores","n/a","observado","S103 resumen; Methods","C-422"
"familias génicas reconciliadas","2.786","familias génicas","análisis de Cerón-Romero et al.","reconciliación de árboles","n/a","observado","S107 título; Methods","C-426"
"linajes en S107","158","linajes","análisis de Cerón-Romero et al.","muestreo taxonómico","n/a","observado","S107 título; Methods","C-426"
"taxones en S102","100","taxones","análisis de Williamson et al.","muestreo taxonómico","n/a","observado","S102 Methods","C-429"
"proteínas mitocondriales en S102","93","proteínas","análisis de Williamson et al.","matriz concatenada","n/a","observado","S102 Methods","C-429"
"PP Opimoda–Diphoda bajo CAT-GTR","0,95","probabilidad posterior","raíz Opimoda–Diphoda","CAT-GTR","n/a","inferido","S105 resultados","C-419"
"PP Opimoda–Diphoda bajo CAT","0,97","probabilidad posterior","raíz Opimoda–Diphoda","CAT","n/a","inferido","S105 resultados","C-419"
"combinaciones de dominios de miosina","37","combinaciones","muestreo de S118","clasificación de dominios","dependiente del muestreo","observado","S118 Results; sin localizar","C-442"
"tipos de miosina atribuidos a LECA por S118","3","tipos","LECA","reconstrucción comparada","dependiente de clasificación","inferido","S118 Results; S119 introducción","C-443"
"indels animales–hongos","4","inserciones/deleciones","Opisthokonta histórica","comparación de proteínas","muestreo de 1993","observado","S122 resumen","C-448"
"inserción en eEF1A","12","aminoácidos","animales y hongos","alineamiento de proteína","n/a","observado","S122 resumen","C-449"
"proteínas de Brown et al.","351","proteínas","matriz CRuMs","ortología y curación","n/a","observado","S108 Methods","C-462"
"taxones de Brown et al.","61 o 64","taxones","matrices CRuMs","muestreo taxonómico","n/a","observado","S108 Methods","C-462"
"posiciones de Brown et al.","97.002","aminoácidos","matrices CRuMs","alineamiento concatenado","<25 % datos ausentes","observado","S108 Methods","C-462"
"bootstrap Ancyromonadida+Malawimonadida","77","% bootstrap","topología ML de S108","LG+C60+F+Γ-PMSF","n/a","inferido","S108 fig. 1","C-468"
"PP Malawimonadida+(CRuMs+Amorphea)","1","probabilidad posterior","topología bayesiana de S108","CAT-GTR+Γ","n/a","inferido","S108 suppl. figs. S2–S3","C-469"
"proteínas de Obazoa en S111","159","proteínas","matriz Obazoa","concatenación","n/a","observado","S111 Methods","C-512"
"posiciones de Obazoa en S111","43.615","aminoácidos","matriz Obazoa","alineamiento concatenado","n/a","observado","S111 Methods","C-512"
"genes de Amoebozoa en S112","325","genes","matriz Amoebozoa","concatenación","n/a","observado","S112 fig. 3","C-504"
"posiciones de Amoebozoa en S112","63.157","sitios","matriz Amoebozoa","alineamiento concatenado","n/a","observado","S112 fig. 3","C-504"
"BPP de respaldo principal Amoebozoa","1,0","probabilidad posterior","topología de S112","Bayes","n/a","inferido","S112 fig. 3","C-506"
"MLBS de respaldo principal Amoebozoa","99","% bootstrap","topología de S112","máxima verosimilitud","n/a","inferido","S112 fig. 3","C-506"
"taxones de Liu et al.","348","taxones","Opisthokonta","muestreo taxonómico","n/a","observado","S126 Results","C-621"
"linajes principales de Liu et al.","33","linajes","Opisthokonta","clasificación de muestreo","n/a","observado","S126 Results","C-621"
"genes BUSCO","228","genes","matriz BUSCO","ortología BUSCO","n/a","observado","S126 tabla 1","C-622"
"genes OrthoFinder","440","genes","matriz OrthoFinder","ortología OrthoFinder","n/a","observado","S126 tabla 1","C-623"
"genes Tikhonenkov_2020","201","genes","matriz Tikhonenkov_2020","reutilización y curación","n/a","observado","S126 tabla 1","C-624"
"árboles comparados por Liu et al.","18","árboles","Opisthokonta","3 matrices × 2 versiones × 3 modelos","n/a","observado","S126 Methods","C-625"
"ramas congruentes","aproximadamente 85","%","18 árboles de Opisthokonta","comparación de biparticiones","aproximado","inferido","S126 Results","C-626"
"congruencia mismo conjunto de ortólogos","97–98","%","árboles de S126","comparación de biparticiones","rango","inferido","S126 Results","C-627"
"congruencia conjuntos distintos","87–91","%","árboles de S126","comparación de biparticiones","rango","inferido","S126 Results","C-628"
"UFB Teretosporea BUSCO GTR+CAT","23","UFB","topología Teretosporea-sister","bootstrap ultrarrápido","n/a","inferido","S126 S1 Data","C-631"
"taxones de submuestreo","60","taxones","Tikhonenkov_2020#4","submuestreo taxonómico","n/a","observado","S126 fig. 5C","C-633"
"muestreos densos","180, 240 y 347","taxones","matrices de S126","submuestreo taxonómico","n/a","observado","S126 fig. 5C","C-634"
"UFB Teretosporea OrthoFinder#2","98","UFB","topología Teretosporea-sister","modelo sitio-homogéneo","n/a","inferido","S126 fig. 5E","C-635"
"gCF Teretosporea","0,7","% de loci","topología Teretosporea-sister","gene concordance factor","3/426","inferido","S126 fig. 5E","C-636"
"loci que apoyan Teretosporea","3/426","loci","topología Teretosporea-sister","gene concordance factor","n/a","inferido","S126 fig. 5E","C-636"
"árboles fuera de tres candidatas","98,6","% de árboles génicos","OrthoFinder#2","comparación de topologías","420/426","inferido","S126 fig. 5E","C-637"
"árboles fuera de tres candidatas","420/426","árboles génicos","OrthoFinder#2","comparación de topologías","n/a","inferido","S126 fig. 5E","C-637"
"sCF de tres topologías","34,04/32,98/32,98","sCF","raíces alternativas de Holozoa","site concordance factor","n/a","inferido","S126 S112 table","C-638"
"edad de Opisthokonta","1.083,2","Ma","Opisthokonta","MCMCTree","IC 95 % 978,7–1.187,6 Ma","inferido","S126 fig. 3; tabla 2","C-539"
"edad de Holomycota","996","Ma","Holomycota","MCMCTree","IC 95 % 890,1–1.101,9 Ma","inferido","S126 fig. 3; tabla 2","C-547"
"edad de Holozoa","1.003,8","Ma","Holozoa","MCMCTree","IC 95 % 913,8–1.093,9 Ma","inferido","S126 fig. 3; tabla 2","C-555"
"divergencia animal–coanoflagelado","761–957","Ma","Choanozoa sensu stricto","reloj relajado bayesiano","intervalo publicado","inferido","S142 tabla 1","C-603"
"proteínas de S130","78","proteínas","matriz Filozoa/Holozoa","concatenación","n/a","observado","S130 Methods","C-592"
"taxones de S130","30","taxones","matriz Filozoa/Holozoa","muestreo taxonómico","n/a","observado","S130 Methods","C-592"
"posiciones de S130","17.482","aminoácidos","matriz Filozoa/Holozoa","alineamiento concatenado","n/a","observado","S130 Methods","C-592"
"genes de S129","255","genes","matriz Pluriformea","concatenación","n/a","observado","S129 Methods","C-568"
"posiciones de S129","81.495","aminoácidos","matriz Pluriformea","alineamiento concatenado","n/a","observado","S129 Methods","C-568"
"taxones de S129","38","taxones","matriz Pluriformea","muestreo taxonómico","n/a","observado","S129 Methods","C-568"
"MLBS de Ichthyosporea profunda en S129","74","% bootstrap","topología de S129","máxima verosimilitud","n/a","inferido","S129 Results","C-570"
"calibraciones de S126","10","calibraciones fósiles","reloj de Opisthokonta","MCMCTree","7 animales y 3 hongos","observado","S126 Methods","C-540"
"linajes excavados sucesivos de S103","4","linajes","raíz excavada de Al Jewari y Baldauf","filogenómica de 183 proteínas","dependiente del muestreo y modelo","inferido","S103 Results; figs. 1–3","C-423"
"hendiduras de enolasa examinadas como cambios raros","3","inserciones/deleciones","enolasa eucariota","comparación de cambios genómicos raros","n/a","observado","S120 Results; sin localizar","C-450"
"restricción de edad de la raíz en S126","1,5","Ga","reloj de Opisthokonta","prior de raíz en MCMCTree","restricción fijada por el análisis","inferido","S126 Methods","C-540"
"rango geocronológico del Grupo Roper","1492 ± 4 a 1361 ± 21","Ma","Grupo Roper","U–Pb y Re–Os","±4 Ma; ±21 Ma","observado","S150 §Geological setting","C-672"
"edad de la Formación Chuanlinggou","aproximadamente 1.63","Ga","*Qingshania magnifica*","geocronología estratigráfica","aproximada; no consta error en el pasaje recuperado","observado","S154 resumen y §Geological setting","C-678"
"diámetro celular máximo","hasta 250","µm","*Qingshania magnifica*","medición morfológica","no consta en el pasaje recuperado","observado","S154 resumen; fig. 2","C-679"
"edad de la Formación de Hierro Negaunee","aproximadamente 2.1","Ga","*Grypania spiralis*","restricción estratigráfica","aproximada","observado","S155 resumen","C-681"
"edad atribuida a la Dolomía Tirohan","aproximadamente 1.6","Ga","*Rafatazmia chitrakootensis*","geología regional","aproximada y discutida","observado","S156 resumen y §Geological setting","C-683"
"edad de unidades perforadas del Grupo Chuar","780–740","Ma","microfósiles perforados","estratigrafía","intervalo publicado","observado","S158 título; §Geological setting","C-687"
"diámetro de perforaciones en acritarcos","0.1–3.4","µm","siete especies de microfósiles orgánicos del Grupo Chuar","microscopía y medición morfológica","rango observado","observado","S158 resultados; tabla 1","C-688"
"número de especies con perforaciones medidas","siete","especies","microfósiles orgánicos del Grupo Chuar","muestreo del estudio","no consta incertidumbre","observado","S158 tabla 1","C-688"
"diámetro de perforaciones en VSM","15–35","µm","VSM del Grupo Chuar","medición morfológica","aproximado","observado","S158 discusión; material comparativo","C-691"
"edad de *Bangiomorpha pubescens*","aproximadamente 1.047","Ga","sucesión portadora de *Bangiomorpha pubescens*","U–Pb CA-ID-TIMS","ver fuente para error analítico completo","observado","S160 resumen","C-695"
"rango de edad de *Ourasphaira giraldae*","1010–890","Ma","Formación Grassy Bay","restricción estratigráfica","intervalo publicado","observado","S161 resumen; métodos","C-697"
"edad de *Bicellum brasieri*","aproximadamente 1.0","Ga","Formación Diabaig","restricción estratigráfica","aproximada","observado","S162 resumen; §Geological setting","C-700"
"rango de deposición de Doushantuo","635–551","Ma","Formación Doushantuo","U–Pb de circones","intervalo publicado","observado","S168 resumen","C-704"
"edad de la biota de Weng’an","609 ± 5","Ma","capa tobácea sobre el fosforito superior","SIMS U–Pb","±5 Ma","observado","S169 resumen","C-705"
"número de carbonos nominal del biomarcador","24-isopropil","posición química nominal","24-isopropilcolestano","nomenclatura química","n/a","observado","S172 resumen","C-718"
"número de carbonos de esteroles analizados","C30","átomos de carbono","esteroles de esponjas","genómica y esteroles","n/a","observado","S173 resultados; fig. 2","C-720"
"concentración mínima experimental de O₂ con biosíntesis de esteroles","7","nM O₂ disuelto","*Saccharomyces cerevisiae*","cultivo microóxico","condiciones experimentales del estudio","observado","S176 resumen; resultados","C-721; C-722; C-763"
"edad de principales divergencias eucariotas","950–1259","Ma","nodos analizados por Douzery et al.","reloj molecular relajado","intervalo publicado","inferido","S142 resumen","C-723"
"edad de divergencia Choanoflagellata–Metazoa","761–957","Ma","Choanoflagellata–Metazoa","reloj molecular relajado","intervalo publicado","inferido","S142 tabla 1","C-724"
"edad de LECA","1679–1866","Ma","LECA, Parfrey et al.","relojes multigénicos","intervalo publicado","inferido","S139 resumen; resultados","C-726"
"edad de LECA","1007–1898","Ma","LECA, Eme et al.","comparación de relojes y calibraciones","variación entre análisis","inferido","S141 §Molecular clocks; fig. 3","C-728"
"edad de Opisthokonta","904–1579","Ma","Opisthokonta, Eme et al.","comparación de relojes y calibraciones","variación entre análisis","inferido","S141 fig. 3 y suplemento","C-729"
"duración entre LECA y Opisthokonta","23–334","Ma","escenarios de Eme et al.","diferencia de edades nodales","variación entre análisis","inferido","S141 discusión","C-730"
"edad de LECA","1958–2386","Ma","LECA, Strassert et al.","reloj molecular relajado","intervalo publicado","inferido","S140 resumen; fig. 2","C-731"
"edad antes de la que Porter no reconoce fósiles inequívocos de coronas de supergrupos","aproximadamente 1.05","Ga","registro eucariota","evaluación paleontológica","aproximada","inferido","S178 §3","C-735"
"límite mínimo propuesto para LECA","próximo a 1696","Ma","LECA, preprint de 2026","dinámica de clados","preprint; valor aproximado","inferido","S181 resumen","C-737"
"envolvente de edades recuperadas de LECA","1007–2386","Ma","LECA","compilación sin promedio","extremos de dos estudios","inferido","S141 fig. 3; S140 fig. 2","C-739"
"amplitud de la envolvente de LECA","1379","Ma","LECA","resta aritmética de extremos publicados","derivada exactamente de 2386−1007","inferido","S141 fig. 3; S140 fig. 2","C-740"
"intervalo de la Gran Oxidación","aproximadamente 2.43–2.32","Ga","Gran Oxidación","síntesis de proxies","límites varían entre archivos","inferido","S194 fig. 1 y texto principal","C-752"
"intervalo Lomagundi–Jatuli","aproximadamente 2.22–2.06","Ga","excursión Lomagundi–Jatuli","estratigrafía isotópica","aproximada","inferido","S195 resumen","C-753"
"máximo de δ13C durante Lomagundi–Jatuli","hasta aproximadamente +15","‰","carbonatos de Lomagundi–Jatuli","isótopos de carbono","aproximado","observado","S195 resultados","C-754"
"pO₂ mesoproterozoica","<0.1","% PAL O₂","partes del Mesoproterozoico","isótopos de cromo","límite superior inferido","inferido","S182 resumen; fig. 3","C-757"
"pO₂ alrededor de 1.4 Ga","4–8","% PAL O₂","Formación Xiamaling","modelo biogeoquímico","intervalo modelado","inferido","S183 resumen; resultados","C-758"
"edad del intervalo Xiamaling modelado","aproximadamente 1.4","Ga","Formación Xiamaling","estratigrafía","aproximada","observado","S183 resumen","C-758"
"pO₂ de la edad media de la Tierra","aproximadamente 1–2","% PAL O₂","intervalo estudiado por Liu et al.","termodinámica de anomalías de cerio","mejor estimación del modelo","inferido","S184 resumen; fig. 4","C-759"
"pO₂ mesoproterozoica","superior a 4","% PAL O₂","intervalos con Cr altamente fraccionado","isótopos de cromo","límite inferido","inferido","S185 resumen y discusión","C-760"
"envolvente de pO₂ mesoproterozoica recuperada","<0.1 a 4–8","% PAL O₂","Mesoproterozoico","comparación de proxies y modelos","no es un intervalo de confianza común","inferido","S182, S183, S184, S185","C-761"
"número de mediciones de especiación de hierro","aproximadamente 4.700","mediciones","lutitas de 2300–360 Ma","compilación geoquímica","aproximado","observado","S188 resumen y métodos","C-770"
"rango temporal de la compilación de Fe","2300–360","Ma","lutitas compiladas por Sperling et al.","especiación de hierro","intervalo de muestras","observado","S188 resumen y métodos","C-770"
"expansión propuesta del reservorio de P","alrededor de 800–700","Ma","océano neoproterozoico","proxies de fósforo","aproximada","inferido","S193 resumen; fig. 3","C-778"
"duración nominal del «aburrido millardo»","aproximadamente 1.8–0.8","Ga","Proterozoico medio","síntesis geológica y geoquímica","límites varían entre autores","inferido","S194 discusión; S189 introducción","C-780"
"intervalo de la glaciación Sturtiana","alrededor de 717–659","Ma","glaciación Sturtiana","geocronología U–Pb y correlación","aproximado","observado","S196 resultados; S197 fig. 2","C-782"
"terminación Marinoana","635.2 ± 0.6","Ma","glaciación Marinoana","U–Pb de circón","±0.6 Ma","observado","S168 resumen","C-783"
"ventana recuperada para el inicio Marinoano","después de aproximadamente 659 y antes de aproximadamente 639","Ma","glaciación Marinoana","estratigrafía y geocronología","menos constreñida","inferido","S198 introducción y resultados","C-784"
"número aproximado de genes","aproximadamente 9.200","genes","genoma de *Monosiga brevicollis*","anotación genómica","aproximado","observado","S147 resumen","C-796"
"concentración activa de RIF-1","aproximadamente 10^-15","M","*Salpingoeca rosetta* expuesta a RIF-1","ensayo de inducción de rosetas","femtomolar; condiciones del estudio","observado","S201 resumen; resultados","C-800"
"intervalo dinámico de respuesta a RIF-1","nueve","órdenes de magnitud","*Salpingoeca rosetta*","curva dosis-respuesta","publicado como intervalo dinámico","observado","S201 resumen","C-801"
"inicio de enjambrazón","desde 15","min","*Salpingoeca rosetta* tras *Vibrio fischeri*","microscopía temporal","condiciones del estudio","observado","S203 resultados; fig. 1","C-805"
"tiempo hasta enjambres observables","dentro de 30","min","*Salpingoeca rosetta* tras *Vibrio fischeri*","microscopía temporal","condiciones del estudio","observado","S203 fig. 1B","C-806"
"tiempo de inversión de la lámina","aproximadamente 30","s","*Choanoeca flexa*","filmación de transición luz-oscuridad","aproximado","observado","S204 resultados; fig. 2","C-811"
"duración de inducción de agregación","4–5","días","*Capsaspora owczarzaki*","cultivo con agitación","protocolo publicado","observado","S206 métodos","C-816"
"velocidad de agitación para agregación","60","rpm","*Capsaspora owczarzaki*","cultivo con agitación","protocolo publicado","observado","S206 métodos","C-816"
"edad del cultivo quístico","14","días","*Capsaspora owczarzaki*","cultivo envejecido","protocolo publicado","observado","S206 métodos","C-817"
"número máximo de núcleos antes de celularización","hasta 128","núcleos","*Sphaeroforma arctica*","microscopía de coenocitos","máximo observado en el estudio","observado","S207 resumen; resultados","C-822"
"intervalo entre divisiones nucleares","11–12","h","*Sphaeroforma arctica*","microscopía temporal","intervalo regular publicado","observado","S207 resultados","C-823"
"tamaño celular","aproximadamente 3–5","µm","*Tunicaraptor unikontum*","microscopía","aproximado","observado","S131 resumen","C-831"
"relación lineal depredador:presa óptima","aproximadamente 3:1","relación de longitudes","flagelados no dinoflagelados","compilación de 18 estudios","aproximada","inferido","S224 resumen","C-851"
"relación lineal depredador:presa óptima","1:1","relación de longitudes","un dinoflagelado de la compilación","compilación de estudios","valor publicado","inferido","S224 resumen","C-852"
"relación lineal depredador:presa óptima","8:1","relación de longitudes","ciliados","compilación de estudios","valor publicado","inferido","S224 resumen","C-852"
"número de genomas virales asgard reconstruidos","seis","genomas","virus asociados con Lokiarchaeota y Helarchaeota","metagenómica","número del estudio","observado","S217 resumen","C-857"
"tamaño máximo de genoma viral asgard","hasta 117","kb","virus asociados con Lokiarchaeota y Helarchaeota","ensamblaje metagenómico","máximo publicado","observado","S217 resumen","C-857"
"rendimiento fermentativo calculado con *Arcobacter*","doble que la ruta alternativa comparada","razón 2×","*Lenisia limosa*–*Arcobacter*","balance metabólico calculado por autores","no consta en la fuente recuperada","inferido","S210 resultados","C-901"
"temperatura experimental del consorcio ANME-1–HotSeep-1","60","°C","consorcio ANME-1–HotSeep-1","incubación experimental","no consta en el pasaje recuperado","observado","S226 métodos","C-912"
"tamaño del aislado metanógeno histórico","3 × 0,4","µm","aislado atribuido a *Pelomyxa palustris*","microscopía en cultivo","no consta en el pasaje recuperado","observado","S232 descripción","C-920"
"tiempo de generación con H₂/CO₂","10","h","aislado histórico atribuido a *Pelomyxa*","cultivo","no consta en el pasaje recuperado","observado","S232 resultados","C-921"
"tiempo de generación con formiato","12","h","aislado histórico atribuido a *Pelomyxa*","cultivo","no consta en el pasaje recuperado","observado","S232 resultados","C-921"
"especies de ciliados anaerobios muestreadas","32","especies","muestreo de S234","muestreo, FISH y secuenciación","n/a","observado","S234 resumen","C-926"
"tamaño de genoma de *Kinetoplastibacterium*","aprox. 0,8","Mb","*Kinetoplastibacterium*","secuenciación genómica","según cepa; detalle en S237","observado","S237 resultados","C-934"
"tamaño del genoma nuclear de *Perkinsela*","aprox. 9,5","Mb","*Perkinsela*","secuenciación genómica","no consta en el pasaje recuperado","observado","S240 resultados","C-941"
"genes proteicos del genoma mitocondrial de *Perkinsela*","6","genes","mitocondria de *Perkinsela*","secuenciación genómica","n/a","observado","S241 resultados","C-945"
"edad de endosimbiosis del cromatóforo","90–140","Ma","*Paulinella*–cromatóforo","estimación filogenética","intervalo publicado","inferido","S245 discusión","C-947"
"tamaño del genoma del cromatóforo","1,02","Mb","cromatóforo de *Paulinella chromatophora*","secuenciación","n/a","observado","S242 resultados","C-948"
"proteínas codificadas por cromatóforo","867","proteínas","cromatóforo de *Paulinella chromatophora*","anotación genómica","n/a","observado","S242 resultados","C-949"
"genes nucleares inicialmente atribuidos al cromatóforo","0,3–0,8","% de genes nucleares analizados","*Paulinella chromatophora*","filogenia de familias génicas","depende de filtros","inferido","S243 resultados","C-951"
"genes nucleares de origen plastidial comparativo","11–14","%","Archaeplastida en comparación de S243","filogenia de familias génicas","depende de filtros","inferido","S243 discusión","C-952"
"tamaño de nucleomorfo","aprox. 373.000","bp","*Bigelowiella natans*","secuenciación","n/a","observado","S258 resultados","C-986"
"genes del nucleomorfo","331","genes","*Bigelowiella natans*","anotación genómica","n/a","observado","S258 resultados","C-986"
"cromosomas del nucleomorfo","3","cromosomas lineales","*Bigelowiella natans*","ensamblaje genómico","n/a","observado","S258 resultados","C-987"
"tamaño de nucleomorfo","aprox. 551","kb","*Guillardia theta*","secuenciación","n/a","observado","S259 resultados","C-988"
"intrones espliceosomales en nucleomorfo","17","intrones","*Guillardia theta*","anotación genómica","n/a","observado","S259 resultados","C-989"
"genes solapados en nucleomorfo","44","genes","*Guillardia theta*","anotación genómica","n/a","observado","S259 resultados","C-989"
"genoma de *Tremblaya princeps*","138.927","bp","*Tremblaya princeps*","secuenciación","n/a","observado","S260 resultados","C-994"
"genoma de *Moranella endobia*","538.294","bp","*Moranella endobia*","secuenciación","n/a","observado","S260 resultados","C-995"
"cromosoma de *Buchnera* APS","640.681","bp","*Buchnera* sp. APS","secuenciación","n/a","observado","S263 resultados","C-1000"
"divergencia de cepas de *Buchnera*","80–150","Ma","cepas comparadas en S264","filogenia hospedador-simbionte","intervalo publicado","inferido","S264 resultados","C-1003"
"genes proteicos del ancestro reconstruido de *Buchnera*","616","genes","ancestro de *Buchnera*","reconstrucción ancestral","dependiente del modelo","inferido","S265 resultados","C-1004"
"genes de ARN del ancestro reconstruido de *Buchnera*","39","genes","ancestro de *Buchnera*","reconstrucción ancestral","dependiente del modelo","inferido","S265 resultados","C-1004"
"tamaño de genomas modernos de *Buchnera*","412–646","kb","cepas de *Buchnera* analizadas","secuenciación comparada","rango publicado","observado","S265 resultados","C-1005"
"genes proteicos en genomas modernos de *Buchnera*","354–587","genes","cepas de *Buchnera* analizadas","anotación comparada","rango publicado","observado","S265 resultados","C-1005"
"elementos de inserción en algunos genomas de *Wolbachia*","hasta 10","% del genoma","*Wolbachia*","anotación genómica","depende de cepa","observado","S267 revisión","C-1010"
"proteínas hidrogenosomales localizadas","30","proteínas","*Trichomonas vaginalis*","localización experimental","n/a","observado","S271 resumen","C-1039"
"candidatos hidrogenosomales con presecuencia","226","proteínas","*Trichomonas vaginalis*","predicción por aprendizaje automático","dependiente del clasificador","inferido","S271 resumen","C-1039"
"tamaño de mitosomas","50–200","nm","*Giardia intestinalis*","microscopía","rango publicado","observado","S273 introducción","C-1040"
"mitosomas por célula","aprox. 40","orgánulos/célula","*Giardia intestinalis*","microscopía y conteo","varía con ciclo celular","observado","S273 resultados","C-1041"
"proteínas codificadas por genomas mitocondriales","aprox. 1–70","proteínas","eucariotas actuales","revisión comparada","rango entre taxones","observado","S281 revisión","C-1060"
"genomas mitocondriales analizados","2.015","genomas","análisis de retención génica","genómica comparada","n/a","observado","S280 resumen","C-1063"
"descendencia respiratoriamente deficiente en algunos cruzamientos petite","más de 95","% de colonias","levadura con mtDNA hipersupresivo","cruzamientos experimentales","según cruzamiento","observado","S285 resultados","C-1072"
"genotipos mitonucleares factoriales","81","genotipos","panel de *Drosophila*","9 genomas nucleares × 9 haplotipos mitocondriales","n/a","observado","S288 métodos","C-1079"
"fondos nucleares con mayor varianza masculina","8 de 9","fondos nucleares","panel de *Drosophila*","análisis factorial","n/a","observado","S288 resultados","C-1080"
"participantes de UK Biobank","aprox. 0,5 millones","participantes","análisis humano de maldición de la madre","asociación genómica","aproximación publicada","observado","S289 resumen","C-1081"
"secuencias eucariotas analizadas","30.358","secuencias","estudio de HGT de Ku y Martin","filogenias de familias","n/a","observado","S290 métodos","C-1088"
"homólogos procariotas analizados","1.035.375","secuencias","estudio de HGT de Ku y Martin","filogenias de familias","n/a","observado","S290 métodos","C-1088"
"árboles génicos analizados","2.585","árboles","estudio de HGT de Ku y Martin","filogenias de familias","n/a","observado","S290 métodos","C-1088"
"umbral de la regla de contaminación","más de 70","% de identidad","regla de Ku y Martin","criterio empírico","puede tener excepciones","inferido","S290 resultados","C-1089"
"genes de tardígrado inicialmente atribuidos a HGT","aprox. una sexta parte","fracción del borrador génico","*Hypsibius dujardini*","ensamblaje borrador","reclamo posteriormente cuestionado","inferido","S295 resumen","C-1099"
"región codificante mitocondrial del endosimbionte","34.242","bp","endosimbionte de *Durinskia baltica*","ensamblaje mitocondrial","región no codificante final no cerrada","observado","S301 resultados; tabla 1","C-1111"
"región codificante mitocondrial del endosimbionte","34.742","bp","endosimbionte de *Kryptoperidinium foliaceum*","ensamblaje mitocondrial","región no codificante final no cerrada","observado","S301 resultados; tabla 1","C-1111"
"genes mitocondriales endosimbiontes","58","genes","endosimbionte de *Durinskia baltica*","anotación genómica","n/a","observado","S301 resultados; tabla 1","C-1112"
"genes mitocondriales endosimbiontes","59","genes","endosimbionte de *Kryptoperidinium foliaceum*","anotación genómica","n/a","observado","S301 resultados; tabla 1","C-1112"
"candidatos de EGT terciaria","9","genes","dinotomos","filogenias de transcriptos","dependiente del muestreo y filtro","inferido","S302 resumen; resultados","C-1115"
"candidatos de EGT terciaria","90","genes","kareniáceos","filogenias de transcriptos","dependiente del muestreo y filtro","inferido","S302 resumen; resultados","C-1115"
"genoma plastidial terciario","142.981","bp","*Karlodinium veneficum*","secuenciación y ensamblaje","n/a","observado","S303 resultados; tabla 1","C-1117"
"proteínas codificadas por plasto terciario","70","proteínas","*Karlodinium veneficum*","anotación genómica","n/a","observado","S303 resultados; tabla 1","C-1117"
"ARNt codificados por plasto terciario","30","ARNt","*Karlodinium veneficum*","anotación genómica","n/a","observado","S303 resultados; tabla 1","C-1117"
"ARNr codificados por plasto terciario","3","ARNr","*Karlodinium veneficum*","anotación genómica","n/a","observado","S303 resultados; tabla 1","C-1117"
"soporte de origen haptófito del plasto","100","% bootstrap","plasto de *Karlodinium veneficum*","filogenia plastidial","matriz y muestreo de S303","inferido","S303 fig. 4","C-1118"
"familias completas de elementos transponibles","mínimo 20","familias","*Salpingoeca rosetta*","RepeatMasker y BLAST","mínimo por ensamblaje y detección","observado","S304 resultados","C-1119"
"familias de transposones de ADN","7","familias","*Salpingoeca rosetta*","anotación estructural y por homología","n/a","observado","S304 resultados","C-1120"
"familias de retrotransposones LTR","13","familias","*Salpingoeca rosetta*","anotación estructural y por homología","n/a","observado","S304 resultados","C-1120"
"candidatos de retrotransposones no-LTR","2","familias incompletas","*Salpingoeca rosetta*","búsqueda por homología","secuencias completas no determinadas","inferido","S304 resultados","C-1120"
"familias de retrotransposones LTR","3","familias","*Monosiga brevicollis*","cribado del ensamblaje y EST","ausencias dependientes del ensamblaje","observado","S305 resumen","C-1121"
"coste membrana macronuclear","6.8 × 10^9 Vcell^0.54","ATP","ciliados","modelo morfométrico","no consta en la fuente","inferido","S307 pp. 90–91","C-1139"
"coste membrana micronuclear","1.5 × 10^9 Vcell^0.41","ATP","ciliados","modelo morfométrico","no consta en la fuente","inferido","S307 pp. 90–91","C-1140"
"coste membrana nuclear otros eucariotas","7.8 × 10^9 Vcell^0.48","ATP","fotótrofos y mamíferos incluidos","modelo morfométrico","no consta en la fuente","inferido","S307 pp. 90–91","C-1141"
"coste relativo macronúcleo","2.5","% del presupuesto celular","ciliado de 10^5 µm³","volumen como proxy","no consta en la fuente","inferido","S307 p. 91","C-1142"
"coste relativo micronúcleo","0.032","% del presupuesto celular","ciliado de 10^5 µm³","volumen como proxy","no consta en la fuente","inferido","S307 p. 91","C-1142"
"coste de NPC de levadura","1.3 × 10^7","ATP por poro","levadura","masa molecular y composición","no consta en la fuente","inferido","S307 p. 91","C-1143"
"coste de NPC de vertebrado","2.9 × 10^7","ATP por poro","vertebrado","masa molecular y composición","no consta en la fuente","inferido","S307 p. 91","C-1144"
"coste conjunto de NPC","7.0 × 10^8 Vnuc^0.78","ATP","eucariotas modelados","regresión por volumen nuclear","no consta en la fuente","inferido","S307 p. 91","C-1145"
"coste de vesícula en construcción","1.67 × 10^7","ATP por vesícula","vesícula de 50 nm durante 140 s","modelo composicional","no consta en la fuente","inferido","S307 tabla 1","C-1147"
"coste de vesícula citoplasmática","9.6 × 10^6","ATP por vesícula","vesícula de 50 nm","modelo composicional","no consta en la fuente","inferido","S307 tabla 1","C-1148"
"coste de membrana pura","1.25 × 10^9","ATP µm^-2","membrana lipídica","modelo de composición","no consta en la fuente","inferido","S307 tabla 1","C-1149"
"coste de membrana con proteína","1.45 × 10^9","ATP µm^-2","membrana con 40% proteína por área","modelo de composición","no consta en la fuente","inferido","S307 tabla 1","C-1150"
"coste ER+Golgi","1.1","% del presupuesto celular","Ostreococcus tauri","morfometría y coste de membrana","no consta en la fuente","inferido","S307 tabla 1","C-1151"
"coste ER+Golgi","1.1","% del presupuesto celular","Saccharomyces cerevisiae","morfometría y coste de membrana","no consta en la fuente","inferido","S307 tabla 1","C-1152"
"coste ER+Golgi","3.0","% del presupuesto celular","Dunaliella salina","morfometría y coste de membrana","no consta en la fuente","inferido","S307 tabla 1","C-1153"
"coste ER+Golgi","21","% del presupuesto celular","célula pancreática de Sus scrofa","morfometría y coste de membrana","no consta en la fuente","inferido","S307 tabla 1","C-1154"
"microtúbulos corticales","5.0 × 10^10","ATP","Ochromonas idealizada","modelo composicional","no consta en la fuente","inferido","S307 tabla 1","C-1159"
"actina+tubulina","0.1; 1.4 × 10^9","% del presupuesto; ATP","Saccharomyces cerevisiae","abundancia y composición","no consta en la fuente","inferido","S307 tabla 1","C-1160"
"actina+tubulina","0.4; 1.1 × 10^10","% del presupuesto; ATP","Schizosaccharomyces pombe","abundancia y composición","no consta en la fuente","inferido","S307 tabla 1","C-1161"
"actina+tubulina","5.7","% del presupuesto celular","fibroblastos de ratón","abundancia y composición","no consta en la fuente","inferido","S307 tabla 1","C-1162"
"actina+tubulina","0.6","% del presupuesto celular","células HeLa","abundancia y composición","no consta en la fuente","inferido","S307 tabla 1","C-1163"
"F-actina tras inhibición CK-B","73 ± 9","% del control","fagocitosis mediada por complemento","fluorescencia","±9","observado","S328 resultados","C-1168"
"contenido ATP durante fagocitosis","0.8","fmol célula^-1","neutrófilos humanos","ensayo bioquímico","no consta en la fuente","observado","S329 resultados","C-1169"
"coste membranas mitocondriales","1.9","% del presupuesto celular","Dunaliella salina","morfometría","no consta en la fuente","inferido","S307 tabla 1","C-1182"
"coste membranas mitocondriales","4–17","% del presupuesto celular","ciliados","morfometría","variación natural entre especies","inferido","S307 tabla 1","C-1183"
"coste membranas mitocondriales","6.7","% del presupuesto celular","célula pancreática de Sus scrofa","morfometría","no consta en la fuente","inferido","S307 tabla 1","C-1184"
"coste membranas mitocondriales","7.9","% del presupuesto celular","Ostreococcus tauri","morfometría","no consta en la fuente","inferido","S307 tabla 1","C-1185"
"área de membrana mitocondrial","3.0 Vcell^0.99","relación de área","eucariotas modelados","regresión morfométrica","no consta en la fuente","inferido","S312 resultados; S313","C-1186"
"construcción flagelos Chlamydomonas","6.15 × 10^10","ATP célula^-1","dos flagelos","modelo estructural","no consta en la fuente","inferido","S324 tabla 1","C-1189"
"construcción flagelos Chlamydomonas","1.4","% del presupuesto del ciclo","Chlamydomonas","modelo estructural y presupuesto","no consta en la fuente","inferido","S324 tabla 1","C-1190"
"operación flagelo Chlamydomonas","9.7 × 10^5","ATP s^-1 flagelo^-1","Chlamydomonas","modelo de motores","no consta en la fuente","inferido","S324 tabla 1","C-1191"
"operación flagelos Chlamydomonas","1.2","% del presupuesto del ciclo","Chlamydomonas","modelo de operación","no consta en la fuente","inferido","S324 tabla 1","C-1192"
"coste total flagelos Chlamydomonas","2.6","% del presupuesto del ciclo","Chlamydomonas","suma de construcción y operación","no consta en la fuente","inferido","S324 tabla 1","C-1193"
"coste relativo construcción de flagelos","0.1–40","% del presupuesto celular","mayoría de 200 especies","encuesta comparativa modelada","variación entre especies","inferido","S307 p. 90; S324","C-1194"
"carga de adhesión","200","nN","células adherentes en ensayo","fuerza aplicada","no consta en la fuente","observado","S336 resultados","C-1196"
"fortalecimiento de adhesión","aproximadamente 7","veces","sistema de integrinas","respuesta bajo fuerza constante","no consta en la fuente","observado","S336 resultados","C-1196"
"energía por gen bacteria ampliada","0.0005","fW gen^-1","bacteria hipotética","escalamiento","no consta en la fuente","inferido","S308 p. 931","C-1205"
"reducción de energía por gen","230000","veces","bacteria hipotética frente a protozoo","cociente modelado","no consta en la fuente","inferido","S308 p. 931","C-1206"
"ventaja energía por gen eucariota","aproximadamente 200000","veces","eucariota frente a procariota modelado","cociente modelado","no consta en la fuente","inferido","S308 pp. 929, 931","C-1207"
"potencia por gen","10^5–10^6","veces","hospedador mitocondrial modelado","cociente modelado","no consta en la fuente","inferido","S308 p. 931","C-1208"
"valores no localizados en fuentes citadas","más de 50","% de 80 valores","auditoría documental","rastreo de citas","no consta en la fuente","observado","S314 resultados","C-1221–C-1223"
"umbral aproximado de selección","1/Ne","coeficiente de aptitud relativo","población finita","teoría poblacional","aproximación","inferido","S307 p. 91; S319","C-1229"
"Ne procariotas histórico","generalmente >10^8","individuos efectivos","muestreo de S319","diversidad silenciosa y μ","dependiente de supuestos","inferido","S319 p. 1401","C-1228"
"Ne eucariotas unicelulares histórico","10^7–10^8","individuos efectivos","muestreo de S319","diversidad silenciosa y μ","dependiente de supuestos","inferido","S319 pp. 1401–1402","C-1231"
"Ne invertebrados histórico","10^5–10^6","individuos efectivos","muestreo de S319","diversidad silenciosa y μ","dependiente de supuestos","inferido","S319 pp. 1401–1402","C-1232"
"Ne vertebrados histórico","10^4–10^5","individuos efectivos","muestreo de S319","diversidad silenciosa y μ","dependiente de supuestos","inferido","S319 pp. 1401–1402","C-1233"
"tasa mutacional media asumida","aproximadamente 2.3 × 10^-10","mutaciones sitio^-1 división^-1","estimaciones de S319","promedio asumido","rango de entrada 5 × 10^-11–5 × 10^-10","inferido","S319 p. 1401","C-1234"
"diversidad neutral diploide","4Neμ","relación adimensional","población diploide en equilibrio","modelo poblacional","bajo supuestos de equilibrio","inferido","S319 p. 1401","C-1235"
"Ne crítico retrotransposones","~7 × 10^7","individuos efectivos","modelo de elementos móviles","tasas modeladas","dependiente de parámetros","inferido","S319","C-1237"
"Ne crítico transposones ADN","~2 × 10^7","individuos efectivos","modelo de elementos móviles","tasas modeladas","dependiente de parámetros","inferido","S319","C-1237"
"muestreo Ne eucariotas","120","especies","S322","diversidad y tasas directas","n/a","observado","S322 resumen","C-1231"
"variación Ne eucariotas","casi 4","órdenes de magnitud","S322","estimaciones comparativas","intervalos por especie en material suplementario","inferido","S322 resumen","C-1240"
"muestreo prueba animal","807","especies","S323","genómica comparada","n/a","observado","S323 métodos","C-1242"
"coste duplicación gen mediano","4.68 × 10^-5","fracción del presupuesto celular","Saccharomyces cerevisiae","modelo de expresión","no consta en la fuente","inferido","S340; S307 p. 90","C-1252"
"cambio detectable de ARNm",">10","%","gen mediano de Saccharomyces cerevisiae","comparación con 1/Ne","dependiente de Ne","inferido","S340; S307 p. 91","C-1253"
"cambio detectable de proteína",">2","%","gen mediano de Saccharomyces cerevisiae","comparación con 1/Ne","dependiente de Ne","inferido","S340; S307 p. 91","C-1253"
"genes meióticos específicos identificados en Giardia","5","genes","Giardia intestinalis","inventario y filogenia de homólogos","no consta en la fuente","observado","S77 resumen","C-1278"
"componentes meióticos identificados en Trichomonas vaginalis","27 de 29","genes","Trichomonas vaginalis","inventario genómico y ortología","no consta en la fuente","observado","S346 resumen; tabla 2","C-1279"
"genes específicos de meiosis en Trichomonas vaginalis","8 de 9","genes","Trichomonas vaginalis","inventario genómico","no consta en la fuente","observado","S346 resumen","C-1280"
"genes meióticos conservados identificados en coanoflagelados","18","genes","Choanoflagellata muestreada en S348","inventario de genomas y EST","no consta en la fuente","observado","S348 resultados","C-1282"
"tipos de apareamiento de Dictyostelium discoideum","3","tipos de apareamiento","Dictyostelium discoideum","genética del locus de tipo de apareamiento","no consta en la fuente","observado","S365 resumen","C-1326"
"fragmentos génicos resecuenciados","137","fragmentos","cepas silvestres norteamericanas de Dictyostelium discoideum","resecuenciación poblacional","no consta en la fuente","observado","S367 resumen","C-1333"
"edad de Bangiomorpha pubescens","1.047 +0.013/−0.017","Ga","primera aparición de Bangiomorpha pubescens","Re–Os estratigráfico","+0.013/−0.017 Ga","observado","S160 resumen","C-1348"
"tiempo hasta enjambre tras Vibrio fischeri","dentro de 30","minutos","Salpingoeca rosetta","microscopía en cultivo","no consta en la fuente","observado","S203 fig. 1A–B","C-1352"
"duración de fusión celular tras orientación basal","minutos","minutos","Salpingoeca rosetta","microscopía en cultivo","sin valor numérico exacto","observado","S203 fig. 1C","C-1353"
"concentración de EroS en ensayos de señales combinadas","0.2–1","μg/ml","Salpingoeca rosetta","adición de proteína purificada","aproximadamente 2–8 nM","observado","S351 métodos","C-1357"
"concentración molar aproximada de EroS","aproximadamente 2–8","nM","Salpingoeca rosetta","conversión publicada por los autores","aproximada","observado","S351 métodos","C-1357"
"actividad de EroS","0.05","U/ml","Salpingoeca rosetta","actividad enzimática añadida","no consta en la fuente","observado","S351 métodos","C-1358"
"células con doble tinción bajo agregación","aproximadamente 10","% de células teñidas","Ministeria vibrans","mezcla de poblaciones con tintes de membrana y microscopía","media ± s.e.m.; triplicado biológico","observado","S376 fig. 6f","C-1374"
"células con doble tinción sin agregación","menos de 2","% de células teñidas","Ministeria vibrans","mezcla de poblaciones con tintes de membrana y microscopía","media ± s.e.m.; triplicado biológico","observado","S376 fig. 6f","C-1374"
"significación de diferencia en doble tinción","0.0017","P","Ministeria vibrans","prueba t bilateral no pareada con corrección de Welch","no consta intervalo","observado","S376 fig. 6f","C-1374"
"células revisadas para detectar fusión","aproximadamente 216","células","Ministeria vibrans","videomicroscopía en borde de agregados","aproximado","observado","S376 texto de resultados","C-1375"
"duración de seguimiento por célula","aproximadamente 2.7","horas por célula","Ministeria vibrans","videomicroscopía","aproximado","observado","S376 texto de resultados","C-1375"
"fusiones claras observadas en el seguimiento","1","evento","Ministeria vibrans","videomicroscopía","en aproximadamente 216 células observadas","observado","S376 fig. 6g; Supplementary Video 5","C-1375"
"edición vigente del Madrid Code","18","edición","ICN","identificación editorial","n/a","observado","S379 sitio oficial","C-1518"
"versión publicada de PhyloCode","6","versión","PhyloCode","identificación editorial","n/a","observado","S381 portada","C-1527"
"registro de Eukarya en Phylonyms","42","número de registro","Eukarya","RegNum/Phylonyms","n/a","observado","S383 entrada Eukarya","C-1536"
"registro de Amorphea en Phylonyms","8","número de registro","Amorphea","RegNum/Phylonyms","n/a","observado","S383 entrada Amorphea","C-1537"
"registro de Opisthokonta en Phylonyms","72","número de registro","Opisthokonta","RegNum/Phylonyms","n/a","observado","S383 entrada Opisthokonta","C-1538"
"reinos ocupados por algas en Guiry 2024","4","reinos","algas de AlgaeBase","clasificación de base","dependiente de la clasificación adoptada","observado","S390 título; resumen","C-1613"
"filos ocupados por algas en Guiry 2024","14","filos","algas de AlgaeBase","clasificación de base","dependiente de la clasificación adoptada","observado","S390 título; resumen","C-1613"
"clases ocupadas por algas en Guiry 2024","63","clases","algas de AlgaeBase","clasificación de base","dependiente de la clasificación adoptada","observado","S390 título; resumen","C-1613"
"especies vivientes de algas en AlgaeBase al 1-11-2023","50.589","especies","AlgaeBase","recuento de base de datos","dependiente de versión","observado","S390 resumen","C-1614"
"especies fósiles de algas en AlgaeBase al 1-11-2023","10.556","especies","AlgaeBase","recuento de base de datos","dependiente de versión","observado","S390 resumen","C-1614"
"proteínas en Hampl et al. 2009","143","proteínas","análisis de Excavata","matriz filogenómica","n/a","observado","S400 Methods","C-1647"
"taxones en Hampl et al. 2009","48","taxones","análisis de Excavata","muestreo taxonómico","n/a","observado","S400 Methods","C-1647"
"reinos en Whittaker 1969","5","reinos","sistema de Whittaker","clasificación propuesta","n/a","observado","S387","C-1634"
"reinos en Cavalier-Smith 1998","6","reinos","sistema de Cavalier-Smith","clasificación propuesta","n/a","observado","S389","C-1635"
"reinos en Ruggiero et al. 2015","7","reinos","sistema de Ruggiero et al.","clasificación propuesta","n/a","observado","S388","C-1636"
"intervalo de división clonal","aproximadamente 8–10","h","Choanoeca flexa","videomicroscopía","no consta como error formal","observado","S424 fig. 1f","C-1394"
"tiempo de maduración de lámina","dentro de 24","h","Choanoeca flexa","videomicroscopía","n/a","observado","S424 fig. 2","C-1396"
"tamaño medio del agregado a 24 h","alrededor de 50","células","Choanoeca flexa","recuento","desviación mostrada en figura; no transcrita aquí","observado","S424 fig. 2g","C-1397"
"máximo observado aproximado a 24 h","aproximadamente 120","células","Choanoeca flexa","recuento","n/a","observado","S424 fig. 2g","C-1397"
"aphidicolina en ensayo de agregación","17","µg ml−1","Choanoeca flexa","inhibición del ciclo celular","n/a","observado","S424 fig. 2i","C-1398"
"salinidad máxima con láminas activas observadas","94","ppt","Choanoeca flexa en campo","muestreo de pozas","límite observacional, no fisiológico universal","observado","S424 fig. 3e","C-1399"
"salinidad de pozas con láminas","62.1 ± 24.8","ppt","Choanoeca flexa","muestreo de campo","media ± dispersión publicada","observado","S424 resultados","C-1400"
"salinidad de pozas sin láminas","146.3 ± 95.7","ppt","Choanoeca flexa","muestreo de campo","media ± dispersión publicada","observado","S424 resultados","C-1400"
"significación de diferencia de salinidad","1.7 × 10−6","P","pozas con y sin Choanoeca flexa","Mann–Whitney U","n/a","inferido","S424 resultados","C-1400"
"duración de evaporación","4","días","Choanoeca flexa","evaporación experimental","n/a","observado","S424 fig. 4","C-1401"
"duración de ciclo nuclear","aproximadamente 11–12","h","Sphaeroforma arctica","microscopía temporal","n/a","observado","S207 resultados","C-1404"
"máximo de núcleos precelularización","128","núcleos","Sphaeroforma arctica","recuento","n/a","observado","S208 fig. 1","C-1406"
"tamaño genómico","aproximadamente 45","Mb","Creolimax fragrantissima","ensamblaje","n/a","observado","S209 tabla 1","C-1412"
"número de scaffolds","82","scaffolds","Creolimax fragrantissima","ensamblaje","n/a","observado","S209 tabla 1","C-1412"
"genes predichos","8,695","genes","Creolimax fragrantissima","anotación","n/a","observado","S209 tabla 1","C-1413"
"intrones por gen","6.5","intrones por gen","Creolimax fragrantissima","anotación","n/a","observado","S209 tabla 1","C-1413"
"tamaño genómico","24.1","Mb","Corallochytrium limacisporum","ensamblaje","n/a","observado","S434 datos fuente","C-1417"
"genes predichos","7,535","genes","Corallochytrium limacisporum","anotación","n/a","observado","S434 datos fuente","C-1417"
"densidad de intrones","0.0","intrones por kbp de CDS","Corallochytrium limacisporum","anotación y reconstrucción","dependiente de la anotación","observado","S434 fig. 5","C-1418"
"abundancia de Thalassospira","63","% de amplicones bacterianos únicos","cultivo xenico de Ministeria vibrans","16S rDNA","n/a","observado","S376 Extended Data fig. 2","C-1427"
"tiempo a agregados de decenas de células","24","h","Ministeria vibrans","microscopía temporal","n/a","observado","S376 fig. 3","C-1428"
"transferencias hasta fenotipo snowflake","≤60","transferencias diarias","Saccharomyces cerevisiae","evolución experimental","todas las poblaciones replicadas","observado","S432 resultados","C-1443"
"ventaja de aptitud","34","%","levadura snowflake","competencia bajo sedimentación","condición específica","observado","S432 resultados","C-1445"
"rondas de selección","600","rondas","levadura snowflake anaerobia","evolución experimental","cinco poblaciones","observado","S433 fig. 1","C-1447"
"aumento de tamaño","aproximadamente 2 × 10^4","veces","levadura snowflake anaerobia","comparación con ancestro","n/a","observado","S433 resumen","C-1448"
"aumento de tenacidad","aproximadamente 10^4","veces","levadura snowflake anaerobia","medición mecánica","n/a","observado","S433 resumen","C-1449"
"aumento de tamaño bajo competencia por oxígeno","aproximadamente 6","veces","levadura snowflake","comparación con ancestro","n/a","observado","S433 resumen","C-1451"
"tamaño genómico","aproximadamente 41.6","Mb","Monosiga brevicollis","ensamblaje","n/a","observado","S147 §Gene structure","C-1453"
"genes predichos","aproximadamente 9,200","genes","Monosiga brevicollis","anotación","n/a","observado","S147 §Gene structure","C-1453"
"intrones por gen","6.6","intrones por gen","Monosiga brevicollis","anotación","n/a","observado","S147 tabla 1","C-1454"
"longitud media de intrón","174","bp","Monosiga brevicollis","anotación","n/a","observado","S147 tabla 1","C-1454"
"tamaño genómico","aproximadamente 55","Mb","Salpingoeca rosetta","ensamblaje","n/a","observado","S205 tabla 1","C-1455"
"scaffolds","154","scaffolds","Salpingoeca rosetta","ensamblaje","n/a","observado","S205 tabla 1","C-1455"
"N50","1.52","Mb","Salpingoeca rosetta","ensamblaje","n/a","observado","S205 tabla 1","C-1455"
"genes predichos","11,629","genes","Salpingoeca rosetta","anotación","n/a","observado","S205 tabla 1","C-1456"
"modelos con apoyo transcriptómico","98","%","Salpingoeca rosetta","RNA-seq","n/a","observado","S205 métodos","C-1456"
"tamaño genómico","28","Mb","Capsaspora owczarzaki","ensamblaje","n/a","observado","S352 tabla 1","C-1457"
"scaffolds","84","scaffolds","Capsaspora owczarzaki","ensamblaje","n/a","observado","S352 tabla 1","C-1457"
"genes codificantes","8,657","genes","Capsaspora owczarzaki","anotación","n/a","observado","S352 tabla 1","C-1457"
"intrones por gen","3.8","intrones por gen","Capsaspora owczarzaki","anotación","n/a","observado","S352 tabla 1","C-1458"
"longitud media de intrón","166","bp","Capsaspora owczarzaki","anotación","n/a","observado","S352 tabla 1","C-1458"
"genes anotados antes de filtros","12,127","genes","Ministeria vibrans","anotación usada por el estudio","dependiente de versión","observado","S376 métodos","C-1459"
"tamaño genómico de ensamblaje","121.6","Mb","Sphaeroforma arctica JP610","ensamblaje GCF_001186125.1","n/a","observado","S446 Assembly statistics","C-1461"
"genes con dominios de cadherina","23","genes","Monosiga brevicollis","anotación de dominios","n/a","observado","S147 §Cadherins","C-1465"
"genes con dominio de integrina alfa","17","genes","Monosiga brevicollis","anotación de dominios","n/a","observado","S147 §Integrin-related domains","C-1466"
"genes con dominios de colágeno","5","genes","Monosiga brevicollis","anotación de dominios","n/a","observado","S147 §ECM","C-1467"
"proteínas con repeticiones Gly-X-Y extensas","2","proteínas","Monosiga brevicollis","anotación de motivos","n/a","observado","S147 §ECM","C-1467"
"tirosina quinasas","aproximadamente 120","proteínas","Monosiga brevicollis","anotación de dominios","n/a","observado","S147 §Tyrosine kinase signaling","C-1473"
"tirosina fosfatasas","aproximadamente 30","proteínas","Monosiga brevicollis","anotación de dominios","n/a","observado","S147 §Tyrosine kinase signaling","C-1473"
"proteínas con SH2","aproximadamente 80","proteínas","Monosiga brevicollis","anotación de dominios","n/a","observado","S147 §Tyrosine kinase signaling","C-1473"
"dominios clasificados como innovaciones del tallo metazoano","235","dominios","tallo de Metazoa en Suga et al. 2013","Dollo parsimony","dependiente de muestreo","inferido","S352 fig. 2","C-1479"
"genes Runx","2","genes","Capsaspora owczarzaki","anotación y filogenia","n/a","observado","S437 §Runx","C-1480"
"genes T-box","3","genes","Capsaspora owczarzaki","anotación y filogenia","n/a","observado","S437 §T-box","C-1481"
"bootstrap de clasificación inicial de Co-Bra","50","% bootstrap","T-box de Capsaspora","filogenia","soporte bajo","inferido","S437 fig. 2","C-1482"
"genes diferencialmente expresados","4,884","genes","Ministeria vibrans durante agregación","RNA-seq","dependiente de umbrales","observado","S376 resultados","C-1494"
"homólogos relacionados con multicelularidad","521","genes","Ministeria vibrans","clasificación funcional","categorías amplias","observado","S376 fig. 5","C-1495"
"homólogos de adhesión","68","genes","Ministeria vibrans","clasificación funcional","n/a","observado","S376 fig. 5","C-1495"
"homólogos de señalización","400","genes","Ministeria vibrans","clasificación funcional","n/a","observado","S376 fig. 5","C-1495"
"factores de transcripción","53","genes","Ministeria vibrans","clasificación funcional","n/a","observado","S376 fig. 5","C-1495"
"homólogos con cambio significativo","332","genes","Ministeria vibrans","RNA-seq","dependiente de umbral","observado","S376 fig. 5","C-1496"
"masa mínima de la fracción sérica o lipoproteica inductora","superior a 30","kDa","fracción inductora de agregación de Capsaspora owczarzaki","fraccionamiento por masa molecular","n/a","observado","S427 resultados","C-1422"
"transcriptomas choanoflagelados adicionales muestreados","19","transcriptomas","análisis comparativo de Richter et al.","secuenciación y anotación transcriptómica","detección dependiente de expresión y completitud","observado","S435 resumen; métodos","C-1476"
