"control","valor"
"número total de fuentes distintas","524"
"número de oraciones marcadas `[SIN FUENTE]`","0"
"número de filas del registro","2813"
"número de celdas con `SIN CIFRA PUBLICADA LOCALIZADA`","41"
"número de entidades consolidadas","1498"
"número de eventos consolidados","108"
"número de hipótesis consolidadas","82"
"número de fechas consolidadas","216"
"número de magnitudes consolidadas","572"
"número de búsquedas negativas","497"
"referencias `C-…` indefinidas","0"
"referencias `S…` indefinidas","1"
"referencias `E…` indefinidas","0"
"referencias `H…` indefinidas","0"
"referencias `BN-…` indefinidas","0"
"síntesis que dependen de una fila posterior","0"
"fuentes locales deduplicadas por identidad bibliográfica","59"
"pares de registros bibliográficos duplicados consolidados en esta integración","4"
"conflictos bibliográficos no resueltos","0"
"número inicial de afirmaciones que dependían de una sola fuente","1105"
"número de fuentes que eran soporte único de al menos una afirmación en el corte inicial","402"
"número actual de afirmaciones que dependen de una sola fuente","1499"
"número actual de fuentes que son soporte único de al menos una afirmación","431"
"número actual de fuentes citadas en una sola C","84"
"número actual de fuentes sin uso en una C","10"
