"clave","motivo","destino_documental"
"S100","Su única función final era fechar la publicación en una fila de metadatos sin C del apéndice D; esa fila no era una fecha científica y fue retirada.","Permanece en el maestro histórico inmutable y en la matriz inicial→final; no se reasigna su clave ni se interpreta la retirada como desestimación científica."
"S110","Su única función final era fechar la publicación en una fila de metadatos sin C del apéndice D; esa fila no era una fecha científica y fue retirada.","Permanece en el maestro histórico inmutable y en la matriz inicial→final; no se reasigna su clave ni se interpreta la retirada como desestimación científica."
"S148","Su única función final era fechar la publicación en una fila de metadatos sin C del apéndice D; esa fila no era una fecha científica y fue retirada.","Permanece en el maestro histórico inmutable y en la matriz inicial→final; no se reasigna su clave ni se interpreta la retirada como desestimación científica."
"S149","Su única función final era fechar la publicación en una fila de metadatos sin C del apéndice D; esa fila no era una fecha científica y fue retirada.","Permanece en el maestro histórico inmutable y en la matriz inicial→final; no se reasigna su clave ni se interpreta la retirada como desestimación científica."
"S175","Sin referencia en ninguna afirmación, tabla, apéndice, búsqueda negativa o plantilla canónica final.","Permanece únicamente en el maestro histórico inmutable y en la matriz inicial→final; no se reasigna su clave."
"S180","La única mención residual era una fila sin C en la tabla 36; se retiró esa fila junto con la fuente.","Permanece únicamente en el maestro histórico inmutable y en la matriz inicial→final; no se reasigna su clave."
"S325","Sin referencia en ninguna afirmación, tabla, apéndice, búsqueda negativa o plantilla canónica final.","Permanece únicamente en el maestro histórico inmutable y en la matriz inicial→final; no se reasigna su clave."
"S335","Sin referencia en ninguna afirmación, tabla, apéndice, búsqueda negativa o plantilla canónica final.","Permanece únicamente en el maestro histórico inmutable y en la matriz inicial→final; no se reasigna su clave."
"S343","Sin referencia en ninguna afirmación, tabla, apéndice, búsqueda negativa o plantilla canónica final.","Permanece únicamente en el maestro histórico inmutable y en la matriz inicial→final; no se reasigna su clave."
"S345","Sin referencia en ninguna afirmación, tabla, apéndice, búsqueda negativa o plantilla canónica final.","Permanece únicamente en el maestro histórico inmutable y en la matriz inicial→final; no se reasigna su clave."
"S373","Sin referencia en ninguna afirmación, tabla, apéndice, búsqueda negativa o plantilla canónica final.","Permanece únicamente en el maestro histórico inmutable y en la matriz inicial→final; no se reasigna su clave."
"S377","Sin referencia en ninguna afirmación, tabla, apéndice, búsqueda negativa o plantilla canónica final.","Permanece únicamente en el maestro histórico inmutable y en la matriz inicial→final; no se reasigna su clave."
"S420","Sin referencia final en afirmaciones ni en el catálogo A vivo; la retirada no equivale a desestimación científica.","Permanece en el commit inicial, el maestro histórico y la matriz inicial→final; no se reasigna la clave."
"S444","Sin referencia en ninguna afirmación, tabla, apéndice, búsqueda negativa o plantilla canónica final.","Permanece únicamente en el maestro histórico inmutable y en la matriz inicial→final; no se reasigna su clave."
