"clave_temporal","origen"
"C-9040","C-007"
"C-9041","C-007"
"C-9042","C-043"
"C-9043","C-043"
"C-9044","C-092"
"C-9045","C-130"
"C-9046","C-130"
"C-9047","C-132"
"C-9048","C-132"
"C-9049","C-132"
"C-9050","C-148"
"C-9051","C-148"
"C-9052","C-148"
"C-9053","C-148"
"C-9054","C-148"
"C-9055","C-148"
"C-9056","C-148"
"C-9057","C-148"
"C-9058","C-148"
"C-9017","C-247"
"C-9062","C-266"
"C-9059","C-289"
"C-9061","C-294"
"C-9012","C-523"
"C-9018","C-713"
"C-9001","NUEVA"
"C-9002","NUEVA"
"C-9003","NUEVA"
"C-9004","NUEVA"
"C-9019","NUEVA"
"C-9020","NUEVA"
"C-9005","NUEVA"
"C-9006","NUEVA"
"C-9007","NUEVA"
"C-9008","NUEVA"
"C-9009","NUEVA"
"C-9010","NUEVA"
"C-9011","NUEVA"
"C-9013","C-790"
"C-9014","C-854"
"C-9015","C-854"
"C-9037","C-885"
"C-9038","C-885"
"C-9021","C-889"
"C-9022","C-889"
"C-9023","C-889"
"C-9026","C-890"
"C-9027","C-890"
"C-9028","C-890"
"C-9029","C-890"
"C-9039","C-890"
"C-9024","C-894"
"C-9025","C-894"
"C-9030","C-895"
"C-9031","C-901"
"C-9032","C-901"
"C-9033","C-903"
"C-9034","C-903"
"C-9035","C-904"
"C-9036","C-874"
"C-9016","C-856"
"C-9100","C-1228"
"C-9101","C-1280"
"C-9108","C-1348"
"C-9109","C-1349"
"C-9110","C-1352"
"C-9111","C-1373"
"C-9112","C-1391"
"C-9113","C-1393"
"C-9102","C-1506"
"C-9103","C-1506"
"C-9104","C-1506"
"C-9105","C-1506"
"C-9106","NUEVA"
"C-9107","NUEVA"
"C-9114","C-1461"
"C-9115","C-1472"
"C-9116","C-1473"
"C-9117","C-1577"
"C-9120","C-1435"
"C-9121","C-1537"
"C-9122","C-1537"
"C-9123","C-1539"
"C-9124","C-1542"
"C-9125","C-1543"
"C-9126","C-1543"
"C-9127","C-1546"
"C-9128","C-1763"
"C-9129","C-1763"
"C-9130","C-1763"
"C-9131","C-1763"
"C-9118","C-1704"
"C-9119","C-1799"
