afirmacion,clave_fuente,localizador,tipo_localizador,pasaje,estado,detalle
C-484,S01,S124 clasificación: definición de Amorphea; S01 clasificación,concepto,"Amoebozoa, Nucletmycea, and Holozoa together form the Amorphea; The Diaphoretickes includes Crypista, Chloroplastida and Embryophyta, Rhodophyceae, Haptista, Rhizaria, Alveolata (Apicomplexa, Dinoflagellata, Ciliata), Stramenopiles and Phaeophyta. […] Classification The super‐groups utilized since 2005 (Adl et al. 2005 ; Simpson and Roger 2004 ) are revised as follows (Fig. 1): Eukaryotes now form two Domains called Amorphea and Diaphoretickes, with several additional clades that do not group into a third Domain. […] In the Amorphea, the Opisthokonta, Breviatea and Apusomonadida now form a robust clade, as noted earlier (Adl et al. 2012 ), called Obazoa.",por concepto,"pasajes donde pesa «clasificación  definición de amorphea    clasificación» (9 candidatos); es una ayuda para localizar, no un recorte por posición"
C-485,S01,S01 clasificación; S108 fig. 1; S109 filogenia,figura,,no resoluble en texto,"el localizador señala una figura o tabla, que no vive en el cuerpo del texto; hay que mirarla en el PDF"
C-486,S01,S01 clasificación; S109 filogenia; S112 fig. 3,figura,,no resoluble en texto,"el localizador señala una figura o tabla, que no vive en el cuerpo del texto; hay que mirarla en el PDF"
C-500,S01,S124 clasificación: definición; S01 clasificación,concepto,,no localizado,"«clasificación  definición    clasificación» no aparece en el texto completo; puede estar en una figura, una tabla o el material suplementario"
C-509,S01,S01 clasificación,concepto,,no localizado,"«clasificación» no aparece en el texto completo; puede estar en una figura, una tabla o el material suplementario"
C-511,S01,S01 clasificación; S56 líneas 309–330: definición,lineas,,no resoluble en texto,"el localizador cuenta líneas o páginas del PDF, y el XML no las conserva; se resuelve sobre el PDF"
C-543,S01,S113 descripción; S01 clasificación,concepto,,no localizado,"«descripción    clasificación» no aparece en el texto completo; puede estar en una figura, una tabla o el material suplementario"
C-560,S01,S01 clasificación; S126 figs. 2–3,figura,,no resoluble en texto,"el localizador señala una figura o tabla, que no vive en el cuerpo del texto; hay que mirarla en el PDF"
C-600,S01,S129 fig. 1; S01 clasificación,figura,,no resoluble en texto,"el localizador señala una figura o tabla, que no vive en el cuerpo del texto; hay que mirarla en el PDF"
C-624,S01,S134 clasificación: definición; S135 clasificación: circunscripción; S01 clasificación,concepto,,no localizado,"«clasificación  definición    clasificación  circunscripción    clasificación» no aparece en el texto completo; puede estar en una figura, una tabla o el material suplementario"
C-632,S01,S01 clasificación; S136 filogenia,concepto,,no localizado,"«clasificación    filogenia» no aparece en el texto completo; puede estar en una figura, una tabla o el material suplementario"
C-670,S01,S01 clasificación: nota de Choanozoa,concepto,"These are two competing phylogenetic hypotheses. 26 Choanomonada was an unfortunate error in spelling that was corrected in an erratum, Journal of Eukaryotic Microbiology 60 (3): 321, published online March 11, 2013. 27 The clade that comprises the Metazoa and Choanoflagellata is called Choanozoa Brunet and King 2017 [Choanozoa Cavalier‐Smith et al. 1991]. 28 The clade comprising the Porifera, Trichoplax , Cnidaria, Ctenophora, and Bilateria is called Metazoa, Metazoa Haeckel 1874. 29 Although monotypic, genetic diversity of isolates indicate there are probably multiple genera, and it is probably a sister clade to Cnidaria (Schierwater and DeSalle 2018 ; and Srivastava et al. 2008 ). 30 Nucletmycea and Holomycota were proposed at about the same period and they are to be considered synonymous, but Nucletmycea has nomenclatural priority having been published first. […] This is a branch‐based definition including the most recent common ancestor of animals and choanoflagellates (the Urchoanozoan), along with all of its descendants, including Homo sapiens Linnaeus 1758 and Monosiga brevicollis Ruinen 1938. […] Although “Choanozoa” was used previously to refer to an assemblage of protists that later proved paraphyletic, that usage was not adopted, and the name is more appropriately applied as defined here.",por concepto,"pasajes donde pesa «clasificación  nota de choanozoa» (8 candidatos); es una ayuda para localizar, no un recorte por posición"
C-671,S01,S01; S134; S135,sin tipo,,sin tipo,no se reconoce la forma del localizador
C-672,S01,S01 clasificación; S129 fig. 1,figura,,no resoluble en texto,"el localizador señala una figura o tabla, que no vive en el cuerpo del texto; hay que mirarla en el PDF"
C-674,S01,S129 fig. 1; S01 clasificación,figura,,no resoluble en texto,"el localizador señala una figura o tabla, que no vive en el cuerpo del texto; hay que mirarla en el PDF"
C-676,S01,S129 fig. 1; S01 clasificación; S126 Methods y fig. 2,apartado,,no localizado,no hay sección que case con methods
C-683,S01,S01 clasificación; S124 clasificación: definición de Amorphea,concepto,"Amoebozoa, Nucletmycea, and Holozoa together form the Amorphea; The Diaphoretickes includes Crypista, Chloroplastida and Embryophyta, Rhodophyceae, Haptista, Rhizaria, Alveolata (Apicomplexa, Dinoflagellata, Ciliata), Stramenopiles and Phaeophyta. […] Classification The super‐groups utilized since 2005 (Adl et al. 2005 ; Simpson and Roger 2004 ) are revised as follows (Fig. 1): Eukaryotes now form two Domains called Amorphea and Diaphoretickes, with several additional clades that do not group into a third Domain. […] In the Amorphea, the Opisthokonta, Breviatea and Apusomonadida now form a robust clade, as noted earlier (Adl et al. 2012 ), called Obazoa.",por concepto,"pasajes donde pesa «clasificación    clasificación  definición de amorphea» (9 candidatos); es una ayuda para localizar, no un recorte por posición"
C-1682,S01,S01 introducción y clasificación; S05 tesis general,apartado,,no localizado,no hay sección que case con introducción
C-1684,S01,S378 arts. 10–11; S01 clasificación,concepto,"Cavostelium, Schizoplasmodiopsis, Tychosporium . •• • Ischnamoeba Berney, Bass & Geisen 2015 (R) Uninucleate, branching naked amoebae, cells usually thin, extended and flat, showing no well‐defined cell body, except often a slight broadening in the area containing the nucleus; never reticulate, with whole cells often bent, but not extensively branched; branching more pronounced in condensed cells or in condensed parts of individual cells; very thin pseudopodia produced almost exclusively at distal parts of cells and more pronounced in condensed organisms, often branching; movement too slow to be directly observable; ciliated stages unknown. […] Ischnamoeba . •• • Darbyshirella Berney, Bass & Geisen 2015 Multinucleate, highly branching and reticulate amoebae with slender, pointed, sometimes branched and anastomosing pseudopodia; the whole cell body is strongly branching and narrow, especially in the most extended parts, while more condensed parts are wider; posterior end usually pointed with no or few pseudopodia and no branching; many contractile vacuoles present; movement very slow; ciliated stages unknown. […] Filamoeba . • • • Heliamoeba Berney, Bass & Geisen 2015 (R) (M) Binucleate amoebae with filose‐like pseudopodia; with clearly distinct cell body always present, the pronounced pseudopodia making up most of the total cell dimension; cell body rarely branching; never reticulate; pseudopodia often branching and present mostly in the anterior and posterior parts of fully extended cells, or all around the cell body in more condensed forms; cell movement slow; ciliated stages unknown.",por concepto,"pasajes donde pesa «arts  10–11    clasificación» (8 candidatos); es una ayuda para localizar, no un recorte por posición"
C-1685,S01,S01 introducción; S05 tesis general,apartado,,no localizado,no hay sección que case con introducción
C-1716,S01,S01 introducción; esquema de clasificación,apartado,,no localizado,no hay sección que case con introducción
C-1738,S01,S01 clasificación,concepto,,no localizado,"«clasificación» no aparece en el texto completo; puede estar en una figura, una tabla o el material suplementario"
C-1740,S01,S01; S383 entrada Eukarya; S06,concepto,"Table 1 Higher ranks of the eukaryotes suggesting the position of Linnaean ranks, and the number of known genera AMORPHEA CRuMs (O) 11 Collodictyonidae (F) Rigifilida (F) Mantamonas (G) Amoebozoa 255 Incertae sedis 21 Tubulinea (P) 93 Corycida (C) Echinamoebida (C) Elardia (C) (Arcellinida 63 ) Evosea (P) 106 Variosea (C) Eumycetozoa (C) Cutosea (C) Archamoebea (C) Discosea (P) 35 Flabellinia (C) Stygamoebida (C) Centramoebia (C) Obazoa Apusomonadida (F) 6 Breviatea (F) 4 Opisthokonta Holozoa 25 (without Choanoflagellata, Porifera and Metazoa) Incertae sedis Holozoa: Corallochytrium , Syssomonas Ichtyosporea (O) Choanoflagellata (C) 57 Metazoa Porifera (P) 742 Hexactinellida (C) Homoscleromorpha (C) Demospongiae (C) Calcarea (C) Trichoplax (G/F?) Cnidaria (P) Ctenophora (P) Bilateria (K, ˜35 P) Nucletmycea Rotosphaerida (O) 9 (Fungi) ˜ 8,600 Opisthosporidia (O) Aphelidea (F) 4 Cryptomycota (F) 3 Microsporida (O?/F) > 150 Blastocladiales (O) 14 Chytridiomycetes (C) 140 Dikarya ˜8,000 Ascomycota (P) ˜6,400 Basidiomycota (P) ˜1,600 Mucoromycota (P) ˜140 Neocallimastigaceae (F) 11 Olpidium (G) Zoopagomycota (P) ˜200 DIAPHORETICKES Incertae sedis : Microhelliela maris, Ancoracysta twista , Rappemonads, Telonemia, Picozoa Cryptista (C) 21 Cryptophyceae (O) Palpitomonas (G) Haptista (P) Haptophyta (C) 80 Pavlovales (F) Prymnesiophyceae (O) Centroplasthelida (C) 16 Pterocystida (O) Panacanthocystida (O) Archaeplastida Glaucophyta (F) 4 Rhodophyceae (P) 850 Cyanidiales (O) Proteorhodophytina (O/C) Eurhodophytina (C) Chloroplastida (72,000 sp + Embryophyta) Chlorophyta (P) Ulvophyceae (C) Trebouxiophyceae (C) Chlorophyceae (C) Chlorodendrophyceae (C) Pedinophyceae (C) Chloropicophyceae (C) Picocystophyceae (C) Pyramimonadales (C) Mamiellophyceae (C) Nephroselmis (G) Pycnococcaceae (C) Palmophyllophyceae (C) Streptophyta (P) Chlorokybus atmophyticus Mesostigma viridae Klebsomidiophyceae (F) Phragmoplastophyta (C) Zygnemataceae (F) Coleochaetophyceae (O) Characeae (F) Embryophyta (K) Sar Stramenopiles (P) Bigyra (C) 49 Opalinata (O) Placidida (F) Bicosoecida (O/F) Sagenista (C) Labyrinthulomycetes (O) Pseudophyllomitidae (F?) Gyrista (C) 31 excluding Peronosporomycetes and Ochrophyta Developea (F) Hyphochytriales (O) Peronosporomycetes (C/O) 46 Pirsonia (G) Actinophryidae (F) Ochrophyta a Chrysista (C) a Chrysophyceae (O) Eustigmatales (O) Phaeophyceae (O) Raphidophycea",por concepto,"pasajes donde pesa «entrada eukarya» (3 candidatos); es una ayuda para localizar, no un recorte por posición"
C-1751,S01,S01 clasificación,concepto,,no localizado,"«clasificación» no aparece en el texto completo; puede estar en una figura, una tabla o el material suplementario"
C-1752,S01,"S01 §Classification, “There are two sister clades in Opisthokonta, the Holozoa and the Nucletmycea (/Holomycota)”",seccion,"Classification The super‐groups utilized since 2005 (Adl et al. 2005 ; Simpson and Roger 2004 ) are revised as follows (Fig. 1): Eukaryotes now form two Domains called Amorphea and Diaphoretickes, with several additional clades that do not group into a third Domain. In the Amorphea, the Opisthokonta, Breviatea and Apusomonadida now form a robust clade, as noted earlier (Adl et al. 2012 ), called Obazoa. Within the Opisthokonta, the Holozoa and Nucletmycea(/Holomycota) are robust clades with improved resolution of the basal sister lineages. In the Holozoa, the sponges and the other animals group together as the Metazoa (Porifera, Placozoa, Ctenophora, Cnidaria, Bilateria). In addition, a sister clade to the Amorphea comprising several genera was recently described as CRuMs (Brown et al. 2018 ). There are two sister clades in Opisthokonta, the Holozoa and the Nucletmycea (/Holomycota). They share several characters, including synthesis of extracellular chitin in an exoskeleton, cyst/spore wall or cell wall of filamentous growth and hyphae; the extracellular digestion of substrates with osmotrophic absorption of nutrients; and other cell biosynthetic and metabolic pathways. Genera at the base of each clade are amoeboid and phagotrophic. The Archaeplastida, Sar and several other clades remain a monophyletic clade under Diaphoretickes. The clade Cryptista comprising the cryptomonads, kathablepharids and Palpitomonas is well recognized and robust, although placement of its node within the Diaphoretickes remains problematic. In some but not all analyses, the clade appears inside the Archaeplastida. This position has always occurred from time to time in some phylogenies with weak support, but there is now stronger support for this association. We are not committed to their incl",recortado,sección «classification»
C-1756,S01,"S01 clasificación y notas; S383 entrada Opisthokonta, Composition",concepto,"It is the least inclusive clade containing Homo sapiens Linnaeus 1758 (Opisthokonta), Neurospora crassa Shear & Dodge 1927 (Opisthokonta), Pygsuia biforma Brown et al. 2013 (Breviatea) and Thecamonas trahens Larsen & Patterson 1990 (Apusomonadida). • Apusomonadida Karpov & Mylnikov 1989 Gliding cells (5–15 µm), with dorsal cell membrane underlain by thin theca extending laterally and ventrally as flanges that delimit a broad ventral region from which pseudopodia develop in most genera; with two heterodynamic cilia, the anterior enclosed by sleeve‐like extension of flanges to form a proboscis, and the posterior cilium lying within the ventral region; tubular mitochondrial cristae; phagocytosis of bacteria. […] The nomenclatural priority is given to the oldest name (and its authority) that correctly assembled genera or higher groups together into a clade, except where its composition was substantially modified. […] Clade names in this system do not change when their rank or composition changes, and it is only the authority for the name that changes when each clade description is adjusted (Cantino, 1998 Pleijel and Rouse, 2003).",por concepto,"pasajes donde pesa «clasificación y notas    entrada opisthokonta  composition» (27 candidatos); es una ayuda para localizar, no un recorte por posición"
C-1757,S01,S01 clasificación; S421 tesis general,concepto,"For & Rev Variable TCGTCGGCAGCGTCAGATGTGTATAAGAGACAG[CCAGCASCYGCGGTAATTCC] GTCTCGTGGGCTCGGAGATGTGTATAAGAGACAG[ACTTTCGTTCTTGATYRATGA] Syndiniales 18S V4, 528F & UnonMet Variable Rhizaria Cercozoa 18S V4, 3NDF & 1256R ~500 GGCAAGTCTGGTGCCAG GCACCACCACCCAYAGAATCAAGAAAGAWCTTC 18S V4 *** , 25F & 1256R 1,200 CATATGCTTGTCTCAAAGATTAAGCCA GCACCACCACCCAYAGAATCAAGAAAGAWCTTC Cyphoderiidae 25 Cox‐I, Eucox1F & Euglycox1R Variable GAYATGGCKTTNCCAAGATTAAA AGCACCCATTGAHAAAACRTAATG Foraminifera 26 18S, 14F1 & s17 300‐400 AAGGGCACCACAAGAACGC CGGTCACGTTCGTTGC Excavates Fornicata 27 EukA & EukB * Variable Parabasalia 16SI & 16S RR (or EukA & B) Variable TACTTGGTTGATCCTGCC TCACCTACCGTTACCTTG ITS‐F & ITS‐R Variable TTCAGTTCAGCGGGTCTTCC GTAGGTGAACCTGCCGTTGG Jakobida EukA ‐ EukB Variable Heterolobosea ITS1‐5.8S & ITS2, JITS‐F & JITS‐R, (or EukA & EukB) Variable GTCTTCGTAGGTGAACCTGC CCGCTTACTGATATGCTTAA Preaxostyla: Oxymonadida Mon‐F & Mon‐R Variable GAAGTCATATGCTGTCTCAA, TCACCTACGGAAACCTT Preaxostyla: Paratrimastigida, Trimastigida EukA & EukB 1,800–3,100 CTGGTTGATCCTGCCAG TGATCCTTCTGCAGGTTCACCTAC Euglenida Heterotrophs 28 See citation Varies with the primer pairs Euglenophyceae 28 See citation Varies with the primer pair Protist, general * , 27 General Medlin primers EukA‐F & EukB‐R Variable CTGGTTGATCCTGCCAG TGATCCTTCTGCAGGTTCACCTAC Protist general 21 General Stoeck primers See citation Variable * Selective amplification of species, some clades missed. ** Spizellomycetales. *** Chytridiomycota except Spizellomycetales. **** See citations for DINOREF in PR2 v.4.9.0. 1 Torruella, G., Moreira, D. & López‐García, P. 2017. […] Crawford in Round et al. 1990 Cells connected into chains by chitin threads, colonial (forming sheets), or solitary; valve outline almost always circular; valve pattern generally organized radially about a central annulus; valve structure simple or chambered; generally with one or two submarginal rimoportulae; almost all members characterized by ‘fultoportulae’ (special processes involved in chitin thread secretion); auxospores lacking perizonia; marine and freshwater. […] Chain‐forming, colonial or solitary; valve outline almost always bipolar; valve pattern organized bilaterally about an elongate axial rib (sternum), as in a feather; valve structure simple or chambered; rimoportulae generally only one or two per valve or none, sometimes accompanied (or replaced",por concepto,"pasajes donde pesa «clasificación    tesis general» (28 candidatos); es una ayuda para localizar, no un recorte por posición"
C-1760,S01,S01 clasificación; S130 fig. 1; S126 figs. 2 y 4,figura,,no resoluble en texto,"el localizador señala una figura o tabla, que no vive en el cuerpo del texto; hay que mirarla en el PDF"
C-1766,S01,S01 clasificación y nota de Choanozoa,concepto,"These are two competing phylogenetic hypotheses. 26 Choanomonada was an unfortunate error in spelling that was corrected in an erratum, Journal of Eukaryotic Microbiology 60 (3): 321, published online March 11, 2013. 27 The clade that comprises the Metazoa and Choanoflagellata is called Choanozoa Brunet and King 2017 [Choanozoa Cavalier‐Smith et al. 1991]. 28 The clade comprising the Porifera, Trichoplax , Cnidaria, Ctenophora, and Bilateria is called Metazoa, Metazoa Haeckel 1874. 29 Although monotypic, genetic diversity of isolates indicate there are probably multiple genera, and it is probably a sister clade to Cnidaria (Schierwater and DeSalle 2018 ; and Srivastava et al. 2008 ). 30 Nucletmycea and Holomycota were proposed at about the same period and they are to be considered synonymous, but Nucletmycea has nomenclatural priority having been published first. […] This is a branch‐based definition including the most recent common ancestor of animals and choanoflagellates (the Urchoanozoan), along with all of its descendants, including Homo sapiens Linnaeus 1758 and Monosiga brevicollis Ruinen 1938. […] Although “Choanozoa” was used previously to refer to an assemblage of protists that later proved paraphyletic, that usage was not adopted, and the name is more appropriately applied as defined here.",por concepto,"pasajes donde pesa «clasificación y nota de choanozoa» (8 candidatos); es una ayuda para localizar, no un recorte por posición"
C-1767,S01,S01; S135; S134,sin tipo,,sin tipo,no se reconoce la forma del localizador
C-1769,S01,S134 discusión terminológica; S01 nota de Choanozoa,apartado,,no localizado,no hay sección que case con discusión
C-1771,S01,S01 clasificación; S129 fig. 1,figura,,no resoluble en texto,"el localizador señala una figura o tabla, que no vive en el cuerpo del texto; hay que mirarla en el PDF"
C-1772,S01,S01 clasificación; S129 fig. 1,figura,,no resoluble en texto,"el localizador señala una figura o tabla, que no vive en el cuerpo del texto; hay que mirarla en el PDF"
C-1774,S01,S01; S129 fig. 1,figura,,no resoluble en texto,"el localizador señala una figura o tabla, que no vive en el cuerpo del texto; hay que mirarla en el PDF"
C-1779,S01,S01 introducción; S137 fig. 1,apartado,,no localizado,no hay sección que case con introducción
C-1780,S01,S01 clasificación; S137,concepto,,no localizado,"«clasificación» no aparece en el texto completo; puede estar en una figura, una tabla o el material suplementario"
C-1782,S01,S01 introducción; S05 tesis general,apartado,,no localizado,no hay sección que case con introducción
C-1786,S01,S01 clasificación,concepto,,no localizado,"«clasificación» no aparece en el texto completo; puede estar en una figura, una tabla o el material suplementario"
C-1788,S01,S390 título; resumen; S01 clasificación,apartado,"[abstract] Abstract This revision of the classification of eukaryotes follows that of Adl et al., 2012 [ J. Euk. Microbiol . 59(5)] and retains an emphasis on protists. Changes since have improved the resolution of many nodes in phylogenetic analyses. For some clades even families are being clearly resolved. As we had predicted, environmental sampling in the intervening years has massively increased the genetic information at hand. Consequently, we have discovered novel clades, exciting new genera and uncovered a massive species level diversity beyond the morphological species descriptions. Several clades known from environmental samples only have now found their home. Sampling soils, deeper marine waters and the deep sea will continue to fill us with surprises. The main changes in this revision are the confirmation that eukaryotes form at least two domains, the loss of monophyly in the Excavata, robust support for the Haptista and Cryptista. We provide suggested primer sets for DNA sequences from environmental samples that are effective for each clade. We have provided a guide to trophic functional guilds in an appendix, to facilitate the interpretation of environmental samples, and a standardized taxonomic guide for East Asian users. Keywords: Algae, amoebae, biodiversity, ciliate, ecology, flagellate, fungus, microbiology, parasite, plankton, protozoa, systematics, taxonomy",recortado,secciones «abstract»
C-1820,S01,S01 clasificación; S399,concepto,,no localizado,"«clasificación» no aparece en el texto completo; puede estar en una figura, una tabla o el material suplementario"
C-1825,S01,"S01 §The Revision Since 2012, “We have dropped the supergroup Excavata in favour of the informal Excavates”",seccion,,no localizado,no hay sección «the revision since 2012»
C-1826,S01,S01; S137,sin tipo,,sin tipo,no se reconoce la forma del localizador
C-1832,S01,S01; S137; S404,sin tipo,,sin tipo,no se reconoce la forma del localizador
C-1837,S01,S124 nota de Amorphea; S01,concepto,"Amoebozoa, Nucletmycea, and Holozoa together form the Amorphea; The Diaphoretickes includes Crypista, Chloroplastida and Embryophyta, Rhodophyceae, Haptista, Rhizaria, Alveolata (Apicomplexa, Dinoflagellata, Ciliata), Stramenopiles and Phaeophyta. […] Classification The super‐groups utilized since 2005 (Adl et al. 2005 ; Simpson and Roger 2004 ) are revised as follows (Fig. 1): Eukaryotes now form two Domains called Amorphea and Diaphoretickes, with several additional clades that do not group into a third Domain. […] In the Amorphea, the Opisthokonta, Breviatea and Apusomonadida now form a robust clade, as noted earlier (Adl et al. 2012 ), called Obazoa.",por concepto,"pasajes donde pesa «nota de amorphea» (12 candidatos); es una ayuda para localizar, no un recorte por posición"
C-1841,S01,S405 título y filogenia; S01 clasificación,concepto,,no localizado,"«título y filogenia    clasificación» no aparece en el texto completo; puede estar en una figura, una tabla o el material suplementario"
C-1842,S01,S406; S407; S01,sin tipo,,sin tipo,no se reconoce la forma del localizador
C-1886,S01,S01; S388 §Protozoa; S390; S392; S395,seccion,,no localizado,no hay sección «protozoa»
C-1887,S01,S01; S388; S137,sin tipo,,sin tipo,no se reconoce la forma del localizador
